"Year","Locationabbr","Locationdesc","Class","Topic","Question","Response","Break_Out","Break_Out_Category","Sample_Size","Data_value","Confidence_limit_Low","Confidence_limit_High","Display_order","Data_value_unit","Data_value_type","Data_Value_Footnote_Symbol","Data_Value_Footnote","DataSource","ClassId","TopicId","LocationID","BreakoutID","BreakOutCategoryID","QuestionID","ResponseID","GeoLocation"
2023,"AK","Alaska","Physical Activity","Aerobic Activity","Participated in 150 minutes or more of Aerobic Physical Activity per week (variable calculated from one or more BRFSS questions)","Yes","Female","Sex","1,528",63.9,61.1,66.8,"3,610","%","Crude Prevalence","","","BRFSS","CLASS15","TOPIC01",2,"SEX2","CAT2","_PAINDX3","RESP046","    (64.84507995700051, -147.72205903599973)"
2023,"AK","Alaska","Physical Activity","Physical Activity Index","Participated in enough Aerobic and Muscle Strengthening exercises to meet guidelines (variable calculated from one or more BRFSS questions)","Yes","Female","Sex","717",31.4,28.7,34,"3,666","%","Crude Prevalence","","","BRFSS","CLASS15","TOPIC45",2,"SEX2","CAT2","_PASTAE3","RESP046","    (64.84507995700051, -147.72205903599973)"
2023,"AK","Alaska","Physical Activity","Strength Activity","Participated in muscle strengthening exercises two or more times per week (variable calculated from one or more BRFSS questions)","Yes","Female","Sex","1,039",40.4,37.8,43.1,"3,722","%","Crude Prevalence","","","BRFSS","CLASS15","TOPIC56",2,"SEX2","CAT2","_PASTRNG","RESP046","    (64.84507995700051, -147.72205903599973)"
2023,"AK","Alaska","Physical Activity","Exercise","During the past month, did you participate in any physical activities? (variable calculated from one or more BRFSS questions)","Yes","Female","Sex","2,129",78.8,76.6,81,"4,414","%","Crude Prevalence","","","BRFSS","CLASS15","TOPIC23",2,"SEX2","CAT2","_TOTINDA","RESP046","    (64.84507995700051, -147.72205903599973)"
2023,"AL","Alabama","Physical Activity","Aerobic Activity","Participated in 150 minutes or more of Aerobic Physical Activity per week (variable calculated from one or more BRFSS questions)","Yes","Female","Sex","1,158",53.2,50.4,56.1,"3,610","%","Crude Prevalence","","","BRFSS","CLASS15","TOPIC01",1,"SEX2","CAT2","_PAINDX3","RESP046","    (32.84057112200048, -86.63186076199969)"
2023,"AL","Alabama","Physical Activity","Physical Activity Index","Participated in enough Aerobic and Muscle Strengthening exercises to meet guidelines (variable calculated from one or more BRFSS questions)","Yes","Female","Sex","464",21.7,19.3,24.1,"3,666","%","Crude Prevalence","","","BRFSS","CLASS15","TOPIC45",1,"SEX2","CAT2","_PASTAE3","RESP046","    (32.84057112200048, -86.63186076199969)"
2023,"AL","Alabama","Physical Activity","Strength Activity","Participated in muscle strengthening exercises two or more times per week (variable calculated from one or more BRFSS questions)","Yes","Female","Sex","755",29.5,27.1,31.9,"3,722","%","Crude Prevalence","","","BRFSS","CLASS15","TOPIC56",1,"SEX2","CAT2","_PASTRNG","RESP046","    (32.84057112200048, -86.63186076199969)"
2023,"AL","Alabama","Physical Activity","Exercise","During the past month, did you participate in any physical activities? (variable calculated from one or more BRFSS questions)","Yes","Female","Sex","1,699",67.2,64.6,69.7,"4,414","%","Crude Prevalence","","","BRFSS","CLASS15","TOPIC23",1,"SEX2","CAT2","_TOTINDA","RESP046","    (32.84057112200048, -86.63186076199969)"
2023,"AR","Arkansas","Physical Activity","Aerobic Activity","Participated in 150 minutes or more of Aerobic Physical Activity per week (variable calculated from one or more BRFSS questions)","Yes","Female","Sex","1,279",49.5,46.9,52.2,"3,610","%","Crude Prevalence","","","BRFSS","CLASS15","TOPIC01",5,"SEX2","CAT2","_PAINDX3","RESP046","    (34.74865012400045, -92.27449074299966)"
2023,"AR","Arkansas","Physical Activity","Physical Activity Index","Participated in enough Aerobic and Muscle Strengthening exercises to meet guidelines (variable calculated from one or more BRFSS questions)","Yes","Female","Sex","598",23.5,21.3,25.8,"3,666","%","Crude Prevalence","","","BRFSS","CLASS15","TOPIC45",5,"SEX2","CAT2","_PASTAE3","RESP046","    (34.74865012400045, -92.27449074299966)"
2023,"AR","Arkansas","Physical Activity","Strength Activity","Participated in muscle strengthening exercises two or more times per week (variable calculated from one or more BRFSS questions)","Yes","Female","Sex","1,049",35.5,33.1,37.8,"3,722","%","Crude Prevalence","","","BRFSS","CLASS15","TOPIC56",5,"SEX2","CAT2","_PASTRNG","RESP046","    (34.74865012400045, -92.27449074299966)"
2023,"AR","Arkansas","Physical Activity","Exercise","During the past month, did you participate in any physical activities? (variable calculated from one or more BRFSS questions)","Yes","Female","Sex","1,898",64.3,61.9,66.6,"4,414","%","Crude Prevalence","","","BRFSS","CLASS15","TOPIC23",5,"SEX2","CAT2","_TOTINDA","RESP046","    (34.74865012400045, -92.27449074299966)"
2023,"AZ","Arizona","Physical Activity","Aerobic Activity","Participated in 150 minutes or more of Aerobic Physical Activity per week (variable calculated from one or more BRFSS questions)","Yes","Female","Sex","3,505",60.6,58.6,62.6,"3,610","%","Crude Prevalence","","","BRFSS","CLASS15","TOPIC01",4,"SEX2","CAT2","_PAINDX3","RESP046","    (34.865970280000454, -111.76381127699972)"
2023,"AZ","Arizona","Physical Activity","Physical Activity Index","Participated in enough Aerobic and Muscle Strengthening exercises to meet guidelines (variable calculated from one or more BRFSS questions)","Yes","Female","Sex","1,688",29.4,27.5,31.3,"3,666","%","Crude Prevalence","","","BRFSS","CLASS15","TOPIC45",4,"SEX2","CAT2","_PASTAE3","RESP046","    (34.865970280000454, -111.76381127699972)"
2023,"AZ","Arizona","Physical Activity","Strength Activity","Participated in muscle strengthening exercises two or more times per week (variable calculated from one or more BRFSS questions)","Yes","Female","Sex","2,534",40.1,38.2,42.1,"3,722","%","Crude Prevalence","","","BRFSS","CLASS15","TOPIC56",4,"SEX2","CAT2","_PASTRNG","RESP046","    (34.865970280000454, -111.76381127699972)"
2023,"AZ","Arizona","Physical Activity","Exercise","During the past month, did you participate in any physical activities? (variable calculated from one or more BRFSS questions)","Yes","Female","Sex","4,862",75.6,73.9,77.2,"4,414","%","Crude Prevalence","","","BRFSS","CLASS15","TOPIC23",4,"SEX2","CAT2","_TOTINDA","RESP046","    (34.865970280000454, -111.76381127699972)"
2023,"CA","California","Physical Activity","Aerobic Activity","Participated in 150 minutes or more of Aerobic Physical Activity per week (variable calculated from one or more BRFSS questions)","Yes","Female","Sex","3,138",61.4,59.3,63.4,"3,610","%","Crude Prevalence","","","BRFSS","CLASS15","TOPIC01",6,"SEX2","CAT2","_PAINDX3","RESP046","    (37.63864012300047, -120.99999953799971)"
2023,"CA","California","Physical Activity","Physical Activity Index","Participated in enough Aerobic and Muscle Strengthening exercises to meet guidelines (variable calculated from one or more BRFSS questions)","Yes","Female","Sex","1,340",25.9,24,27.8,"3,666","%","Crude Prevalence","","","BRFSS","CLASS15","TOPIC45",6,"SEX2","CAT2","_PASTAE3","RESP046","    (37.63864012300047, -120.99999953799971)"
2023,"CA","California","Physical Activity","Strength Activity","Participated in muscle strengthening exercises two or more times per week (variable calculated from one or more BRFSS questions)","Yes","Female","Sex","2,012",34.5,32.6,36.4,"3,722","%","Crude Prevalence","","","BRFSS","CLASS15","TOPIC56",6,"SEX2","CAT2","_PASTRNG","RESP046","    (37.63864012300047, -120.99999953799971)"
2023,"CA","California","Physical Activity","Exercise","During the past month, did you participate in any physical activities? (variable calculated from one or more BRFSS questions)","Yes","Female","Sex","4,354",75.3,73.6,77,"4,414","%","Crude Prevalence","","","BRFSS","CLASS15","TOPIC23",6,"SEX2","CAT2","_TOTINDA","RESP046","    (37.63864012300047, -120.99999953799971)"
2023,"CO","Colorado","Physical Activity","Aerobic Activity","Participated in 150 minutes or more of Aerobic Physical Activity per week (variable calculated from one or more BRFSS questions)","Yes","Female","Sex","2,578",66.6,64.7,68.5,"3,610","%","Crude Prevalence","","","BRFSS","CLASS15","TOPIC01",8,"SEX2","CAT2","_PAINDX3","RESP046","    (38.843840757000464, -106.13361092099967)"
2023,"CO","Colorado","Physical Activity","Physical Activity Index","Participated in enough Aerobic and Muscle Strengthening exercises to meet guidelines (variable calculated from one or more BRFSS questions)","Yes","Female","Sex","1,262",33.4,31.4,35.3,"3,666","%","Crude Prevalence","","","BRFSS","CLASS15","TOPIC45",8,"SEX2","CAT2","_PASTAE3","RESP046","    (38.843840757000464, -106.13361092099967)"
2023,"CO","Colorado","Physical Activity","Strength Activity","Participated in muscle strengthening exercises two or more times per week (variable calculated from one or more BRFSS questions)","Yes","Female","Sex","1,793",41.5,39.6,43.4,"3,722","%","Crude Prevalence","","","BRFSS","CLASS15","TOPIC56",8,"SEX2","CAT2","_PASTRNG","RESP046","    (38.843840757000464, -106.13361092099967)"
2023,"CO","Colorado","Physical Activity","Exercise","During the past month, did you participate in any physical activities? (variable calculated from one or more BRFSS questions)","Yes","Female","Sex","3,572",81.5,80,83,"4,414","%","Crude Prevalence","","","BRFSS","CLASS15","TOPIC23",8,"SEX2","CAT2","_TOTINDA","RESP046","    (38.843840757000464, -106.13361092099967)"
2023,"CT","Connecticut","Physical Activity","Aerobic Activity","Participated in 150 minutes or more of Aerobic Physical Activity per week (variable calculated from one or more BRFSS questions)","Yes","Female","Sex","2,379",54.2,51.7,56.7,"3,610","%","Crude Prevalence","","","BRFSS","CLASS15","TOPIC01",9,"SEX2","CAT2","_PAINDX3","RESP046","    (41.56266102000046, -72.64984095199964)"
2023,"CT","Connecticut","Physical Activity","Physical Activity Index","Participated in enough Aerobic and Muscle Strengthening exercises to meet guidelines (variable calculated from one or more BRFSS questions)","Yes","Female","Sex","1,188",27.6,25.4,29.8,"3,666","%","Crude Prevalence","","","BRFSS","CLASS15","TOPIC45",9,"SEX2","CAT2","_PASTAE3","RESP046","    (41.56266102000046, -72.64984095199964)"
2023,"CT","Connecticut","Physical Activity","Strength Activity","Participated in muscle strengthening exercises two or more times per week (variable calculated from one or more BRFSS questions)","Yes","Female","Sex","1,894",39.5,37.3,41.8,"3,722","%","Crude Prevalence","","","BRFSS","CLASS15","TOPIC56",9,"SEX2","CAT2","_PASTRNG","RESP046","    (41.56266102000046, -72.64984095199964)"
2023,"CT","Connecticut","Physical Activity","Exercise","During the past month, did you participate in any physical activities? (variable calculated from one or more BRFSS questions)","Yes","Female","Sex","3,574",71.5,69.4,73.6,"4,414","%","Crude Prevalence","","","BRFSS","CLASS15","TOPIC23",9,"SEX2","CAT2","_TOTINDA","RESP046","    (41.56266102000046, -72.64984095199964)"
2023,"DC","District of Columbia","Physical Activity","Aerobic Activity","Participated in 150 minutes or more of Aerobic Physical Activity per week (variable calculated from one or more BRFSS questions)","Yes","Female","Sex","1,044",65.8,62.2,69.4,"3,610","%","Crude Prevalence","","","BRFSS","CLASS15","TOPIC01",11,"SEX2","CAT2","_PAINDX3","RESP046","    (38.89037138500049, -77.03196112699965)"
2023,"DC","District of Columbia","Physical Activity","Physical Activity Index","Participated in enough Aerobic and Muscle Strengthening exercises to meet guidelines (variable calculated from one or more BRFSS questions)","Yes","Female","Sex","533",35.2,31.7,38.8,"3,666","%","Crude Prevalence","","","BRFSS","CLASS15","TOPIC45",11,"SEX2","CAT2","_PASTAE3","RESP046","    (38.89037138500049, -77.03196112699965)"
2023,"DC","District of Columbia","Physical Activity","Strength Activity","Participated in muscle strengthening exercises two or more times per week (variable calculated from one or more BRFSS questions)","Yes","Female","Sex","759",43.8,40.3,47.3,"3,722","%","Crude Prevalence","","","BRFSS","CLASS15","TOPIC56",11,"SEX2","CAT2","_PASTRNG","RESP046","    (38.89037138500049, -77.03196112699965)"
2023,"DC","District of Columbia","Physical Activity","Exercise","During the past month, did you participate in any physical activities? (variable calculated from one or more BRFSS questions)","Yes","Female","Sex","1,474",82.4,79.6,85.1,"4,414","%","Crude Prevalence","","","BRFSS","CLASS15","TOPIC23",11,"SEX2","CAT2","_TOTINDA","RESP046","    (38.89037138500049, -77.03196112699965)"
2023,"DE","Delaware","Physical Activity","Aerobic Activity","Participated in 150 minutes or more of Aerobic Physical Activity per week (variable calculated from one or more BRFSS questions)","Yes","Female","Sex","1,178",57.8,54.6,60.9,"3,610","%","Crude Prevalence","","","BRFSS","CLASS15","TOPIC01",10,"SEX2","CAT2","_PAINDX3","RESP046","    (39.008830667000495, -75.57774116799965)"
2023,"DE","Delaware","Physical Activity","Physical Activity Index","Participated in enough Aerobic and Muscle Strengthening exercises to meet guidelines (variable calculated from one or more BRFSS questions)","Yes","Female","Sex","513",24.9,22.1,27.6,"3,666","%","Crude Prevalence","","","BRFSS","CLASS15","TOPIC45",10,"SEX2","CAT2","_PASTAE3","RESP046","    (39.008830667000495, -75.57774116799965)"
2023,"DE","Delaware","Physical Activity","Strength Activity","Participated in muscle strengthening exercises two or more times per week (variable calculated from one or more BRFSS questions)","Yes","Female","Sex","803",34.3,31.5,37.2,"3,722","%","Crude Prevalence","","","BRFSS","CLASS15","TOPIC56",10,"SEX2","CAT2","_PASTRNG","RESP046","    (39.008830667000495, -75.57774116799965)"
2023,"DE","Delaware","Physical Activity","Exercise","During the past month, did you participate in any physical activities? (variable calculated from one or more BRFSS questions)","Yes","Female","Sex","1,677",70.9,68.2,73.5,"4,414","%","Crude Prevalence","","","BRFSS","CLASS15","TOPIC23",10,"SEX2","CAT2","_TOTINDA","RESP046","    (39.008830667000495, -75.57774116799965)"
2023,"FL","Florida","Physical Activity","Aerobic Activity","Participated in 150 minutes or more of Aerobic Physical Activity per week (variable calculated from one or more BRFSS questions)","Yes","Female","Sex","3,700",56.5,53.8,59.2,"3,610","%","Crude Prevalence","","","BRFSS","CLASS15","TOPIC01",12,"SEX2","CAT2","_PAINDX3","RESP046","    (28.932040377000476, -81.92896053899966)"
2023,"FL","Florida","Physical Activity","Physical Activity Index","Participated in enough Aerobic and Muscle Strengthening exercises to meet guidelines (variable calculated from one or more BRFSS questions)","Yes","Female","Sex","1,752",27.8,25.4,30.2,"3,666","%","Crude Prevalence","","","BRFSS","CLASS15","TOPIC45",12,"SEX2","CAT2","_PASTAE3","RESP046","    (28.932040377000476, -81.92896053899966)"
2023,"FL","Florida","Physical Activity","Strength Activity","Participated in muscle strengthening exercises two or more times per week (variable calculated from one or more BRFSS questions)","Yes","Female","Sex","2,759",39.3,36.8,41.8,"3,722","%","Crude Prevalence","","","BRFSS","CLASS15","TOPIC56",12,"SEX2","CAT2","_PASTRNG","RESP046","    (28.932040377000476, -81.92896053899966)"
2023,"FL","Florida","Physical Activity","Exercise","During the past month, did you participate in any physical activities? (variable calculated from one or more BRFSS questions)","Yes","Female","Sex","5,123",72.2,69.9,74.5,"4,414","%","Crude Prevalence","","","BRFSS","CLASS15","TOPIC23",12,"SEX2","CAT2","_TOTINDA","RESP046","    (28.932040377000476, -81.92896053899966)"
2023,"GA","Georgia","Physical Activity","Aerobic Activity","Participated in 150 minutes or more of Aerobic Physical Activity per week (variable calculated from one or more BRFSS questions)","Yes","Female","Sex","2,265",57.3,54.9,59.6,"3,610","%","Crude Prevalence","","","BRFSS","CLASS15","TOPIC01",13,"SEX2","CAT2","_PAINDX3","RESP046","    (32.83968109300048, -83.62758034599966)"
2023,"GA","Georgia","Physical Activity","Physical Activity Index","Participated in enough Aerobic and Muscle Strengthening exercises to meet guidelines (variable calculated from one or more BRFSS questions)","Yes","Female","Sex","1,067",27.3,25.1,29.4,"3,666","%","Crude Prevalence","","","BRFSS","CLASS15","TOPIC45",13,"SEX2","CAT2","_PASTAE3","RESP046","    (32.83968109300048, -83.62758034599966)"
2023,"GA","Georgia","Physical Activity","Strength Activity","Participated in muscle strengthening exercises two or more times per week (variable calculated from one or more BRFSS questions)","Yes","Female","Sex","1,730",38.5,36.3,40.7,"3,722","%","Crude Prevalence","","","BRFSS","CLASS15","TOPIC56",13,"SEX2","CAT2","_PASTRNG","RESP046","    (32.83968109300048, -83.62758034599966)"
2023,"GA","Georgia","Physical Activity","Exercise","During the past month, did you participate in any physical activities? (variable calculated from one or more BRFSS questions)","Yes","Female","Sex","3,255",73,71.1,74.9,"4,414","%","Crude Prevalence","","","BRFSS","CLASS15","TOPIC23",13,"SEX2","CAT2","_TOTINDA","RESP046","    (32.83968109300048, -83.62758034599966)"
2023,"GU","Guam","Physical Activity","Aerobic Activity","Participated in 150 minutes or more of Aerobic Physical Activity per week (variable calculated from one or more BRFSS questions)","Yes","Female","Sex","324",51.3,45.1,57.5,"3,610","%","Crude Prevalence","","","BRFSS","CLASS15","TOPIC01",66,"SEX2","CAT2","_PAINDX3","RESP046","    (13.444304, 144.793731)"
2023,"GU","Guam","Physical Activity","Physical Activity Index","Participated in enough Aerobic and Muscle Strengthening exercises to meet guidelines (variable calculated from one or more BRFSS questions)","Yes","Female","Sex","163",28.2,22.1,34.3,"3,666","%","Crude Prevalence","","","BRFSS","CLASS15","TOPIC45",66,"SEX2","CAT2","_PASTAE3","RESP046","    (13.444304, 144.793731)"
2023,"GU","Guam","Physical Activity","Strength Activity","Participated in muscle strengthening exercises two or more times per week (variable calculated from one or more BRFSS questions)","Yes","Female","Sex","282",37.2,31.5,43,"3,722","%","Crude Prevalence","","","BRFSS","CLASS15","TOPIC56",66,"SEX2","CAT2","_PASTRNG","RESP046","    (13.444304, 144.793731)"
2023,"GU","Guam","Physical Activity","Exercise","During the past month, did you participate in any physical activities? (variable calculated from one or more BRFSS questions)","Yes","Female","Sex","468",64.1,58.6,69.6,"4,414","%","Crude Prevalence","","","BRFSS","CLASS15","TOPIC23",66,"SEX2","CAT2","_TOTINDA","RESP046","    (13.444304, 144.793731)"
2023,"HI","Hawaii","Physical Activity","Aerobic Activity","Participated in 150 minutes or more of Aerobic Physical Activity per week (variable calculated from one or more BRFSS questions)","Yes","Female","Sex","2,308",59,56.5,61.6,"3,610","%","Crude Prevalence","","","BRFSS","CLASS15","TOPIC01",15,"SEX2","CAT2","_PAINDX3","RESP046","    (21.304850435000446, -157.85774940299973)"
2023,"HI","Hawaii","Physical Activity","Physical Activity Index","Participated in enough Aerobic and Muscle Strengthening exercises to meet guidelines (variable calculated from one or more BRFSS questions)","Yes","Female","Sex","1,036",25.2,23.2,27.2,"3,666","%","Crude Prevalence","","","BRFSS","CLASS15","TOPIC45",15,"SEX2","CAT2","_PASTAE3","RESP046","    (21.304850435000446, -157.85774940299973)"
2023,"HI","Hawaii","Physical Activity","Strength Activity","Participated in muscle strengthening exercises two or more times per week (variable calculated from one or more BRFSS questions)","Yes","Female","Sex","1,566",35.5,33.3,37.7,"3,722","%","Crude Prevalence","","","BRFSS","CLASS15","TOPIC56",15,"SEX2","CAT2","_PASTRNG","RESP046","    (21.304850435000446, -157.85774940299973)"
2023,"HI","Hawaii","Physical Activity","Exercise","During the past month, did you participate in any physical activities? (variable calculated from one or more BRFSS questions)","Yes","Female","Sex","3,164",74.7,72.6,76.9,"4,414","%","Crude Prevalence","","","BRFSS","CLASS15","TOPIC23",15,"SEX2","CAT2","_TOTINDA","RESP046","    (21.304850435000446, -157.85774940299973)"
2023,"IA","Iowa","Physical Activity","Aerobic Activity","Participated in 150 minutes or more of Aerobic Physical Activity per week (variable calculated from one or more BRFSS questions)","Yes","Female","Sex","2,191",57.8,55.7,59.8,"3,610","%","Crude Prevalence","","","BRFSS","CLASS15","TOPIC01",19,"SEX2","CAT2","_PAINDX3","RESP046","    (42.46940091300047, -93.81649055599968)"
2023,"IA","Iowa","Physical Activity","Physical Activity Index","Participated in enough Aerobic and Muscle Strengthening exercises to meet guidelines (variable calculated from one or more BRFSS questions)","Yes","Female","Sex","937",24.9,23.1,26.8,"3,666","%","Crude Prevalence","","","BRFSS","CLASS15","TOPIC45",19,"SEX2","CAT2","_PASTAE3","RESP046","    (42.46940091300047, -93.81649055599968)"
2023,"IA","Iowa","Physical Activity","Strength Activity","Participated in muscle strengthening exercises two or more times per week (variable calculated from one or more BRFSS questions)","Yes","Female","Sex","1,482",33.7,31.9,35.6,"3,722","%","Crude Prevalence","","","BRFSS","CLASS15","TOPIC56",19,"SEX2","CAT2","_PASTRNG","RESP046","    (42.46940091300047, -93.81649055599968)"
2023,"IA","Iowa","Physical Activity","Exercise","During the past month, did you participate in any physical activities? (variable calculated from one or more BRFSS questions)","Yes","Female","Sex","3,297",74.9,73.2,76.5,"4,414","%","Crude Prevalence","","","BRFSS","CLASS15","TOPIC23",19,"SEX2","CAT2","_TOTINDA","RESP046","    (42.46940091300047, -93.81649055599968)"
2023,"ID","Idaho","Physical Activity","Aerobic Activity","Participated in 150 minutes or more of Aerobic Physical Activity per week (variable calculated from one or more BRFSS questions)","Yes","Female","Sex","1,785",63.6,61.2,66.1,"3,610","%","Crude Prevalence","","","BRFSS","CLASS15","TOPIC01",16,"SEX2","CAT2","_PAINDX3","RESP046","    (43.682630005000476, -114.3637300419997)"
2023,"ID","Idaho","Physical Activity","Physical Activity Index","Participated in enough Aerobic and Muscle Strengthening exercises to meet guidelines (variable calculated from one or more BRFSS questions)","Yes","Female","Sex","704",27.3,24.9,29.6,"3,666","%","Crude Prevalence","","","BRFSS","CLASS15","TOPIC45",16,"SEX2","CAT2","_PASTAE3","RESP046","    (43.682630005000476, -114.3637300419997)"
2023,"ID","Idaho","Physical Activity","Strength Activity","Participated in muscle strengthening exercises two or more times per week (variable calculated from one or more BRFSS questions)","Yes","Female","Sex","1,094",35.8,33.4,38.2,"3,722","%","Crude Prevalence","","","BRFSS","CLASS15","TOPIC56",16,"SEX2","CAT2","_PASTRNG","RESP046","    (43.682630005000476, -114.3637300419997)"
2023,"ID","Idaho","Physical Activity","Exercise","During the past month, did you participate in any physical activities? (variable calculated from one or more BRFSS questions)","Yes","Female","Sex","2,548",78,76.2,79.9,"4,414","%","Crude Prevalence","","","BRFSS","CLASS15","TOPIC23",16,"SEX2","CAT2","_TOTINDA","RESP046","    (43.682630005000476, -114.3637300419997)"
2023,"IL","Illinois","Physical Activity","Aerobic Activity","Participated in 150 minutes or more of Aerobic Physical Activity per week (variable calculated from one or more BRFSS questions)","Yes","Female","Sex","1,406",60.4,57.6,63.3,"3,610","%","Crude Prevalence","","","BRFSS","CLASS15","TOPIC01",17,"SEX2","CAT2","_PAINDX3","RESP046","    (40.48501028300046, -88.99771017799969)"
2023,"IL","Illinois","Physical Activity","Physical Activity Index","Participated in enough Aerobic and Muscle Strengthening exercises to meet guidelines (variable calculated from one or more BRFSS questions)","Yes","Female","Sex","656",28.2,25.6,30.7,"3,666","%","Crude Prevalence","","","BRFSS","CLASS15","TOPIC45",17,"SEX2","CAT2","_PASTAE3","RESP046","    (40.48501028300046, -88.99771017799969)"
2023,"IL","Illinois","Physical Activity","Strength Activity","Participated in muscle strengthening exercises two or more times per week (variable calculated from one or more BRFSS questions)","Yes","Female","Sex","978",36.7,34.2,39.3,"3,722","%","Crude Prevalence","","","BRFSS","CLASS15","TOPIC56",17,"SEX2","CAT2","_PASTRNG","RESP046","    (40.48501028300046, -88.99771017799969)"
2023,"IL","Illinois","Physical Activity","Exercise","During the past month, did you participate in any physical activities? (variable calculated from one or more BRFSS questions)","Yes","Female","Sex","2,049",77.9,75.6,80.1,"4,414","%","Crude Prevalence","","","BRFSS","CLASS15","TOPIC23",17,"SEX2","CAT2","_TOTINDA","RESP046","    (40.48501028300046, -88.99771017799969)"
2023,"IN","Indiana","Physical Activity","Aerobic Activity","Participated in 150 minutes or more of Aerobic Physical Activity per week (variable calculated from one or more BRFSS questions)","Yes","Female","Sex","3,025",58.1,56.3,59.9,"3,610","%","Crude Prevalence","","","BRFSS","CLASS15","TOPIC01",18,"SEX2","CAT2","_PAINDX3","RESP046","    (39.766910452000445, -86.14996019399968)"
2023,"IN","Indiana","Physical Activity","Physical Activity Index","Participated in enough Aerobic and Muscle Strengthening exercises to meet guidelines (variable calculated from one or more BRFSS questions)","Yes","Female","Sex","1,348",26.1,24.5,27.7,"3,666","%","Crude Prevalence","","","BRFSS","CLASS15","TOPIC45",18,"SEX2","CAT2","_PASTAE3","RESP046","    (39.766910452000445, -86.14996019399968)"
2023,"IN","Indiana","Physical Activity","Strength Activity","Participated in muscle strengthening exercises two or more times per week (variable calculated from one or more BRFSS questions)","Yes","Female","Sex","2,121",36.5,34.8,38.1,"3,722","%","Crude Prevalence","","","BRFSS","CLASS15","TOPIC56",18,"SEX2","CAT2","_PASTRNG","RESP046","    (39.766910452000445, -86.14996019399968)"
2023,"IN","Indiana","Physical Activity","Exercise","During the past month, did you participate in any physical activities? (variable calculated from one or more BRFSS questions)","Yes","Female","Sex","4,206",71.9,70.4,73.4,"4,414","%","Crude Prevalence","","","BRFSS","CLASS15","TOPIC23",18,"SEX2","CAT2","_TOTINDA","RESP046","    (39.766910452000445, -86.14996019399968)"
2023,"KS","Kansas","Physical Activity","Aerobic Activity","Participated in 150 minutes or more of Aerobic Physical Activity per week (variable calculated from one or more BRFSS questions)","Yes","Female","Sex","2,492",55.8,53.7,57.9,"3,610","%","Crude Prevalence","","","BRFSS","CLASS15","TOPIC01",20,"SEX2","CAT2","_PAINDX3","RESP046","    (38.34774030000045, -98.20078122699965)"
2023,"KS","Kansas","Physical Activity","Physical Activity Index","Participated in enough Aerobic and Muscle Strengthening exercises to meet guidelines (variable calculated from one or more BRFSS questions)","Yes","Female","Sex","1,037",23.9,22.1,25.7,"3,666","%","Crude Prevalence","","","BRFSS","CLASS15","TOPIC45",20,"SEX2","CAT2","_PASTAE3","RESP046","    (38.34774030000045, -98.20078122699965)"
2023,"KS","Kansas","Physical Activity","Strength Activity","Participated in muscle strengthening exercises two or more times per week (variable calculated from one or more BRFSS questions)","Yes","Female","Sex","1,698",35,33.1,36.9,"3,722","%","Crude Prevalence","","","BRFSS","CLASS15","TOPIC56",20,"SEX2","CAT2","_PASTRNG","RESP046","    (38.34774030000045, -98.20078122699965)"
2023,"KS","Kansas","Physical Activity","Exercise","During the past month, did you participate in any physical activities? (variable calculated from one or more BRFSS questions)","Yes","Female","Sex","3,656",73.2,71.5,74.9,"4,414","%","Crude Prevalence","","","BRFSS","CLASS15","TOPIC23",20,"SEX2","CAT2","_TOTINDA","RESP046","    (38.34774030000045, -98.20078122699965)"
2023,"LA","Louisiana","Physical Activity","Aerobic Activity","Participated in 150 minutes or more of Aerobic Physical Activity per week (variable calculated from one or more BRFSS questions)","Yes","Female","Sex","1,276",50.9,48.3,53.4,"3,610","%","Crude Prevalence","","","BRFSS","CLASS15","TOPIC01",22,"SEX2","CAT2","_PAINDX3","RESP046","    (31.31266064400046, -92.44568007099969)"
2023,"LA","Louisiana","Physical Activity","Physical Activity Index","Participated in enough Aerobic and Muscle Strengthening exercises to meet guidelines (variable calculated from one or more BRFSS questions)","Yes","Female","Sex","566",24.2,21.9,26.4,"3,666","%","Crude Prevalence","","","BRFSS","CLASS15","TOPIC45",22,"SEX2","CAT2","_PASTAE3","RESP046","    (31.31266064400046, -92.44568007099969)"
2023,"LA","Louisiana","Physical Activity","Strength Activity","Participated in muscle strengthening exercises two or more times per week (variable calculated from one or more BRFSS questions)","Yes","Female","Sex","950",36.5,34.1,38.9,"3,722","%","Crude Prevalence","","","BRFSS","CLASS15","TOPIC56",22,"SEX2","CAT2","_PASTRNG","RESP046","    (31.31266064400046, -92.44568007099969)"
2023,"LA","Louisiana","Physical Activity","Exercise","During the past month, did you participate in any physical activities? (variable calculated from one or more BRFSS questions)","Yes","Female","Sex","1,892",66.4,64.2,68.6,"4,414","%","Crude Prevalence","","","BRFSS","CLASS15","TOPIC23",22,"SEX2","CAT2","_TOTINDA","RESP046","    (31.31266064400046, -92.44568007099969)"
2023,"MA","Massachusetts","Physical Activity","Aerobic Activity","Participated in 150 minutes or more of Aerobic Physical Activity per week (variable calculated from one or more BRFSS questions)","Yes","Female","Sex","2,666",62,59.7,64.3,"3,610","%","Crude Prevalence","","","BRFSS","CLASS15","TOPIC01",25,"SEX2","CAT2","_PAINDX3","RESP046","    (42.27687047000046, -72.08269067499964)"
2023,"MA","Massachusetts","Physical Activity","Physical Activity Index","Participated in enough Aerobic and Muscle Strengthening exercises to meet guidelines (variable calculated from one or more BRFSS questions)","Yes","Female","Sex","1,256",29.8,27.7,32,"3,666","%","Crude Prevalence","","","BRFSS","CLASS15","TOPIC45",25,"SEX2","CAT2","_PASTAE3","RESP046","    (42.27687047000046, -72.08269067499964)"
2023,"MA","Massachusetts","Physical Activity","Strength Activity","Participated in muscle strengthening exercises two or more times per week (variable calculated from one or more BRFSS questions)","Yes","Female","Sex","1,859",39.5,37.3,41.6,"3,722","%","Crude Prevalence","","","BRFSS","CLASS15","TOPIC56",25,"SEX2","CAT2","_PASTRNG","RESP046","    (42.27687047000046, -72.08269067499964)"
2023,"MA","Massachusetts","Physical Activity","Exercise","During the past month, did you participate in any physical activities? (variable calculated from one or more BRFSS questions)","Yes","Female","Sex","3,801",76.1,74.2,78,"4,414","%","Crude Prevalence","","","BRFSS","CLASS15","TOPIC23",25,"SEX2","CAT2","_TOTINDA","RESP046","    (42.27687047000046, -72.08269067499964)"
2023,"MD","Maryland","Physical Activity","Aerobic Activity","Participated in 150 minutes or more of Aerobic Physical Activity per week (variable calculated from one or more BRFSS questions)","Yes","Female","Sex","4,645",56.9,55,58.7,"3,610","%","Crude Prevalence","","","BRFSS","CLASS15","TOPIC01",24,"SEX2","CAT2","_PAINDX3","RESP046","    (39.29058096400047, -76.60926011099963)"
2023,"MD","Maryland","Physical Activity","Physical Activity Index","Participated in enough Aerobic and Muscle Strengthening exercises to meet guidelines (variable calculated from one or more BRFSS questions)","Yes","Female","Sex","2,233",28.2,26.5,29.8,"3,666","%","Crude Prevalence","","","BRFSS","CLASS15","TOPIC45",24,"SEX2","CAT2","_PASTAE3","RESP046","    (39.29058096400047, -76.60926011099963)"
2023,"MD","Maryland","Physical Activity","Strength Activity","Participated in muscle strengthening exercises two or more times per week (variable calculated from one or more BRFSS questions)","Yes","Female","Sex","3,471",37.7,36.1,39.4,"3,722","%","Crude Prevalence","","","BRFSS","CLASS15","TOPIC56",24,"SEX2","CAT2","_PASTRNG","RESP046","    (39.29058096400047, -76.60926011099963)"
2023,"MD","Maryland","Physical Activity","Exercise","During the past month, did you participate in any physical activities? (variable calculated from one or more BRFSS questions)","Yes","Female","Sex","6,856",74.2,72.8,75.7,"4,414","%","Crude Prevalence","","","BRFSS","CLASS15","TOPIC23",24,"SEX2","CAT2","_TOTINDA","RESP046","    (39.29058096400047, -76.60926011099963)"
2023,"ME","Maine","Physical Activity","Aerobic Activity","Participated in 150 minutes or more of Aerobic Physical Activity per week (variable calculated from one or more BRFSS questions)","Yes","Female","Sex","3,782",65.1,63.2,66.9,"3,610","%","Crude Prevalence","","","BRFSS","CLASS15","TOPIC01",23,"SEX2","CAT2","_PAINDX3","RESP046","    (45.254228894000505, -68.98503133599962)"
2023,"ME","Maine","Physical Activity","Physical Activity Index","Participated in enough Aerobic and Muscle Strengthening exercises to meet guidelines (variable calculated from one or more BRFSS questions)","Yes","Female","Sex","1,727",29.7,27.9,31.6,"3,666","%","Crude Prevalence","","","BRFSS","CLASS15","TOPIC45",23,"SEX2","CAT2","_PASTAE3","RESP046","    (45.254228894000505, -68.98503133599962)"
2023,"ME","Maine","Physical Activity","Strength Activity","Participated in muscle strengthening exercises two or more times per week (variable calculated from one or more BRFSS questions)","Yes","Female","Sex","2,461",36.6,34.8,38.5,"3,722","%","Crude Prevalence","","","BRFSS","CLASS15","TOPIC56",23,"SEX2","CAT2","_PASTRNG","RESP046","    (45.254228894000505, -68.98503133599962)"
2023,"ME","Maine","Physical Activity","Exercise","During the past month, did you participate in any physical activities? (variable calculated from one or more BRFSS questions)","Yes","Female","Sex","5,044",76.9,75.4,78.4,"4,414","%","Crude Prevalence","","","BRFSS","CLASS15","TOPIC23",23,"SEX2","CAT2","_TOTINDA","RESP046","    (45.254228894000505, -68.98503133599962)"
2023,"MI","Michigan","Physical Activity","Aerobic Activity","Participated in 150 minutes or more of Aerobic Physical Activity per week (variable calculated from one or more BRFSS questions)","Yes","Female","Sex","2,793",57,54.9,59,"3,610","%","Crude Prevalence","","","BRFSS","CLASS15","TOPIC01",26,"SEX2","CAT2","_PAINDX3","RESP046","    (44.6613195430005, -84.71439026999968)"
2023,"MI","Michigan","Physical Activity","Physical Activity Index","Participated in enough Aerobic and Muscle Strengthening exercises to meet guidelines (variable calculated from one or more BRFSS questions)","Yes","Female","Sex","1,339",27.4,25.6,29.2,"3,666","%","Crude Prevalence","","","BRFSS","CLASS15","TOPIC45",26,"SEX2","CAT2","_PASTAE3","RESP046","    (44.6613195430005, -84.71439026999968)"
2023,"MI","Michigan","Physical Activity","Strength Activity","Participated in muscle strengthening exercises two or more times per week (variable calculated from one or more BRFSS questions)","Yes","Female","Sex","2,040",38.3,36.5,40.2,"3,722","%","Crude Prevalence","","","BRFSS","CLASS15","TOPIC56",26,"SEX2","CAT2","_PASTRNG","RESP046","    (44.6613195430005, -84.71439026999968)"
2023,"MI","Michigan","Physical Activity","Exercise","During the past month, did you participate in any physical activities? (variable calculated from one or more BRFSS questions)","Yes","Female","Sex","3,926",72.3,70.6,74.1,"4,414","%","Crude Prevalence","","","BRFSS","CLASS15","TOPIC23",26,"SEX2","CAT2","_TOTINDA","RESP046","    (44.6613195430005, -84.71439026999968)"
2023,"MN","Minnesota","Physical Activity","Aerobic Activity","Participated in 150 minutes or more of Aerobic Physical Activity per week (variable calculated from one or more BRFSS questions)","Yes","Female","Sex","4,291",60.6,58.9,62.4,"3,610","%","Crude Prevalence","","","BRFSS","CLASS15","TOPIC01",27,"SEX2","CAT2","_PAINDX3","RESP046","    (46.35564873600049, -94.79420050299967)"
2023,"MN","Minnesota","Physical Activity","Physical Activity Index","Participated in enough Aerobic and Muscle Strengthening exercises to meet guidelines (variable calculated from one or more BRFSS questions)","Yes","Female","Sex","1,931",28.4,26.8,30.1,"3,666","%","Crude Prevalence","","","BRFSS","CLASS15","TOPIC45",27,"SEX2","CAT2","_PASTAE3","RESP046","    (46.35564873600049, -94.79420050299967)"
2023,"MN","Minnesota","Physical Activity","Strength Activity","Participated in muscle strengthening exercises two or more times per week (variable calculated from one or more BRFSS questions)","Yes","Female","Sex","2,938",37.7,36,39.3,"3,722","%","Crude Prevalence","","","BRFSS","CLASS15","TOPIC56",27,"SEX2","CAT2","_PASTRNG","RESP046","    (46.35564873600049, -94.79420050299967)"
2023,"MN","Minnesota","Physical Activity","Exercise","During the past month, did you participate in any physical activities? (variable calculated from one or more BRFSS questions)","Yes","Female","Sex","6,090",76.1,74.7,77.5,"4,414","%","Crude Prevalence","","","BRFSS","CLASS15","TOPIC23",27,"SEX2","CAT2","_TOTINDA","RESP046","    (46.35564873600049, -94.79420050299967)"
2023,"MO","Missouri","Physical Activity","Aerobic Activity","Participated in 150 minutes or more of Aerobic Physical Activity per week (variable calculated from one or more BRFSS questions)","Yes","Female","Sex","1,615",51.6,49.1,54.2,"3,610","%","Crude Prevalence","","","BRFSS","CLASS15","TOPIC01",29,"SEX2","CAT2","_PAINDX3","RESP046","    (38.635790776000476, -92.56630005299968)"
2023,"MO","Missouri","Physical Activity","Physical Activity Index","Participated in enough Aerobic and Muscle Strengthening exercises to meet guidelines (variable calculated from one or more BRFSS questions)","Yes","Female","Sex","647",21.8,19.6,24,"3,666","%","Crude Prevalence","","","BRFSS","CLASS15","TOPIC45",29,"SEX2","CAT2","_PASTAE3","RESP046","    (38.635790776000476, -92.56630005299968)"
2023,"MO","Missouri","Physical Activity","Strength Activity","Participated in muscle strengthening exercises two or more times per week (variable calculated from one or more BRFSS questions)","Yes","Female","Sex","1,161",32.1,29.9,34.3,"3,722","%","Crude Prevalence","","","BRFSS","CLASS15","TOPIC56",29,"SEX2","CAT2","_PASTRNG","RESP046","    (38.635790776000476, -92.56630005299968)"
2023,"MO","Missouri","Physical Activity","Exercise","During the past month, did you participate in any physical activities? (variable calculated from one or more BRFSS questions)","Yes","Female","Sex","2,575",69.6,67.6,71.7,"4,414","%","Crude Prevalence","","","BRFSS","CLASS15","TOPIC23",29,"SEX2","CAT2","_TOTINDA","RESP046","    (38.635790776000476, -92.56630005299968)"
2023,"MS","Mississippi","Physical Activity","Aerobic Activity","Participated in 150 minutes or more of Aerobic Physical Activity per week (variable calculated from one or more BRFSS questions)","Yes","Female","Sex","918",49,45.8,52.1,"3,610","%","Crude Prevalence","","","BRFSS","CLASS15","TOPIC01",28,"SEX2","CAT2","_PAINDX3","RESP046","    (32.745510099000455, -89.53803082499968)"
2023,"MS","Mississippi","Physical Activity","Physical Activity Index","Participated in enough Aerobic and Muscle Strengthening exercises to meet guidelines (variable calculated from one or more BRFSS questions)","Yes","Female","Sex","386",20.3,17.9,22.8,"3,666","%","Crude Prevalence","","","BRFSS","CLASS15","TOPIC45",28,"SEX2","CAT2","_PASTAE3","RESP046","    (32.745510099000455, -89.53803082499968)"
2023,"MS","Mississippi","Physical Activity","Strength Activity","Participated in muscle strengthening exercises two or more times per week (variable calculated from one or more BRFSS questions)","Yes","Female","Sex","680",28.9,26.3,31.4,"3,722","%","Crude Prevalence","","","BRFSS","CLASS15","TOPIC56",28,"SEX2","CAT2","_PASTRNG","RESP046","    (32.745510099000455, -89.53803082499968)"
2023,"MS","Mississippi","Physical Activity","Exercise","During the past month, did you participate in any physical activities? (variable calculated from one or more BRFSS questions)","Yes","Female","Sex","1,482",62.6,59.9,65.4,"4,414","%","Crude Prevalence","","","BRFSS","CLASS15","TOPIC23",28,"SEX2","CAT2","_TOTINDA","RESP046","    (32.745510099000455, -89.53803082499968)"
2023,"MT","Montana","Physical Activity","Aerobic Activity","Participated in 150 minutes or more of Aerobic Physical Activity per week (variable calculated from one or more BRFSS questions)","Yes","Female","Sex","1,996",64.9,62.7,67.1,"3,610","%","Crude Prevalence","","","BRFSS","CLASS15","TOPIC01",30,"SEX2","CAT2","_PAINDX3","RESP046","    (47.06652897200047, -109.42442064499971)"
2023,"MT","Montana","Physical Activity","Physical Activity Index","Participated in enough Aerobic and Muscle Strengthening exercises to meet guidelines (variable calculated from one or more BRFSS questions)","Yes","Female","Sex","945",30.9,28.7,33.1,"3,666","%","Crude Prevalence","","","BRFSS","CLASS15","TOPIC45",30,"SEX2","CAT2","_PASTAE3","RESP046","    (47.06652897200047, -109.42442064499971)"
2023,"MT","Montana","Physical Activity","Strength Activity","Participated in muscle strengthening exercises two or more times per week (variable calculated from one or more BRFSS questions)","Yes","Female","Sex","1,397",41.6,39.3,43.8,"3,722","%","Crude Prevalence","","","BRFSS","CLASS15","TOPIC56",30,"SEX2","CAT2","_PASTRNG","RESP046","    (47.06652897200047, -109.42442064499971)"
2023,"MT","Montana","Physical Activity","Exercise","During the past month, did you participate in any physical activities? (variable calculated from one or more BRFSS questions)","Yes","Female","Sex","2,640",79,77.2,80.7,"4,414","%","Crude Prevalence","","","BRFSS","CLASS15","TOPIC23",30,"SEX2","CAT2","_TOTINDA","RESP046","    (47.06652897200047, -109.42442064499971)"
2023,"NC","North Carolina","Physical Activity","Aerobic Activity","Participated in 150 minutes or more of Aerobic Physical Activity per week (variable calculated from one or more BRFSS questions)","Yes","Female","Sex","1,050",57.2,54,60.4,"3,610","%","Crude Prevalence","","","BRFSS","CLASS15","TOPIC01",37,"SEX2","CAT2","_PAINDX3","RESP046","    (35.466220975000454, -79.15925046299964)"
2023,"NC","North Carolina","Physical Activity","Physical Activity Index","Participated in enough Aerobic and Muscle Strengthening exercises to meet guidelines (variable calculated from one or more BRFSS questions)","Yes","Female","Sex","399",22.5,19.7,25.2,"3,666","%","Crude Prevalence","","","BRFSS","CLASS15","TOPIC45",37,"SEX2","CAT2","_PASTAE3","RESP046","    (35.466220975000454, -79.15925046299964)"
2023,"NC","North Carolina","Physical Activity","Strength Activity","Participated in muscle strengthening exercises two or more times per week (variable calculated from one or more BRFSS questions)","Yes","Female","Sex","658",30.3,27.6,33.1,"3,722","%","Crude Prevalence","","","BRFSS","CLASS15","TOPIC56",37,"SEX2","CAT2","_PASTRNG","RESP046","    (35.466220975000454, -79.15925046299964)"
2023,"NC","North Carolina","Physical Activity","Exercise","During the past month, did you participate in any physical activities? (variable calculated from one or more BRFSS questions)","Yes","Female","Sex","1,655",76.4,74.1,78.8,"4,414","%","Crude Prevalence","","","BRFSS","CLASS15","TOPIC23",37,"SEX2","CAT2","_TOTINDA","RESP046","    (35.466220975000454, -79.15925046299964)"
2023,"ND","North Dakota","Physical Activity","Aerobic Activity","Participated in 150 minutes or more of Aerobic Physical Activity per week (variable calculated from one or more BRFSS questions)","Yes","Female","Sex","1,563",62.3,59.7,64.9,"3,610","%","Crude Prevalence","","","BRFSS","CLASS15","TOPIC01",38,"SEX2","CAT2","_PAINDX3","RESP046","    (47.47531977900047, -100.11842104899966)"
2023,"ND","North Dakota","Physical Activity","Physical Activity Index","Participated in enough Aerobic and Muscle Strengthening exercises to meet guidelines (variable calculated from one or more BRFSS questions)","Yes","Female","Sex","664",28.8,26.3,31.3,"3,666","%","Crude Prevalence","","","BRFSS","CLASS15","TOPIC45",38,"SEX2","CAT2","_PASTAE3","RESP046","    (47.47531977900047, -100.11842104899966)"
2023,"ND","North Dakota","Physical Activity","Strength Activity","Participated in muscle strengthening exercises two or more times per week (variable calculated from one or more BRFSS questions)","Yes","Female","Sex","1,018",37.7,35.3,40.2,"3,722","%","Crude Prevalence","","","BRFSS","CLASS15","TOPIC56",38,"SEX2","CAT2","_PASTRNG","RESP046","    (47.47531977900047, -100.11842104899966)"
2023,"ND","North Dakota","Physical Activity","Exercise","During the past month, did you participate in any physical activities? (variable calculated from one or more BRFSS questions)","Yes","Female","Sex","2,214",77.1,75.1,79.2,"4,414","%","Crude Prevalence","","","BRFSS","CLASS15","TOPIC23",38,"SEX2","CAT2","_TOTINDA","RESP046","    (47.47531977900047, -100.11842104899966)"
2023,"NE","Nebraska","Physical Activity","Aerobic Activity","Participated in 150 minutes or more of Aerobic Physical Activity per week (variable calculated from one or more BRFSS questions)","Yes","Female","Sex","3,529",60.1,58.4,61.9,"3,610","%","Crude Prevalence","","","BRFSS","CLASS15","TOPIC01",31,"SEX2","CAT2","_PAINDX3","RESP046","    (41.6410409880005, -99.36572062299967)"
2023,"NE","Nebraska","Physical Activity","Physical Activity Index","Participated in enough Aerobic and Muscle Strengthening exercises to meet guidelines (variable calculated from one or more BRFSS questions)","Yes","Female","Sex","1,491",26.1,24.5,27.7,"3,666","%","Crude Prevalence","","","BRFSS","CLASS15","TOPIC45",31,"SEX2","CAT2","_PASTAE3","RESP046","    (41.6410409880005, -99.36572062299967)"
2023,"NE","Nebraska","Physical Activity","Strength Activity","Participated in muscle strengthening exercises two or more times per week (variable calculated from one or more BRFSS questions)","Yes","Female","Sex","2,329",35.4,33.8,37,"3,722","%","Crude Prevalence","","","BRFSS","CLASS15","TOPIC56",31,"SEX2","CAT2","_PASTRNG","RESP046","    (41.6410409880005, -99.36572062299967)"
2023,"NE","Nebraska","Physical Activity","Exercise","During the past month, did you participate in any physical activities? (variable calculated from one or more BRFSS questions)","Yes","Female","Sex","5,039",75.8,74.4,77.2,"4,414","%","Crude Prevalence","","","BRFSS","CLASS15","TOPIC23",31,"SEX2","CAT2","_TOTINDA","RESP046","    (41.6410409880005, -99.36572062299967)"
2023,"NH","New Hampshire","Physical Activity","Aerobic Activity","Participated in 150 minutes or more of Aerobic Physical Activity per week (variable calculated from one or more BRFSS questions)","Yes","Female","Sex","2,186",62.4,59.8,65,"3,610","%","Crude Prevalence","","","BRFSS","CLASS15","TOPIC01",33,"SEX2","CAT2","_PAINDX3","RESP046","    (43.65595011300047, -71.50036091999965)"
2023,"NH","New Hampshire","Physical Activity","Physical Activity Index","Participated in enough Aerobic and Muscle Strengthening exercises to meet guidelines (variable calculated from one or more BRFSS questions)","Yes","Female","Sex","1,112",32.3,29.8,34.8,"3,666","%","Crude Prevalence","","","BRFSS","CLASS15","TOPIC45",33,"SEX2","CAT2","_PASTAE3","RESP046","    (43.65595011300047, -71.50036091999965)"
2023,"NH","New Hampshire","Physical Activity","Strength Activity","Participated in muscle strengthening exercises two or more times per week (variable calculated from one or more BRFSS questions)","Yes","Female","Sex","1,636",40.9,38.5,43.3,"3,722","%","Crude Prevalence","","","BRFSS","CLASS15","TOPIC56",33,"SEX2","CAT2","_PASTRNG","RESP046","    (43.65595011300047, -71.50036091999965)"
2023,"NH","New Hampshire","Physical Activity","Exercise","During the past month, did you participate in any physical activities? (variable calculated from one or more BRFSS questions)","Yes","Female","Sex","2,991",77.7,75.6,79.7,"4,414","%","Crude Prevalence","","","BRFSS","CLASS15","TOPIC23",33,"SEX2","CAT2","_TOTINDA","RESP046","    (43.65595011300047, -71.50036091999965)"
2023,"NJ","New Jersey","Physical Activity","Aerobic Activity","Participated in 150 minutes or more of Aerobic Physical Activity per week (variable calculated from one or more BRFSS questions)","Yes","Female","Sex","2,376",57,54.8,59.2,"3,610","%","Crude Prevalence","","","BRFSS","CLASS15","TOPIC01",34,"SEX2","CAT2","_PAINDX3","RESP046","    (40.13057004800049, -74.27369128799967)"
2023,"NJ","New Jersey","Physical Activity","Physical Activity Index","Participated in enough Aerobic and Muscle Strengthening exercises to meet guidelines (variable calculated from one or more BRFSS questions)","Yes","Female","Sex","1,169",29.2,27.1,31.3,"3,666","%","Crude Prevalence","","","BRFSS","CLASS15","TOPIC45",34,"SEX2","CAT2","_PASTAE3","RESP046","    (40.13057004800049, -74.27369128799967)"
2023,"NJ","New Jersey","Physical Activity","Strength Activity","Participated in muscle strengthening exercises two or more times per week (variable calculated from one or more BRFSS questions)","Yes","Female","Sex","1,851",39.9,37.8,42,"3,722","%","Crude Prevalence","","","BRFSS","CLASS15","TOPIC56",34,"SEX2","CAT2","_PASTRNG","RESP046","    (40.13057004800049, -74.27369128799967)"
2023,"NJ","New Jersey","Physical Activity","Exercise","During the past month, did you participate in any physical activities? (variable calculated from one or more BRFSS questions)","Yes","Female","Sex","3,490",73.1,71.3,74.9,"4,414","%","Crude Prevalence","","","BRFSS","CLASS15","TOPIC23",34,"SEX2","CAT2","_TOTINDA","RESP046","    (40.13057004800049, -74.27369128799967)"
2023,"NM","New Mexico","Physical Activity","Aerobic Activity","Participated in 150 minutes or more of Aerobic Physical Activity per week (variable calculated from one or more BRFSS questions)","Yes","Female","Sex","940",61,57.2,64.8,"3,610","%","Crude Prevalence","","","BRFSS","CLASS15","TOPIC01",35,"SEX2","CAT2","_PAINDX3","RESP046","    (34.52088095200048, -106.24058098499967)"
2023,"NM","New Mexico","Physical Activity","Physical Activity Index","Participated in enough Aerobic and Muscle Strengthening exercises to meet guidelines (variable calculated from one or more BRFSS questions)","Yes","Female","Sex","415",28.1,24.5,31.7,"3,666","%","Crude Prevalence","","","BRFSS","CLASS15","TOPIC45",35,"SEX2","CAT2","_PASTAE3","RESP046","    (34.52088095200048, -106.24058098499967)"
2023,"NM","New Mexico","Physical Activity","Strength Activity","Participated in muscle strengthening exercises two or more times per week (variable calculated from one or more BRFSS questions)","Yes","Female","Sex","641",36.9,33.3,40.4,"3,722","%","Crude Prevalence","","","BRFSS","CLASS15","TOPIC56",35,"SEX2","CAT2","_PASTRNG","RESP046","    (34.52088095200048, -106.24058098499967)"
2023,"NM","New Mexico","Physical Activity","Exercise","During the past month, did you participate in any physical activities? (variable calculated from one or more BRFSS questions)","Yes","Female","Sex","1,302",74.5,71.4,77.6,"4,414","%","Crude Prevalence","","","BRFSS","CLASS15","TOPIC23",35,"SEX2","CAT2","_TOTINDA","RESP046","    (34.52088095200048, -106.24058098499967)"
2023,"NV","Nevada","Physical Activity","Aerobic Activity","Participated in 150 minutes or more of Aerobic Physical Activity per week (variable calculated from one or more BRFSS questions)","Yes","Female","Sex","704",54.4,49.4,59.3,"3,610","%","Crude Prevalence","","","BRFSS","CLASS15","TOPIC01",32,"SEX2","CAT2","_PAINDX3","RESP046","    (39.493240390000494, -117.07184056399967)"
2023,"NV","Nevada","Physical Activity","Physical Activity Index","Participated in enough Aerobic and Muscle Strengthening exercises to meet guidelines (variable calculated from one or more BRFSS questions)","Yes","Female","Sex","329",27,23,31.1,"3,666","%","Crude Prevalence","","","BRFSS","CLASS15","TOPIC45",32,"SEX2","CAT2","_PASTAE3","RESP046","    (39.493240390000494, -117.07184056399967)"
2023,"NV","Nevada","Physical Activity","Strength Activity","Participated in muscle strengthening exercises two or more times per week (variable calculated from one or more BRFSS questions)","Yes","Female","Sex","506",39.9,35.5,44.3,"3,722","%","Crude Prevalence","","","BRFSS","CLASS15","TOPIC56",32,"SEX2","CAT2","_PASTRNG","RESP046","    (39.493240390000494, -117.07184056399967)"
2023,"NV","Nevada","Physical Activity","Exercise","During the past month, did you participate in any physical activities? (variable calculated from one or more BRFSS questions)","Yes","Female","Sex","1,006",70.8,66.5,75.2,"4,414","%","Crude Prevalence","","","BRFSS","CLASS15","TOPIC23",32,"SEX2","CAT2","_TOTINDA","RESP046","    (39.493240390000494, -117.07184056399967)"
2023,"NY","New York","Physical Activity","Aerobic Activity","Participated in 150 minutes or more of Aerobic Physical Activity per week (variable calculated from one or more BRFSS questions)","Yes","Female","Sex","4,351",55.1,53.4,56.9,"3,610","%","Crude Prevalence","","","BRFSS","CLASS15","TOPIC01",36,"SEX2","CAT2","_PAINDX3","RESP046","    (42.82700103200045, -75.54397042699964)"
2023,"NY","New York","Physical Activity","Physical Activity Index","Participated in enough Aerobic and Muscle Strengthening exercises to meet guidelines (variable calculated from one or more BRFSS questions)","Yes","Female","Sex","2,110",27.8,26.2,29.4,"3,666","%","Crude Prevalence","","","BRFSS","CLASS15","TOPIC45",36,"SEX2","CAT2","_PASTAE3","RESP046","    (42.82700103200045, -75.54397042699964)"
2023,"NY","New York","Physical Activity","Strength Activity","Participated in muscle strengthening exercises two or more times per week (variable calculated from one or more BRFSS questions)","Yes","Female","Sex","3,332",38.3,36.7,39.8,"3,722","%","Crude Prevalence","","","BRFSS","CLASS15","TOPIC56",36,"SEX2","CAT2","_PASTRNG","RESP046","    (42.82700103200045, -75.54397042699964)"
2023,"NY","New York","Physical Activity","Exercise","During the past month, did you participate in any physical activities? (variable calculated from one or more BRFSS questions)","Yes","Female","Sex","6,501",71.2,69.8,72.7,"4,414","%","Crude Prevalence","","","BRFSS","CLASS15","TOPIC23",36,"SEX2","CAT2","_TOTINDA","RESP046","    (42.82700103200045, -75.54397042699964)"
2023,"OH","Ohio","Physical Activity","Aerobic Activity","Participated in 150 minutes or more of Aerobic Physical Activity per week (variable calculated from one or more BRFSS questions)","Yes","Female","Sex","3,354",56.1,54.2,57.9,"3,610","%","Crude Prevalence","","","BRFSS","CLASS15","TOPIC01",39,"SEX2","CAT2","_PAINDX3","RESP046","    (40.06021014100048, -82.40426005599966)"
2023,"OH","Ohio","Physical Activity","Physical Activity Index","Participated in enough Aerobic and Muscle Strengthening exercises to meet guidelines (variable calculated from one or more BRFSS questions)","Yes","Female","Sex","1,632",27.8,26.1,29.5,"3,666","%","Crude Prevalence","","","BRFSS","CLASS15","TOPIC45",39,"SEX2","CAT2","_PASTAE3","RESP046","    (40.06021014100048, -82.40426005599966)"
2023,"OH","Ohio","Physical Activity","Strength Activity","Participated in muscle strengthening exercises two or more times per week (variable calculated from one or more BRFSS questions)","Yes","Female","Sex","2,609",38.8,37,40.5,"3,722","%","Crude Prevalence","","","BRFSS","CLASS15","TOPIC56",39,"SEX2","CAT2","_PASTRNG","RESP046","    (40.06021014100048, -82.40426005599966)"
2023,"OH","Ohio","Physical Activity","Exercise","During the past month, did you participate in any physical activities? (variable calculated from one or more BRFSS questions)","Yes","Female","Sex","4,836",71.2,69.6,72.7,"4,414","%","Crude Prevalence","","","BRFSS","CLASS15","TOPIC23",39,"SEX2","CAT2","_TOTINDA","RESP046","    (40.06021014100048, -82.40426005599966)"
2023,"OK","Oklahoma","Physical Activity","Aerobic Activity","Participated in 150 minutes or more of Aerobic Physical Activity per week (variable calculated from one or more BRFSS questions)","Yes","Female","Sex","1,521",49.2,47,51.4,"3,610","%","Crude Prevalence","","","BRFSS","CLASS15","TOPIC01",40,"SEX2","CAT2","_PAINDX3","RESP046","    (35.47203135600046, -97.52107021399968)"
2023,"OK","Oklahoma","Physical Activity","Physical Activity Index","Participated in enough Aerobic and Muscle Strengthening exercises to meet guidelines (variable calculated from one or more BRFSS questions)","Yes","Female","Sex","617",20.7,18.9,22.5,"3,666","%","Crude Prevalence","","","BRFSS","CLASS15","TOPIC45",40,"SEX2","CAT2","_PASTAE3","RESP046","    (35.47203135600046, -97.52107021399968)"
2023,"OK","Oklahoma","Physical Activity","Strength Activity","Participated in muscle strengthening exercises two or more times per week (variable calculated from one or more BRFSS questions)","Yes","Female","Sex","1,076",30.6,28.7,32.5,"3,722","%","Crude Prevalence","","","BRFSS","CLASS15","TOPIC56",40,"SEX2","CAT2","_PASTRNG","RESP046","    (35.47203135600046, -97.52107021399968)"
2023,"OK","Oklahoma","Physical Activity","Exercise","During the past month, did you participate in any physical activities? (variable calculated from one or more BRFSS questions)","Yes","Female","Sex","2,472",66.2,64.3,68.1,"4,414","%","Crude Prevalence","","","BRFSS","CLASS15","TOPIC23",40,"SEX2","CAT2","_TOTINDA","RESP046","    (35.47203135600046, -97.52107021399968)"
2023,"OR","Oregon","Physical Activity","Aerobic Activity","Participated in 150 minutes or more of Aerobic Physical Activity per week (variable calculated from one or more BRFSS questions)","Yes","Female","Sex","1,795",63.8,61.4,66.3,"3,610","%","Crude Prevalence","","","BRFSS","CLASS15","TOPIC01",41,"SEX2","CAT2","_PAINDX3","RESP046","    (44.56744942400047, -120.15503132599969)"
2023,"OR","Oregon","Physical Activity","Physical Activity Index","Participated in enough Aerobic and Muscle Strengthening exercises to meet guidelines (variable calculated from one or more BRFSS questions)","Yes","Female","Sex","807",30.4,28,32.8,"3,666","%","Crude Prevalence","","","BRFSS","CLASS15","TOPIC45",41,"SEX2","CAT2","_PASTAE3","RESP046","    (44.56744942400047, -120.15503132599969)"
2023,"OR","Oregon","Physical Activity","Strength Activity","Participated in muscle strengthening exercises two or more times per week (variable calculated from one or more BRFSS questions)","Yes","Female","Sex","1,169",39.1,36.8,41.5,"3,722","%","Crude Prevalence","","","BRFSS","CLASS15","TOPIC56",41,"SEX2","CAT2","_PASTRNG","RESP046","    (44.56744942400047, -120.15503132599969)"
2023,"OR","Oregon","Physical Activity","Exercise","During the past month, did you participate in any physical activities? (variable calculated from one or more BRFSS questions)","Yes","Female","Sex","2,484",78.6,76.6,80.6,"4,414","%","Crude Prevalence","","","BRFSS","CLASS15","TOPIC23",41,"SEX2","CAT2","_TOTINDA","RESP046","    (44.56744942400047, -120.15503132599969)"
2023,"PR","Puerto Rico","Physical Activity","Aerobic Activity","Participated in 150 minutes or more of Aerobic Physical Activity per week (variable calculated from one or more BRFSS questions)","Yes","Female","Sex","721",29.9,27.3,32.4,"3,610","%","Crude Prevalence","","","BRFSS","CLASS15","TOPIC01",72,"SEX2","CAT2","_PAINDX3","RESP046","    (18.220833, -66.590149)"
2023,"PR","Puerto Rico","Physical Activity","Physical Activity Index","Participated in enough Aerobic and Muscle Strengthening exercises to meet guidelines (variable calculated from one or more BRFSS questions)","Yes","Female","Sex","195",7.8,6.4,9.1,"3,666","%","Crude Prevalence","","","BRFSS","CLASS15","TOPIC45",72,"SEX2","CAT2","_PASTAE3","RESP046","    (18.220833, -66.590149)"
2023,"PR","Puerto Rico","Physical Activity","Strength Activity","Participated in muscle strengthening exercises two or more times per week (variable calculated from one or more BRFSS questions)","Yes","Female","Sex","331",11.1,9.7,12.6,"3,722","%","Crude Prevalence","","","BRFSS","CLASS15","TOPIC56",72,"SEX2","CAT2","_PASTRNG","RESP046","    (18.220833, -66.590149)"
2023,"PR","Puerto Rico","Physical Activity","Exercise","During the past month, did you participate in any physical activities? (variable calculated from one or more BRFSS questions)","Yes","Female","Sex","1,254",42.1,39.5,44.7,"4,414","%","Crude Prevalence","","","BRFSS","CLASS15","TOPIC23",72,"SEX2","CAT2","_TOTINDA","RESP046","    (18.220833, -66.590149)"
2023,"RI","Rhode Island","Physical Activity","Aerobic Activity","Participated in 150 minutes or more of Aerobic Physical Activity per week (variable calculated from one or more BRFSS questions)","Yes","Female","Sex","1,559",54.7,51.8,57.6,"3,610","%","Crude Prevalence","","","BRFSS","CLASS15","TOPIC01",44,"SEX2","CAT2","_PAINDX3","RESP046","    (41.70828019300046, -71.52247031399963)"
2023,"RI","Rhode Island","Physical Activity","Physical Activity Index","Participated in enough Aerobic and Muscle Strengthening exercises to meet guidelines (variable calculated from one or more BRFSS questions)","Yes","Female","Sex","813",28.2,25.6,30.8,"3,666","%","Crude Prevalence","","","BRFSS","CLASS15","TOPIC45",44,"SEX2","CAT2","_PASTAE3","RESP046","    (41.70828019300046, -71.52247031399963)"
2023,"RI","Rhode Island","Physical Activity","Strength Activity","Participated in muscle strengthening exercises two or more times per week (variable calculated from one or more BRFSS questions)","Yes","Female","Sex","1,202",37.5,34.8,40.1,"3,722","%","Crude Prevalence","","","BRFSS","CLASS15","TOPIC56",44,"SEX2","CAT2","_PASTRNG","RESP046","    (41.70828019300046, -71.52247031399963)"
2023,"RI","Rhode Island","Physical Activity","Exercise","During the past month, did you participate in any physical activities? (variable calculated from one or more BRFSS questions)","Yes","Female","Sex","2,274",69.7,67.2,72.3,"4,414","%","Crude Prevalence","","","BRFSS","CLASS15","TOPIC23",44,"SEX2","CAT2","_TOTINDA","RESP046","    (41.70828019300046, -71.52247031399963)"
2023,"SC","South Carolina","Physical Activity","Aerobic Activity","Participated in 150 minutes or more of Aerobic Physical Activity per week (variable calculated from one or more BRFSS questions)","Yes","Female","Sex","2,762",57.2,55.2,59.3,"3,610","%","Crude Prevalence","","","BRFSS","CLASS15","TOPIC01",45,"SEX2","CAT2","_PAINDX3","RESP046","    (33.998821303000454, -81.04537120699968)"
2023,"SC","South Carolina","Physical Activity","Physical Activity Index","Participated in enough Aerobic and Muscle Strengthening exercises to meet guidelines (variable calculated from one or more BRFSS questions)","Yes","Female","Sex","1,332",29.5,27.6,31.5,"3,666","%","Crude Prevalence","","","BRFSS","CLASS15","TOPIC45",45,"SEX2","CAT2","_PASTAE3","RESP046","    (33.998821303000454, -81.04537120699968)"
2023,"SC","South Carolina","Physical Activity","Strength Activity","Participated in muscle strengthening exercises two or more times per week (variable calculated from one or more BRFSS questions)","Yes","Female","Sex","2,102",40.4,38.4,42.3,"3,722","%","Crude Prevalence","","","BRFSS","CLASS15","TOPIC56",45,"SEX2","CAT2","_PASTRNG","RESP046","    (33.998821303000454, -81.04537120699968)"
2023,"SC","South Carolina","Physical Activity","Exercise","During the past month, did you participate in any physical activities? (variable calculated from one or more BRFSS questions)","Yes","Female","Sex","3,838",71.1,69.4,72.9,"4,414","%","Crude Prevalence","","","BRFSS","CLASS15","TOPIC23",45,"SEX2","CAT2","_TOTINDA","RESP046","    (33.998821303000454, -81.04537120699968)"
2023,"SD","South Dakota","Physical Activity","Aerobic Activity","Participated in 150 minutes or more of Aerobic Physical Activity per week (variable calculated from one or more BRFSS questions)","Yes","Female","Sex","1,530",57.5,52.7,62.3,"3,610","%","Crude Prevalence","","","BRFSS","CLASS15","TOPIC01",46,"SEX2","CAT2","_PAINDX3","RESP046","    (44.353130053000484, -100.3735306369997)"
2023,"SD","South Dakota","Physical Activity","Physical Activity Index","Participated in enough Aerobic and Muscle Strengthening exercises to meet guidelines (variable calculated from one or more BRFSS questions)","Yes","Female","Sex","659",23.9,20.1,27.7,"3,666","%","Crude Prevalence","","","BRFSS","CLASS15","TOPIC45",46,"SEX2","CAT2","_PASTAE3","RESP046","    (44.353130053000484, -100.3735306369997)"
2023,"SD","South Dakota","Physical Activity","Strength Activity","Participated in muscle strengthening exercises two or more times per week (variable calculated from one or more BRFSS questions)","Yes","Female","Sex","1,036",36.6,32.3,41,"3,722","%","Crude Prevalence","","","BRFSS","CLASS15","TOPIC56",46,"SEX2","CAT2","_PASTRNG","RESP046","    (44.353130053000484, -100.3735306369997)"
2023,"SD","South Dakota","Physical Activity","Exercise","During the past month, did you participate in any physical activities? (variable calculated from one or more BRFSS questions)","Yes","Female","Sex","2,123",73.2,69,77.3,"4,414","%","Crude Prevalence","","","BRFSS","CLASS15","TOPIC23",46,"SEX2","CAT2","_TOTINDA","RESP046","    (44.353130053000484, -100.3735306369997)"
2023,"TN","Tennessee","Physical Activity","Aerobic Activity","Participated in 150 minutes or more of Aerobic Physical Activity per week (variable calculated from one or more BRFSS questions)","Yes","Female","Sex","1,386",53.1,50.4,55.9,"3,610","%","Crude Prevalence","","","BRFSS","CLASS15","TOPIC01",47,"SEX2","CAT2","_PAINDX3","RESP046","    (35.68094058000048, -85.77449091399967)"
2023,"TN","Tennessee","Physical Activity","Physical Activity Index","Participated in enough Aerobic and Muscle Strengthening exercises to meet guidelines (variable calculated from one or more BRFSS questions)","Yes","Female","Sex","624",24.8,22.4,27.2,"3,666","%","Crude Prevalence","","","BRFSS","CLASS15","TOPIC45",47,"SEX2","CAT2","_PASTAE3","RESP046","    (35.68094058000048, -85.77449091399967)"
2023,"TN","Tennessee","Physical Activity","Strength Activity","Participated in muscle strengthening exercises two or more times per week (variable calculated from one or more BRFSS questions)","Yes","Female","Sex","1,028",37.3,34.8,39.8,"3,722","%","Crude Prevalence","","","BRFSS","CLASS15","TOPIC56",47,"SEX2","CAT2","_PASTRNG","RESP046","    (35.68094058000048, -85.77449091399967)"
2023,"TN","Tennessee","Physical Activity","Exercise","During the past month, did you participate in any physical activities? (variable calculated from one or more BRFSS questions)","Yes","Female","Sex","2,045",69.6,67.3,72,"4,414","%","Crude Prevalence","","","BRFSS","CLASS15","TOPIC23",47,"SEX2","CAT2","_TOTINDA","RESP046","    (35.68094058000048, -85.77449091399967)"
2023,"TX","Texas","Physical Activity","Aerobic Activity","Participated in 150 minutes or more of Aerobic Physical Activity per week (variable calculated from one or more BRFSS questions)","Yes","Female","Sex","2,460",54.5,51.7,57.2,"3,610","%","Crude Prevalence","","","BRFSS","CLASS15","TOPIC01",48,"SEX2","CAT2","_PAINDX3","RESP046","    (31.827240407000488, -99.42677020599967)"
2023,"TX","Texas","Physical Activity","Physical Activity Index","Participated in enough Aerobic and Muscle Strengthening exercises to meet guidelines (variable calculated from one or more BRFSS questions)","Yes","Female","Sex","1,200",27.8,25.2,30.4,"3,666","%","Crude Prevalence","","","BRFSS","CLASS15","TOPIC45",48,"SEX2","CAT2","_PASTAE3","RESP046","    (31.827240407000488, -99.42677020599967)"
2023,"TX","Texas","Physical Activity","Strength Activity","Participated in muscle strengthening exercises two or more times per week (variable calculated from one or more BRFSS questions)","Yes","Female","Sex","1,920",38.2,35.6,40.7,"3,722","%","Crude Prevalence","","","BRFSS","CLASS15","TOPIC56",48,"SEX2","CAT2","_PASTRNG","RESP046","    (31.827240407000488, -99.42677020599967)"
2023,"TX","Texas","Physical Activity","Exercise","During the past month, did you participate in any physical activities? (variable calculated from one or more BRFSS questions)","Yes","Female","Sex","3,568",68.8,66.4,71.2,"4,414","%","Crude Prevalence","","","BRFSS","CLASS15","TOPIC23",48,"SEX2","CAT2","_TOTINDA","RESP046","    (31.827240407000488, -99.42677020599967)"
2023,"UT","Utah","Physical Activity","Aerobic Activity","Participated in 150 minutes or more of Aerobic Physical Activity per week (variable calculated from one or more BRFSS questions)","Yes","Female","Sex","3,010",63.9,62,65.8,"3,610","%","Crude Prevalence","","","BRFSS","CLASS15","TOPIC01",49,"SEX2","CAT2","_PAINDX3","RESP046","    (39.360700171000474, -111.58713063499971)"
2023,"UT","Utah","Physical Activity","Physical Activity Index","Participated in enough Aerobic and Muscle Strengthening exercises to meet guidelines (variable calculated from one or more BRFSS questions)","Yes","Female","Sex","1,363",30.7,28.9,32.6,"3,666","%","Crude Prevalence","","","BRFSS","CLASS15","TOPIC45",49,"SEX2","CAT2","_PASTAE3","RESP046","    (39.360700171000474, -111.58713063499971)"
2023,"UT","Utah","Physical Activity","Strength Activity","Participated in muscle strengthening exercises two or more times per week (variable calculated from one or more BRFSS questions)","Yes","Female","Sex","2,077",40.5,38.6,42.3,"3,722","%","Crude Prevalence","","","BRFSS","CLASS15","TOPIC56",49,"SEX2","CAT2","_PASTRNG","RESP046","    (39.360700171000474, -111.58713063499971)"
2023,"UT","Utah","Physical Activity","Exercise","During the past month, did you participate in any physical activities? (variable calculated from one or more BRFSS questions)","Yes","Female","Sex","4,343",82.2,80.8,83.6,"4,414","%","Crude Prevalence","","","BRFSS","CLASS15","TOPIC23",49,"SEX2","CAT2","_TOTINDA","RESP046","    (39.360700171000474, -111.58713063499971)"
2023,"VA","Virginia","Physical Activity","Aerobic Activity","Participated in 150 minutes or more of Aerobic Physical Activity per week (variable calculated from one or more BRFSS questions)","Yes","Female","Sex","2,042",58.8,56.2,61.4,"3,610","%","Crude Prevalence","","","BRFSS","CLASS15","TOPIC01",51,"SEX2","CAT2","_PAINDX3","RESP046","    (37.54268067400045, -78.45789046299967)"
2023,"VA","Virginia","Physical Activity","Physical Activity Index","Participated in enough Aerobic and Muscle Strengthening exercises to meet guidelines (variable calculated from one or more BRFSS questions)","Yes","Female","Sex","868",25.9,23.6,28.1,"3,666","%","Crude Prevalence","","","BRFSS","CLASS15","TOPIC45",51,"SEX2","CAT2","_PASTAE3","RESP046","    (37.54268067400045, -78.45789046299967)"
2023,"VA","Virginia","Physical Activity","Strength Activity","Participated in muscle strengthening exercises two or more times per week (variable calculated from one or more BRFSS questions)","Yes","Female","Sex","1,340",35.4,33.1,37.7,"3,722","%","Crude Prevalence","","","BRFSS","CLASS15","TOPIC56",51,"SEX2","CAT2","_PASTRNG","RESP046","    (37.54268067400045, -78.45789046299967)"
2023,"VA","Virginia","Physical Activity","Exercise","During the past month, did you participate in any physical activities? (variable calculated from one or more BRFSS questions)","Yes","Female","Sex","2,819",73.4,71.3,75.5,"4,414","%","Crude Prevalence","","","BRFSS","CLASS15","TOPIC23",51,"SEX2","CAT2","_TOTINDA","RESP046","    (37.54268067400045, -78.45789046299967)"
2023,"VI","Virgin Islands","Physical Activity","Aerobic Activity","Participated in 150 minutes or more of Aerobic Physical Activity per week (variable calculated from one or more BRFSS questions)","Yes","Female","Sex","548",53.9,48.3,59.5,"3,610","%","Crude Prevalence","","","BRFSS","CLASS15","TOPIC01",78,"SEX2","CAT2","_PAINDX3","RESP046","    (18.335765, -64.896335)"
2023,"VI","Virgin Islands","Physical Activity","Physical Activity Index","Participated in enough Aerobic and Muscle Strengthening exercises to meet guidelines (variable calculated from one or more BRFSS questions)","Yes","Female","Sex","264",24.3,19.7,28.8,"3,666","%","Crude Prevalence","","","BRFSS","CLASS15","TOPIC45",78,"SEX2","CAT2","_PASTAE3","RESP046","    (18.335765, -64.896335)"
2023,"VI","Virgin Islands","Physical Activity","Strength Activity","Participated in muscle strengthening exercises two or more times per week (variable calculated from one or more BRFSS questions)","Yes","Female","Sex","411",33.9,29.2,38.6,"3,722","%","Crude Prevalence","","","BRFSS","CLASS15","TOPIC56",78,"SEX2","CAT2","_PASTRNG","RESP046","    (18.335765, -64.896335)"
2023,"VI","Virgin Islands","Physical Activity","Exercise","During the past month, did you participate in any physical activities? (variable calculated from one or more BRFSS questions)","Yes","Female","Sex","827",67.8,63,72.4,"4,414","%","Crude Prevalence","","","BRFSS","CLASS15","TOPIC23",78,"SEX2","CAT2","_TOTINDA","RESP046","    (18.335765, -64.896335)"
2023,"VT","Vermont","Physical Activity","Aerobic Activity","Participated in 150 minutes or more of Aerobic Physical Activity per week (variable calculated from one or more BRFSS questions)","Yes","Female","Sex","2,535",65.3,62.7,67.9,"3,610","%","Crude Prevalence","","","BRFSS","CLASS15","TOPIC01",50,"SEX2","CAT2","_PAINDX3","RESP046","    (43.62538123900049, -72.51764079099962)"
2023,"VT","Vermont","Physical Activity","Physical Activity Index","Participated in enough Aerobic and Muscle Strengthening exercises to meet guidelines (variable calculated from one or more BRFSS questions)","Yes","Female","Sex","1,228",31.7,29.5,34,"3,666","%","Crude Prevalence","","","BRFSS","CLASS15","TOPIC45",50,"SEX2","CAT2","_PASTAE3","RESP046","    (43.62538123900049, -72.51764079099962)"
2023,"VT","Vermont","Physical Activity","Strength Activity","Participated in muscle strengthening exercises two or more times per week (variable calculated from one or more BRFSS questions)","Yes","Female","Sex","1,628",38.8,36.6,41.1,"3,722","%","Crude Prevalence","","","BRFSS","CLASS15","TOPIC56",50,"SEX2","CAT2","_PASTRNG","RESP046","    (43.62538123900049, -72.51764079099962)"
2023,"VT","Vermont","Physical Activity","Exercise","During the past month, did you participate in any physical activities? (variable calculated from one or more BRFSS questions)","Yes","Female","Sex","3,346",78.8,76.5,81.1,"4,414","%","Crude Prevalence","","","BRFSS","CLASS15","TOPIC23",50,"SEX2","CAT2","_TOTINDA","RESP046","    (43.62538123900049, -72.51764079099962)"
2023,"WA","Washington","Physical Activity","Aerobic Activity","Participated in 150 minutes or more of Aerobic Physical Activity per week (variable calculated from one or more BRFSS questions)","Yes","Female","Sex","8,124",65.2,64.1,66.4,"3,610","%","Crude Prevalence","","","BRFSS","CLASS15","TOPIC01",53,"SEX2","CAT2","_PAINDX3","RESP046","    (47.52227862900048, -120.47001078999972)"
2023,"WA","Washington","Physical Activity","Physical Activity Index","Participated in enough Aerobic and Muscle Strengthening exercises to meet guidelines (variable calculated from one or more BRFSS questions)","Yes","Female","Sex","3,817",30.6,29.5,31.8,"3,666","%","Crude Prevalence","","","BRFSS","CLASS15","TOPIC45",53,"SEX2","CAT2","_PASTAE3","RESP046","    (47.52227862900048, -120.47001078999972)"
2023,"WA","Washington","Physical Activity","Strength Activity","Participated in muscle strengthening exercises two or more times per week (variable calculated from one or more BRFSS questions)","Yes","Female","Sex","5,387",39.1,38,40.3,"3,722","%","Crude Prevalence","","","BRFSS","CLASS15","TOPIC56",53,"SEX2","CAT2","_PASTRNG","RESP046","    (47.52227862900048, -120.47001078999972)"
2023,"WA","Washington","Physical Activity","Exercise","During the past month, did you participate in any physical activities? (variable calculated from one or more BRFSS questions)","Yes","Female","Sex","11,201",80.6,79.7,81.5,"4,414","%","Crude Prevalence","","","BRFSS","CLASS15","TOPIC23",53,"SEX2","CAT2","_TOTINDA","RESP046","    (47.52227862900048, -120.47001078999972)"
2023,"WI","Wisconsin","Physical Activity","Aerobic Activity","Participated in 150 minutes or more of Aerobic Physical Activity per week (variable calculated from one or more BRFSS questions)","Yes","Female","Sex","3,097",53.9,52,55.8,"3,610","%","Crude Prevalence","","","BRFSS","CLASS15","TOPIC01",55,"SEX2","CAT2","_PAINDX3","RESP046","    (44.39319117400049, -89.81637074199966)"
2023,"WI","Wisconsin","Physical Activity","Physical Activity Index","Participated in enough Aerobic and Muscle Strengthening exercises to meet guidelines (variable calculated from one or more BRFSS questions)","Yes","Female","Sex","1,353",24.5,22.8,26.2,"3,666","%","Crude Prevalence","","","BRFSS","CLASS15","TOPIC45",55,"SEX2","CAT2","_PASTAE3","RESP046","    (44.39319117400049, -89.81637074199966)"
2023,"WI","Wisconsin","Physical Activity","Strength Activity","Participated in muscle strengthening exercises two or more times per week (variable calculated from one or more BRFSS questions)","Yes","Female","Sex","2,327",36.4,34.7,38.1,"3,722","%","Crude Prevalence","","","BRFSS","CLASS15","TOPIC56",55,"SEX2","CAT2","_PASTRNG","RESP046","    (44.39319117400049, -89.81637074199966)"
2023,"WI","Wisconsin","Physical Activity","Exercise","During the past month, did you participate in any physical activities? (variable calculated from one or more BRFSS questions)","Yes","Female","Sex","4,516",70.2,68.7,71.8,"4,414","%","Crude Prevalence","","","BRFSS","CLASS15","TOPIC23",55,"SEX2","CAT2","_TOTINDA","RESP046","    (44.39319117400049, -89.81637074199966)"
2023,"WV","West Virginia","Physical Activity","Aerobic Activity","Participated in 150 minutes or more of Aerobic Physical Activity per week (variable calculated from one or more BRFSS questions)","Yes","Female","Sex","1,021",48,45.3,50.6,"3,610","%","Crude Prevalence","","","BRFSS","CLASS15","TOPIC01",54,"SEX2","CAT2","_PAINDX3","RESP046","    (38.66551020200046, -80.71264013499967)"
2023,"WV","West Virginia","Physical Activity","Physical Activity Index","Participated in enough Aerobic and Muscle Strengthening exercises to meet guidelines (variable calculated from one or more BRFSS questions)","Yes","Female","Sex","387",17.9,15.9,19.9,"3,666","%","Crude Prevalence","","","BRFSS","CLASS15","TOPIC45",54,"SEX2","CAT2","_PASTAE3","RESP046","    (38.66551020200046, -80.71264013499967)"
2023,"WV","West Virginia","Physical Activity","Strength Activity","Participated in muscle strengthening exercises two or more times per week (variable calculated from one or more BRFSS questions)","Yes","Female","Sex","658",28.1,25.9,30.3,"3,722","%","Crude Prevalence","","","BRFSS","CLASS15","TOPIC56",54,"SEX2","CAT2","_PASTRNG","RESP046","    (38.66551020200046, -80.71264013499967)"
2023,"WV","West Virginia","Physical Activity","Exercise","During the past month, did you participate in any physical activities? (variable calculated from one or more BRFSS questions)","Yes","Female","Sex","1,512",62.9,60.6,65.3,"4,414","%","Crude Prevalence","","","BRFSS","CLASS15","TOPIC23",54,"SEX2","CAT2","_TOTINDA","RESP046","    (38.66551020200046, -80.71264013499967)"
2023,"WY","Wyoming","Physical Activity","Aerobic Activity","Participated in 150 minutes or more of Aerobic Physical Activity per week (variable calculated from one or more BRFSS questions)","Yes","Female","Sex","1,199",58.7,55.8,61.6,"3,610","%","Crude Prevalence","","","BRFSS","CLASS15","TOPIC01",56,"SEX2","CAT2","_PAINDX3","RESP046","    (43.23554134300048, -108.10983035299967)"
2023,"WY","Wyoming","Physical Activity","Physical Activity Index","Participated in enough Aerobic and Muscle Strengthening exercises to meet guidelines (variable calculated from one or more BRFSS questions)","Yes","Female","Sex","565",27.8,25.1,30.4,"3,666","%","Crude Prevalence","","","BRFSS","CLASS15","TOPIC45",56,"SEX2","CAT2","_PASTAE3","RESP046","    (43.23554134300048, -108.10983035299967)"
2023,"WY","Wyoming","Physical Activity","Strength Activity","Participated in muscle strengthening exercises two or more times per week (variable calculated from one or more BRFSS questions)","Yes","Female","Sex","877",38.9,36.2,41.6,"3,722","%","Crude Prevalence","","","BRFSS","CLASS15","TOPIC56",56,"SEX2","CAT2","_PASTRNG","RESP046","    (43.23554134300048, -108.10983035299967)"
2023,"WY","Wyoming","Physical Activity","Exercise","During the past month, did you participate in any physical activities? (variable calculated from one or more BRFSS questions)","Yes","Female","Sex","1,667",72.4,70,74.8,"4,414","%","Crude Prevalence","","","BRFSS","CLASS15","TOPIC23",56,"SEX2","CAT2","_TOTINDA","RESP046","    (43.23554134300048, -108.10983035299967)"
2022,"AK","Alaska","Physical Activity","Exercise","During the past month, did you participate in any physical activities? (variable calculated from one or more BRFSS questions)","Yes","Female","Sex","2,160",75.8,73.5,78.2,"4,400","%","Crude Prevalence","","","BRFSS","CLASS15","TOPIC23",2,"SEX2","CAT2","_TOTINDA","RESP046","    (64.84507995700051, -147.72205903599973)"
2022,"AL","Alabama","Physical Activity","Exercise","During the past month, did you participate in any physical activities? (variable calculated from one or more BRFSS questions)","Yes","Female","Sex","1,738",65.8,63.2,68.3,"4,400","%","Crude Prevalence","","","BRFSS","CLASS15","TOPIC23",1,"SEX2","CAT2","_TOTINDA","RESP046","    (32.84057112200048, -86.63186076199969)"
2022,"AR","Arkansas","Physical Activity","Exercise","During the past month, did you participate in any physical activities? (variable calculated from one or more BRFSS questions)","Yes","Female","Sex","1,821",65.5,63.1,67.8,"4,400","%","Crude Prevalence","","","BRFSS","CLASS15","TOPIC23",5,"SEX2","CAT2","_TOTINDA","RESP046","    (34.74865012400045, -92.27449074299966)"
2022,"AZ","Arizona","Physical Activity","Exercise","During the past month, did you participate in any physical activities? (variable calculated from one or more BRFSS questions)","Yes","Female","Sex","3,913",73.5,71.5,75.5,"4,400","%","Crude Prevalence","","","BRFSS","CLASS15","TOPIC23",4,"SEX2","CAT2","_TOTINDA","RESP046","    (34.865970280000454, -111.76381127699972)"
2022,"CA","California","Physical Activity","Exercise","During the past month, did you participate in any physical activities? (variable calculated from one or more BRFSS questions)","Yes","Female","Sex","4,068",76.4,74.6,78.2,"4,400","%","Crude Prevalence","","","BRFSS","CLASS15","TOPIC23",6,"SEX2","CAT2","_TOTINDA","RESP046","    (37.63864012300047, -120.99999953799971)"
2022,"CO","Colorado","Physical Activity","Exercise","During the past month, did you participate in any physical activities? (variable calculated from one or more BRFSS questions)","Yes","Female","Sex","3,826",82.2,80.8,83.7,"4,400","%","Crude Prevalence","","","BRFSS","CLASS15","TOPIC23",8,"SEX2","CAT2","_TOTINDA","RESP046","    (38.843840757000464, -106.13361092099967)"
2022,"CT","Connecticut","Physical Activity","Exercise","During the past month, did you participate in any physical activities? (variable calculated from one or more BRFSS questions)","Yes","Female","Sex","3,710",73.5,71.5,75.5,"4,400","%","Crude Prevalence","","","BRFSS","CLASS15","TOPIC23",9,"SEX2","CAT2","_TOTINDA","RESP046","    (41.56266102000046, -72.64984095199964)"
2022,"DC","District of Columbia","Physical Activity","Exercise","During the past month, did you participate in any physical activities? (variable calculated from one or more BRFSS questions)","Yes","Female","Sex","1,515",81.7,79.2,84.3,"4,400","%","Crude Prevalence","","","BRFSS","CLASS15","TOPIC23",11,"SEX2","CAT2","_TOTINDA","RESP046","    (38.89037138500049, -77.03196112699965)"
2022,"DE","Delaware","Physical Activity","Exercise","During the past month, did you participate in any physical activities? (variable calculated from one or more BRFSS questions)","Yes","Female","Sex","1,636",73.4,70.7,76.1,"4,400","%","Crude Prevalence","","","BRFSS","CLASS15","TOPIC23",10,"SEX2","CAT2","_TOTINDA","RESP046","    (39.008830667000495, -75.57774116799965)"
2022,"FL","Florida","Physical Activity","Exercise","During the past month, did you participate in any physical activities? (variable calculated from one or more BRFSS questions)","Yes","Female","Sex","5,248",73.4,71.2,75.6,"4,400","%","Crude Prevalence","","","BRFSS","CLASS15","TOPIC23",12,"SEX2","CAT2","_TOTINDA","RESP046","    (28.932040377000476, -81.92896053899966)"
2022,"GA","Georgia","Physical Activity","Exercise","During the past month, did you participate in any physical activities? (variable calculated from one or more BRFSS questions)","Yes","Female","Sex","3,600",72.7,70.9,74.6,"4,400","%","Crude Prevalence","","","BRFSS","CLASS15","TOPIC23",13,"SEX2","CAT2","_TOTINDA","RESP046","    (32.83968109300048, -83.62758034599966)"
2022,"GU","Guam","Physical Activity","Exercise","During the past month, did you participate in any physical activities? (variable calculated from one or more BRFSS questions)","Yes","Female","Sex","761",67.4,61.7,73.1,"4,400","%","Crude Prevalence","","","BRFSS","CLASS15","TOPIC23",66,"SEX2","CAT2","_TOTINDA","RESP046","    (13.444304, 144.793731)"
2022,"HI","Hawaii","Physical Activity","Exercise","During the past month, did you participate in any physical activities? (variable calculated from one or more BRFSS questions)","Yes","Female","Sex","3,213",75.3,73.3,77.4,"4,400","%","Crude Prevalence","","","BRFSS","CLASS15","TOPIC23",15,"SEX2","CAT2","_TOTINDA","RESP046","    (21.304850435000446, -157.85774940299973)"
2022,"IA","Iowa","Physical Activity","Exercise","During the past month, did you participate in any physical activities? (variable calculated from one or more BRFSS questions)","Yes","Female","Sex","3,216",71.5,69.8,73.2,"4,400","%","Crude Prevalence","","","BRFSS","CLASS15","TOPIC23",19,"SEX2","CAT2","_TOTINDA","RESP046","    (42.46940091300047, -93.81649055599968)"
2022,"ID","Idaho","Physical Activity","Exercise","During the past month, did you participate in any physical activities? (variable calculated from one or more BRFSS questions)","Yes","Female","Sex","2,447",77,75.2,78.8,"4,400","%","Crude Prevalence","","","BRFSS","CLASS15","TOPIC23",16,"SEX2","CAT2","_TOTINDA","RESP046","    (43.682630005000476, -114.3637300419997)"
2022,"IL","Illinois","Physical Activity","Exercise","During the past month, did you participate in any physical activities? (variable calculated from one or more BRFSS questions)","Yes","Female","Sex","1,551",75.1,72.6,77.6,"4,400","%","Crude Prevalence","","","BRFSS","CLASS15","TOPIC23",17,"SEX2","CAT2","_TOTINDA","RESP046","    (40.48501028300046, -88.99771017799969)"
2022,"IN","Indiana","Physical Activity","Exercise","During the past month, did you participate in any physical activities? (variable calculated from one or more BRFSS questions)","Yes","Female","Sex","3,822",69.2,67.7,70.8,"4,400","%","Crude Prevalence","","","BRFSS","CLASS15","TOPIC23",18,"SEX2","CAT2","_TOTINDA","RESP046","    (39.766910452000445, -86.14996019399968)"
2022,"KS","Kansas","Physical Activity","Exercise","During the past month, did you participate in any physical activities? (variable calculated from one or more BRFSS questions)","Yes","Female","Sex","4,320",74.2,72.7,75.8,"4,400","%","Crude Prevalence","","","BRFSS","CLASS15","TOPIC23",20,"SEX2","CAT2","_TOTINDA","RESP046","    (38.34774030000045, -98.20078122699965)"
2022,"KY","Kentucky","Physical Activity","Exercise","During the past month, did you participate in any physical activities? (variable calculated from one or more BRFSS questions)","Yes","Female","Sex","1,492",72.9,70.3,75.5,"4,400","%","Crude Prevalence","","","BRFSS","CLASS15","TOPIC23",21,"SEX2","CAT2","_TOTINDA","RESP046","    (37.645970271000465, -84.77497104799966)"
2022,"LA","Louisiana","Physical Activity","Exercise","During the past month, did you participate in any physical activities? (variable calculated from one or more BRFSS questions)","Yes","Female","Sex","2,085",67.8,65.6,70,"4,400","%","Crude Prevalence","","","BRFSS","CLASS15","TOPIC23",22,"SEX2","CAT2","_TOTINDA","RESP046","    (31.31266064400046, -92.44568007099969)"
2022,"MA","Massachusetts","Physical Activity","Exercise","During the past month, did you participate in any physical activities? (variable calculated from one or more BRFSS questions)","Yes","Female","Sex","4,453",77,75.5,78.6,"4,400","%","Crude Prevalence","","","BRFSS","CLASS15","TOPIC23",25,"SEX2","CAT2","_TOTINDA","RESP046","    (42.27687047000046, -72.08269067499964)"
2022,"MD","Maryland","Physical Activity","Exercise","During the past month, did you participate in any physical activities? (variable calculated from one or more BRFSS questions)","Yes","Female","Sex","6,624",75.9,74.4,77.3,"4,400","%","Crude Prevalence","","","BRFSS","CLASS15","TOPIC23",24,"SEX2","CAT2","_TOTINDA","RESP046","    (39.29058096400047, -76.60926011099963)"
2022,"ME","Maine","Physical Activity","Exercise","During the past month, did you participate in any physical activities? (variable calculated from one or more BRFSS questions)","Yes","Female","Sex","4,448",76.8,75.3,78.4,"4,400","%","Crude Prevalence","","","BRFSS","CLASS15","TOPIC23",23,"SEX2","CAT2","_TOTINDA","RESP046","    (45.254228894000505, -68.98503133599962)"
2022,"MI","Michigan","Physical Activity","Exercise","During the past month, did you participate in any physical activities? (variable calculated from one or more BRFSS questions)","Yes","Female","Sex","3,969",73.6,72.1,75.2,"4,400","%","Crude Prevalence","","","BRFSS","CLASS15","TOPIC23",26,"SEX2","CAT2","_TOTINDA","RESP046","    (44.6613195430005, -84.71439026999968)"
2022,"MN","Minnesota","Physical Activity","Exercise","During the past month, did you participate in any physical activities? (variable calculated from one or more BRFSS questions)","Yes","Female","Sex","6,747",77.9,76.7,79.2,"4,400","%","Crude Prevalence","","","BRFSS","CLASS15","TOPIC23",27,"SEX2","CAT2","_TOTINDA","RESP046","    (46.35564873600049, -94.79420050299967)"
2022,"MO","Missouri","Physical Activity","Exercise","During the past month, did you participate in any physical activities? (variable calculated from one or more BRFSS questions)","Yes","Female","Sex","2,810",72.7,70.8,74.6,"4,400","%","Crude Prevalence","","","BRFSS","CLASS15","TOPIC23",29,"SEX2","CAT2","_TOTINDA","RESP046","    (38.635790776000476, -92.56630005299968)"
2022,"MS","Mississippi","Physical Activity","Exercise","During the past month, did you participate in any physical activities? (variable calculated from one or more BRFSS questions)","Yes","Female","Sex","1,538",64.7,62.1,67.3,"4,400","%","Crude Prevalence","","","BRFSS","CLASS15","TOPIC23",28,"SEX2","CAT2","_TOTINDA","RESP046","    (32.745510099000455, -89.53803082499968)"
2022,"MT","Montana","Physical Activity","Exercise","During the past month, did you participate in any physical activities? (variable calculated from one or more BRFSS questions)","Yes","Female","Sex","2,563",79,77.3,80.7,"4,400","%","Crude Prevalence","","","BRFSS","CLASS15","TOPIC23",30,"SEX2","CAT2","_TOTINDA","RESP046","    (47.06652897200047, -109.42442064499971)"
2022,"NC","North Carolina","Physical Activity","Exercise","During the past month, did you participate in any physical activities? (variable calculated from one or more BRFSS questions)","Yes","Female","Sex","1,815",75.2,72.7,77.7,"4,400","%","Crude Prevalence","","","BRFSS","CLASS15","TOPIC23",37,"SEX2","CAT2","_TOTINDA","RESP046","    (35.466220975000454, -79.15925046299964)"
2022,"ND","North Dakota","Physical Activity","Exercise","During the past month, did you participate in any physical activities? (variable calculated from one or more BRFSS questions)","Yes","Female","Sex","1,516",75.6,73.3,77.8,"4,400","%","Crude Prevalence","","","BRFSS","CLASS15","TOPIC23",38,"SEX2","CAT2","_TOTINDA","RESP046","    (47.47531977900047, -100.11842104899966)"
2022,"NE","Nebraska","Physical Activity","Exercise","During the past month, did you participate in any physical activities? (variable calculated from one or more BRFSS questions)","Yes","Female","Sex","2,827",73.5,71.5,75.4,"4,400","%","Crude Prevalence","","","BRFSS","CLASS15","TOPIC23",31,"SEX2","CAT2","_TOTINDA","RESP046","    (41.6410409880005, -99.36572062299967)"
2022,"NH","New Hampshire","Physical Activity","Exercise","During the past month, did you participate in any physical activities? (variable calculated from one or more BRFSS questions)","Yes","Female","Sex","2,900",77.8,75.8,79.9,"4,400","%","Crude Prevalence","","","BRFSS","CLASS15","TOPIC23",33,"SEX2","CAT2","_TOTINDA","RESP046","    (43.65595011300047, -71.50036091999965)"
2022,"NJ","New Jersey","Physical Activity","Exercise","During the past month, did you participate in any physical activities? (variable calculated from one or more BRFSS questions)","Yes","Female","Sex","3,130",73.9,72,75.9,"4,400","%","Crude Prevalence","","","BRFSS","CLASS15","TOPIC23",34,"SEX2","CAT2","_TOTINDA","RESP046","    (40.13057004800049, -74.27369128799967)"
2022,"NM","New Mexico","Physical Activity","Exercise","During the past month, did you participate in any physical activities? (variable calculated from one or more BRFSS questions)","Yes","Female","Sex","1,959",72.9,70.4,75.5,"4,400","%","Crude Prevalence","","","BRFSS","CLASS15","TOPIC23",35,"SEX2","CAT2","_TOTINDA","RESP046","    (34.52088095200048, -106.24058098499967)"
2022,"NV","Nevada","Physical Activity","Exercise","During the past month, did you participate in any physical activities? (variable calculated from one or more BRFSS questions)","Yes","Female","Sex","1,203",71.3,68,74.7,"4,400","%","Crude Prevalence","","","BRFSS","CLASS15","TOPIC23",32,"SEX2","CAT2","_TOTINDA","RESP046","    (39.493240390000494, -117.07184056399967)"
2022,"NY","New York","Physical Activity","Exercise","During the past month, did you participate in any physical activities? (variable calculated from one or more BRFSS questions)","Yes","Female","Sex","6,831",71.9,70.6,73.2,"4,400","%","Crude Prevalence","","","BRFSS","CLASS15","TOPIC23",36,"SEX2","CAT2","_TOTINDA","RESP046","    (42.82700103200045, -75.54397042699964)"
2022,"OH","Ohio","Physical Activity","Exercise","During the past month, did you participate in any physical activities? (variable calculated from one or more BRFSS questions)","Yes","Female","Sex","6,130",72.2,70.7,73.6,"4,400","%","Crude Prevalence","","","BRFSS","CLASS15","TOPIC23",39,"SEX2","CAT2","_TOTINDA","RESP046","    (40.06021014100048, -82.40426005599966)"
2022,"OK","Oklahoma","Physical Activity","Exercise","During the past month, did you participate in any physical activities? (variable calculated from one or more BRFSS questions)","Yes","Female","Sex","2,104",66.6,64.6,68.6,"4,400","%","Crude Prevalence","","","BRFSS","CLASS15","TOPIC23",40,"SEX2","CAT2","_TOTINDA","RESP046","    (35.47203135600046, -97.52107021399968)"
2022,"OR","Oregon","Physical Activity","Exercise","During the past month, did you participate in any physical activities? (variable calculated from one or more BRFSS questions)","Yes","Female","Sex","2,329",79.8,78,81.7,"4,400","%","Crude Prevalence","","","BRFSS","CLASS15","TOPIC23",41,"SEX2","CAT2","_TOTINDA","RESP046","    (44.56744942400047, -120.15503132599969)"
2022,"PA","Pennsylvania","Physical Activity","Exercise","During the past month, did you participate in any physical activities? (variable calculated from one or more BRFSS questions)","Yes","Female","Sex","1,759",74.5,71.7,77.3,"4,400","%","Crude Prevalence","","","BRFSS","CLASS15","TOPIC23",42,"SEX2","CAT2","_TOTINDA","RESP046","    (40.79373015200048, -77.86070029399963)"
2022,"PR","Puerto Rico","Physical Activity","Exercise","During the past month, did you participate in any physical activities? (variable calculated from one or more BRFSS questions)","Yes","Female","Sex","1,748",51.3,48.9,53.7,"4,400","%","Crude Prevalence","","","BRFSS","CLASS15","TOPIC23",72,"SEX2","CAT2","_TOTINDA","RESP046","    (18.220833, -66.590149)"
2022,"RI","Rhode Island","Physical Activity","Exercise","During the past month, did you participate in any physical activities? (variable calculated from one or more BRFSS questions)","Yes","Female","Sex","2,318",73.5,71.4,75.7,"4,400","%","Crude Prevalence","","","BRFSS","CLASS15","TOPIC23",44,"SEX2","CAT2","_TOTINDA","RESP046","    (41.70828019300046, -71.52247031399963)"
2022,"SC","South Carolina","Physical Activity","Exercise","During the past month, did you participate in any physical activities? (variable calculated from one or more BRFSS questions)","Yes","Female","Sex","3,858",70.3,68.6,72,"4,400","%","Crude Prevalence","","","BRFSS","CLASS15","TOPIC23",45,"SEX2","CAT2","_TOTINDA","RESP046","    (33.998821303000454, -81.04537120699968)"
2022,"SD","South Dakota","Physical Activity","Exercise","During the past month, did you participate in any physical activities? (variable calculated from one or more BRFSS questions)","Yes","Female","Sex","2,750",76.6,72.8,80.4,"4,400","%","Crude Prevalence","","","BRFSS","CLASS15","TOPIC23",46,"SEX2","CAT2","_TOTINDA","RESP046","    (44.353130053000484, -100.3735306369997)"
2022,"TN","Tennessee","Physical Activity","Exercise","During the past month, did you participate in any physical activities? (variable calculated from one or more BRFSS questions)","Yes","Female","Sex","1,799",67.6,65.3,70,"4,400","%","Crude Prevalence","","","BRFSS","CLASS15","TOPIC23",47,"SEX2","CAT2","_TOTINDA","RESP046","    (35.68094058000048, -85.77449091399967)"
2022,"TX","Texas","Physical Activity","Exercise","During the past month, did you participate in any physical activities? (variable calculated from one or more BRFSS questions)","Yes","Female","Sex","5,053",70.8,68.7,72.9,"4,400","%","Crude Prevalence","","","BRFSS","CLASS15","TOPIC23",48,"SEX2","CAT2","_TOTINDA","RESP046","    (31.827240407000488, -99.42677020599967)"
2022,"UT","Utah","Physical Activity","Exercise","During the past month, did you participate in any physical activities? (variable calculated from one or more BRFSS questions)","Yes","Female","Sex","3,881",81.4,80,82.8,"4,400","%","Crude Prevalence","","","BRFSS","CLASS15","TOPIC23",49,"SEX2","CAT2","_TOTINDA","RESP046","    (39.360700171000474, -111.58713063499971)"
2022,"VA","Virginia","Physical Activity","Exercise","During the past month, did you participate in any physical activities? (variable calculated from one or more BRFSS questions)","Yes","Female","Sex","4,456",76.2,74.6,77.8,"4,400","%","Crude Prevalence","","","BRFSS","CLASS15","TOPIC23",51,"SEX2","CAT2","_TOTINDA","RESP046","    (37.54268067400045, -78.45789046299967)"
2022,"VI","Virgin Islands","Physical Activity","Exercise","During the past month, did you participate in any physical activities? (variable calculated from one or more BRFSS questions)","Yes","Female","Sex","632",74.1,66.8,81.4,"4,400","%","Crude Prevalence","","","BRFSS","CLASS15","TOPIC23",78,"SEX2","CAT2","_TOTINDA","RESP046","    (18.335765, -64.896335)"
2022,"VT","Vermont","Physical Activity","Exercise","During the past month, did you participate in any physical activities? (variable calculated from one or more BRFSS questions)","Yes","Female","Sex","3,787",78.6,76.7,80.4,"4,400","%","Crude Prevalence","","","BRFSS","CLASS15","TOPIC23",50,"SEX2","CAT2","_TOTINDA","RESP046","    (43.62538123900049, -72.51764079099962)"
2022,"WA","Washington","Physical Activity","Exercise","During the past month, did you participate in any physical activities? (variable calculated from one or more BRFSS questions)","Yes","Female","Sex","11,077",81.3,80.4,82.2,"4,400","%","Crude Prevalence","","","BRFSS","CLASS15","TOPIC23",53,"SEX2","CAT2","_TOTINDA","RESP046","    (47.52227862900048, -120.47001078999972)"
2022,"WI","Wisconsin","Physical Activity","Exercise","During the past month, did you participate in any physical activities? (variable calculated from one or more BRFSS questions)","Yes","Female","Sex","4,407",76.6,75.1,78,"4,400","%","Crude Prevalence","","","BRFSS","CLASS15","TOPIC23",55,"SEX2","CAT2","_TOTINDA","RESP046","    (44.39319117400049, -89.81637074199966)"
2022,"WV","West Virginia","Physical Activity","Exercise","During the past month, did you participate in any physical activities? (variable calculated from one or more BRFSS questions)","Yes","Female","Sex","1,788",65.1,63,67.2,"4,400","%","Crude Prevalence","","","BRFSS","CLASS15","TOPIC23",54,"SEX2","CAT2","_TOTINDA","RESP046","    (38.66551020200046, -80.71264013499967)"
2022,"WY","Wyoming","Physical Activity","Exercise","During the past month, did you participate in any physical activities? (variable calculated from one or more BRFSS questions)","Yes","Female","Sex","1,609",74.8,72.4,77.2,"4,400","%","Crude Prevalence","","","BRFSS","CLASS15","TOPIC23",56,"SEX2","CAT2","_TOTINDA","RESP046","    (43.23554134300048, -108.10983035299967)"
2021,"AK","Alaska","Physical Activity","Exercise","During the past month, did you participate in any physical activities? (variable calculated from one or more BRFSS questions)","Yes","Female","Sex","2,090",77.7,75.2,80.3,"4,386","%","Crude Prevalence","","","BRFSS","CLASS15","TOPIC23",2,"SEX2","CAT2","_TOTINDA","RESP046","    (64.84507995700051, -147.72205903599973)"
2021,"AL","Alabama","Physical Activity","Exercise","During the past month, did you participate in any physical activities? (variable calculated from one or more BRFSS questions)","Yes","Female","Sex","1,730",64.3,62,66.7,"4,386","%","Crude Prevalence","","","BRFSS","CLASS15","TOPIC23",1,"SEX2","CAT2","_TOTINDA","RESP046","    (32.84057112200048, -86.63186076199969)"
2021,"AR","Arkansas","Physical Activity","Exercise","During the past month, did you participate in any physical activities? (variable calculated from one or more BRFSS questions)","Yes","Female","Sex","1,959",67.1,64.6,69.7,"4,386","%","Crude Prevalence","","","BRFSS","CLASS15","TOPIC23",5,"SEX2","CAT2","_TOTINDA","RESP046","    (34.74865012400045, -92.27449074299966)"
2021,"AZ","Arizona","Physical Activity","Exercise","During the past month, did you participate in any physical activities? (variable calculated from one or more BRFSS questions)","Yes","Female","Sex","4,151",74.1,72.4,75.8,"4,386","%","Crude Prevalence","","","BRFSS","CLASS15","TOPIC23",4,"SEX2","CAT2","_TOTINDA","RESP046","    (34.865970280000454, -111.76381127699972)"
2021,"CA","California","Physical Activity","Exercise","During the past month, did you participate in any physical activities? (variable calculated from one or more BRFSS questions)","Yes","Female","Sex","2,624",78,76,80,"4,386","%","Crude Prevalence","","","BRFSS","CLASS15","TOPIC23",6,"SEX2","CAT2","_TOTINDA","RESP046","    (37.63864012300047, -120.99999953799971)"
2021,"CO","Colorado","Physical Activity","Exercise","During the past month, did you participate in any physical activities? (variable calculated from one or more BRFSS questions)","Yes","Female","Sex","4,135",81,79.6,82.3,"4,386","%","Crude Prevalence","","","BRFSS","CLASS15","TOPIC23",8,"SEX2","CAT2","_TOTINDA","RESP046","    (38.843840757000464, -106.13361092099967)"
2021,"CT","Connecticut","Physical Activity","Exercise","During the past month, did you participate in any physical activities? (variable calculated from one or more BRFSS questions)","Yes","Female","Sex","3,286",73.7,71.8,75.6,"4,386","%","Crude Prevalence","","","BRFSS","CLASS15","TOPIC23",9,"SEX2","CAT2","_TOTINDA","RESP046","    (41.56266102000046, -72.64984095199964)"
2021,"DC","District of Columbia","Physical Activity","Exercise","During the past month, did you participate in any physical activities? (variable calculated from one or more BRFSS questions)","Yes","Female","Sex","1,448",82.9,80.5,85.3,"4,386","%","Crude Prevalence","","","BRFSS","CLASS15","TOPIC23",11,"SEX2","CAT2","_TOTINDA","RESP046","    (38.89037138500049, -77.03196112699965)"
2021,"DE","Delaware","Physical Activity","Exercise","During the past month, did you participate in any physical activities? (variable calculated from one or more BRFSS questions)","Yes","Female","Sex","1,392",68.2,65.4,71.1,"4,386","%","Crude Prevalence","","","BRFSS","CLASS15","TOPIC23",10,"SEX2","CAT2","_TOTINDA","RESP046","    (39.008830667000495, -75.57774116799965)"
2021,"GA","Georgia","Physical Activity","Exercise","During the past month, did you participate in any physical activities? (variable calculated from one or more BRFSS questions)","Yes","Female","Sex","3,254",73.6,71.8,75.5,"4,386","%","Crude Prevalence","","","BRFSS","CLASS15","TOPIC23",13,"SEX2","CAT2","_TOTINDA","RESP046","    (32.83968109300048, -83.62758034599966)"
2021,"GU","Guam","Physical Activity","Exercise","During the past month, did you participate in any physical activities? (variable calculated from one or more BRFSS questions)","Yes","Female","Sex","574",69.5,63.8,75.2,"4,386","%","Crude Prevalence","","","BRFSS","CLASS15","TOPIC23",66,"SEX2","CAT2","_TOTINDA","RESP046","    (13.444304, 144.793731)"
2021,"HI","Hawaii","Physical Activity","Exercise","During the past month, did you participate in any physical activities? (variable calculated from one or more BRFSS questions)","Yes","Female","Sex","3,308",77.2,75.4,79.1,"4,386","%","Crude Prevalence","","","BRFSS","CLASS15","TOPIC23",15,"SEX2","CAT2","_TOTINDA","RESP046","    (21.304850435000446, -157.85774940299973)"
2021,"IA","Iowa","Physical Activity","Exercise","During the past month, did you participate in any physical activities? (variable calculated from one or more BRFSS questions)","Yes","Female","Sex","3,440",73.2,71.5,74.8,"4,386","%","Crude Prevalence","","","BRFSS","CLASS15","TOPIC23",19,"SEX2","CAT2","_TOTINDA","RESP046","    (42.46940091300047, -93.81649055599968)"
2021,"ID","Idaho","Physical Activity","Exercise","During the past month, did you participate in any physical activities? (variable calculated from one or more BRFSS questions)","Yes","Female","Sex","2,723",78.8,77.2,80.5,"4,386","%","Crude Prevalence","","","BRFSS","CLASS15","TOPIC23",16,"SEX2","CAT2","_TOTINDA","RESP046","    (43.682630005000476, -114.3637300419997)"
2021,"IL","Illinois","Physical Activity","Exercise","During the past month, did you participate in any physical activities? (variable calculated from one or more BRFSS questions)","Yes","Female","Sex","1,193",70.6,67.6,73.6,"4,386","%","Crude Prevalence","","","BRFSS","CLASS15","TOPIC23",17,"SEX2","CAT2","_TOTINDA","RESP046","    (40.48501028300046, -88.99771017799969)"
2021,"IN","Indiana","Physical Activity","Exercise","During the past month, did you participate in any physical activities? (variable calculated from one or more BRFSS questions)","Yes","Female","Sex","3,840",72.5,71,73.9,"4,386","%","Crude Prevalence","","","BRFSS","CLASS15","TOPIC23",18,"SEX2","CAT2","_TOTINDA","RESP046","    (39.766910452000445, -86.14996019399968)"
2021,"KS","Kansas","Physical Activity","Exercise","During the past month, did you participate in any physical activities? (variable calculated from one or more BRFSS questions)","Yes","Female","Sex","6,781",74.5,73.4,75.7,"4,386","%","Crude Prevalence","","","BRFSS","CLASS15","TOPIC23",20,"SEX2","CAT2","_TOTINDA","RESP046","    (38.34774030000045, -98.20078122699965)"
2021,"KY","Kentucky","Physical Activity","Exercise","During the past month, did you participate in any physical activities? (variable calculated from one or more BRFSS questions)","Yes","Female","Sex","1,874",67.7,65.2,70.2,"4,386","%","Crude Prevalence","","","BRFSS","CLASS15","TOPIC23",21,"SEX2","CAT2","_TOTINDA","RESP046","    (37.645970271000465, -84.77497104799966)"
2021,"LA","Louisiana","Physical Activity","Exercise","During the past month, did you participate in any physical activities? (variable calculated from one or more BRFSS questions)","Yes","Female","Sex","1,907",67.2,64.8,69.6,"4,386","%","Crude Prevalence","","","BRFSS","CLASS15","TOPIC23",22,"SEX2","CAT2","_TOTINDA","RESP046","    (31.31266064400046, -92.44568007099969)"
2021,"MA","Massachusetts","Physical Activity","Exercise","During the past month, did you participate in any physical activities? (variable calculated from one or more BRFSS questions)","Yes","Female","Sex","3,188",76.4,74.7,78.2,"4,386","%","Crude Prevalence","","","BRFSS","CLASS15","TOPIC23",25,"SEX2","CAT2","_TOTINDA","RESP046","    (42.27687047000046, -72.08269067499964)"
2021,"MD","Maryland","Physical Activity","Exercise","During the past month, did you participate in any physical activities? (variable calculated from one or more BRFSS questions)","Yes","Female","Sex","6,314",75.3,73.9,76.7,"4,386","%","Crude Prevalence","","","BRFSS","CLASS15","TOPIC23",24,"SEX2","CAT2","_TOTINDA","RESP046","    (39.29058096400047, -76.60926011099963)"
2021,"ME","Maine","Physical Activity","Exercise","During the past month, did you participate in any physical activities? (variable calculated from one or more BRFSS questions)","Yes","Female","Sex","4,831",72.6,71,74.2,"4,386","%","Crude Prevalence","","","BRFSS","CLASS15","TOPIC23",23,"SEX2","CAT2","_TOTINDA","RESP046","    (45.254228894000505, -68.98503133599962)"
2021,"MI","Michigan","Physical Activity","Exercise","During the past month, did you participate in any physical activities? (variable calculated from one or more BRFSS questions)","Yes","Female","Sex","3,748",73,71.4,74.7,"4,386","%","Crude Prevalence","","","BRFSS","CLASS15","TOPIC23",26,"SEX2","CAT2","_TOTINDA","RESP046","    (44.6613195430005, -84.71439026999968)"
2021,"MN","Minnesota","Physical Activity","Exercise","During the past month, did you participate in any physical activities? (variable calculated from one or more BRFSS questions)","Yes","Female","Sex","6,425",78.1,77,79.3,"4,386","%","Crude Prevalence","","","BRFSS","CLASS15","TOPIC23",27,"SEX2","CAT2","_TOTINDA","RESP046","    (46.35564873600049, -94.79420050299967)"
2021,"MO","Missouri","Physical Activity","Exercise","During the past month, did you participate in any physical activities? (variable calculated from one or more BRFSS questions)","Yes","Female","Sex","4,606",74.4,72.8,76,"4,386","%","Crude Prevalence","","","BRFSS","CLASS15","TOPIC23",29,"SEX2","CAT2","_TOTINDA","RESP046","    (38.635790776000476, -92.56630005299968)"
2021,"MS","Mississippi","Physical Activity","Exercise","During the past month, did you participate in any physical activities? (variable calculated from one or more BRFSS questions)","Yes","Female","Sex","1,684",66.1,63.6,68.5,"4,386","%","Crude Prevalence","","","BRFSS","CLASS15","TOPIC23",28,"SEX2","CAT2","_TOTINDA","RESP046","    (32.745510099000455, -89.53803082499968)"
2021,"MT","Montana","Physical Activity","Exercise","During the past month, did you participate in any physical activities? (variable calculated from one or more BRFSS questions)","Yes","Female","Sex","2,306",76.8,74.8,78.7,"4,386","%","Crude Prevalence","","","BRFSS","CLASS15","TOPIC23",30,"SEX2","CAT2","_TOTINDA","RESP046","    (47.06652897200047, -109.42442064499971)"
2021,"NC","North Carolina","Physical Activity","Exercise","During the past month, did you participate in any physical activities? (variable calculated from one or more BRFSS questions)","Yes","Female","Sex","1,968",75.1,72.9,77.3,"4,386","%","Crude Prevalence","","","BRFSS","CLASS15","TOPIC23",37,"SEX2","CAT2","_TOTINDA","RESP046","    (35.466220975000454, -79.15925046299964)"
2021,"ND","North Dakota","Physical Activity","Exercise","During the past month, did you participate in any physical activities? (variable calculated from one or more BRFSS questions)","Yes","Female","Sex","2,079",73.4,71.2,75.6,"4,386","%","Crude Prevalence","","","BRFSS","CLASS15","TOPIC23",38,"SEX2","CAT2","_TOTINDA","RESP046","    (47.47531977900047, -100.11842104899966)"
2021,"NE","Nebraska","Physical Activity","Exercise","During the past month, did you participate in any physical activities? (variable calculated from one or more BRFSS questions)","Yes","Female","Sex","5,904",75,73.6,76.3,"4,386","%","Crude Prevalence","","","BRFSS","CLASS15","TOPIC23",31,"SEX2","CAT2","_TOTINDA","RESP046","    (41.6410409880005, -99.36572062299967)"
2021,"NH","New Hampshire","Physical Activity","Exercise","During the past month, did you participate in any physical activities? (variable calculated from one or more BRFSS questions)","Yes","Female","Sex","2,789",78.5,76.7,80.4,"4,386","%","Crude Prevalence","","","BRFSS","CLASS15","TOPIC23",33,"SEX2","CAT2","_TOTINDA","RESP046","    (43.65595011300047, -71.50036091999965)"
2021,"NJ","New Jersey","Physical Activity","Exercise","During the past month, did you participate in any physical activities? (variable calculated from one or more BRFSS questions)","Yes","Female","Sex","2,977",73.2,71.3,75.1,"4,386","%","Crude Prevalence","","","BRFSS","CLASS15","TOPIC23",34,"SEX2","CAT2","_TOTINDA","RESP046","    (40.13057004800049, -74.27369128799967)"
2021,"NM","New Mexico","Physical Activity","Exercise","During the past month, did you participate in any physical activities? (variable calculated from one or more BRFSS questions)","Yes","Female","Sex","2,580",73.7,71.6,75.8,"4,386","%","Crude Prevalence","","","BRFSS","CLASS15","TOPIC23",35,"SEX2","CAT2","_TOTINDA","RESP046","    (34.52088095200048, -106.24058098499967)"
2021,"NV","Nevada","Physical Activity","Exercise","During the past month, did you participate in any physical activities? (variable calculated from one or more BRFSS questions)","Yes","Female","Sex","1,090",73.8,70.4,77.2,"4,386","%","Crude Prevalence","","","BRFSS","CLASS15","TOPIC23",32,"SEX2","CAT2","_TOTINDA","RESP046","    (39.493240390000494, -117.07184056399967)"
2021,"NY","New York","Physical Activity","Exercise","During the past month, did you participate in any physical activities? (variable calculated from one or more BRFSS questions)","Yes","Female","Sex","15,251",71.9,70.8,73,"4,386","%","Crude Prevalence","","","BRFSS","CLASS15","TOPIC23",36,"SEX2","CAT2","_TOTINDA","RESP046","    (42.82700103200045, -75.54397042699964)"
2021,"OH","Ohio","Physical Activity","Exercise","During the past month, did you participate in any physical activities? (variable calculated from one or more BRFSS questions)","Yes","Female","Sex","5,303",71.1,69.6,72.5,"4,386","%","Crude Prevalence","","","BRFSS","CLASS15","TOPIC23",39,"SEX2","CAT2","_TOTINDA","RESP046","    (40.06021014100048, -82.40426005599966)"
2021,"OK","Oklahoma","Physical Activity","Exercise","During the past month, did you participate in any physical activities? (variable calculated from one or more BRFSS questions)","Yes","Female","Sex","2,061",69,66.9,71.2,"4,386","%","Crude Prevalence","","","BRFSS","CLASS15","TOPIC23",40,"SEX2","CAT2","_TOTINDA","RESP046","    (35.47203135600046, -97.52107021399968)"
2021,"OR","Oregon","Physical Activity","Exercise","During the past month, did you participate in any physical activities? (variable calculated from one or more BRFSS questions)","Yes","Female","Sex","2,208",78.1,76.2,80,"4,386","%","Crude Prevalence","","","BRFSS","CLASS15","TOPIC23",41,"SEX2","CAT2","_TOTINDA","RESP046","    (44.56744942400047, -120.15503132599969)"
2021,"PA","Pennsylvania","Physical Activity","Exercise","During the past month, did you participate in any physical activities? (variable calculated from one or more BRFSS questions)","Yes","Female","Sex","2,461",73.2,71.1,75.2,"4,386","%","Crude Prevalence","","","BRFSS","CLASS15","TOPIC23",42,"SEX2","CAT2","_TOTINDA","RESP046","    (40.79373015200048, -77.86070029399963)"
2021,"PR","Puerto Rico","Physical Activity","Exercise","During the past month, did you participate in any physical activities? (variable calculated from one or more BRFSS questions)","Yes","Female","Sex","1,255",50.5,47.7,53.3,"4,386","%","Crude Prevalence","","","BRFSS","CLASS15","TOPIC23",72,"SEX2","CAT2","_TOTINDA","RESP046","    (18.220833, -66.590149)"
2021,"RI","Rhode Island","Physical Activity","Exercise","During the past month, did you participate in any physical activities? (variable calculated from one or more BRFSS questions)","Yes","Female","Sex","2,351",73.3,71.1,75.4,"4,386","%","Crude Prevalence","","","BRFSS","CLASS15","TOPIC23",44,"SEX2","CAT2","_TOTINDA","RESP046","    (41.70828019300046, -71.52247031399963)"
2021,"SC","South Carolina","Physical Activity","Exercise","During the past month, did you participate in any physical activities? (variable calculated from one or more BRFSS questions)","Yes","Female","Sex","3,915",72.6,70.9,74.3,"4,386","%","Crude Prevalence","","","BRFSS","CLASS15","TOPIC23",45,"SEX2","CAT2","_TOTINDA","RESP046","    (33.998821303000454, -81.04537120699968)"
2021,"SD","South Dakota","Physical Activity","Exercise","During the past month, did you participate in any physical activities? (variable calculated from one or more BRFSS questions)","Yes","Female","Sex","2,826",76.2,73.1,79.2,"4,386","%","Crude Prevalence","","","BRFSS","CLASS15","TOPIC23",46,"SEX2","CAT2","_TOTINDA","RESP046","    (44.353130053000484, -100.3735306369997)"
2021,"TN","Tennessee","Physical Activity","Exercise","During the past month, did you participate in any physical activities? (variable calculated from one or more BRFSS questions)","Yes","Female","Sex","1,777",69.5,67.2,71.9,"4,386","%","Crude Prevalence","","","BRFSS","CLASS15","TOPIC23",47,"SEX2","CAT2","_TOTINDA","RESP046","    (35.68094058000048, -85.77449091399967)"
2021,"TX","Texas","Physical Activity","Exercise","During the past month, did you participate in any physical activities? (variable calculated from one or more BRFSS questions)","Yes","Female","Sex","3,987",72.9,70.8,75,"4,386","%","Crude Prevalence","","","BRFSS","CLASS15","TOPIC23",48,"SEX2","CAT2","_TOTINDA","RESP046","    (31.827240407000488, -99.42677020599967)"
2021,"UT","Utah","Physical Activity","Exercise","During the past month, did you participate in any physical activities? (variable calculated from one or more BRFSS questions)","Yes","Female","Sex","4,190",80.6,79.3,82,"4,386","%","Crude Prevalence","","","BRFSS","CLASS15","TOPIC23",49,"SEX2","CAT2","_TOTINDA","RESP046","    (39.360700171000474, -111.58713063499971)"
2021,"VA","Virginia","Physical Activity","Exercise","During the past month, did you participate in any physical activities? (variable calculated from one or more BRFSS questions)","Yes","Female","Sex","4,109",75.4,73.6,77.1,"4,386","%","Crude Prevalence","","","BRFSS","CLASS15","TOPIC23",51,"SEX2","CAT2","_TOTINDA","RESP046","    (37.54268067400045, -78.45789046299967)"
2021,"VI","Virgin Islands","Physical Activity","Exercise","During the past month, did you participate in any physical activities? (variable calculated from one or more BRFSS questions)","Yes","Female","Sex","546",73.1,65,81.2,"4,386","%","Crude Prevalence","","","BRFSS","CLASS15","TOPIC23",78,"SEX2","CAT2","_TOTINDA","RESP046","    (18.335765, -64.896335)"
2021,"VT","Vermont","Physical Activity","Exercise","During the past month, did you participate in any physical activities? (variable calculated from one or more BRFSS questions)","Yes","Female","Sex","2,957",81,78.9,83.1,"4,386","%","Crude Prevalence","","","BRFSS","CLASS15","TOPIC23",50,"SEX2","CAT2","_TOTINDA","RESP046","    (43.62538123900049, -72.51764079099962)"
2021,"WA","Washington","Physical Activity","Exercise","During the past month, did you participate in any physical activities? (variable calculated from one or more BRFSS questions)","Yes","Female","Sex","5,518",80.8,79.5,82.1,"4,386","%","Crude Prevalence","","","BRFSS","CLASS15","TOPIC23",53,"SEX2","CAT2","_TOTINDA","RESP046","    (47.52227862900048, -120.47001078999972)"
2021,"WI","Wisconsin","Physical Activity","Exercise","During the past month, did you participate in any physical activities? (variable calculated from one or more BRFSS questions)","Yes","Female","Sex","2,513",77.1,75,79.2,"4,386","%","Crude Prevalence","","","BRFSS","CLASS15","TOPIC23",55,"SEX2","CAT2","_TOTINDA","RESP046","    (44.39319117400049, -89.81637074199966)"
2021,"WV","West Virginia","Physical Activity","Exercise","During the past month, did you participate in any physical activities? (variable calculated from one or more BRFSS questions)","Yes","Female","Sex","2,400",64.6,62.7,66.5,"4,386","%","Crude Prevalence","","","BRFSS","CLASS15","TOPIC23",54,"SEX2","CAT2","_TOTINDA","RESP046","    (38.66551020200046, -80.71264013499967)"
2021,"WY","Wyoming","Physical Activity","Exercise","During the past month, did you participate in any physical activities? (variable calculated from one or more BRFSS questions)","Yes","Female","Sex","1,841",74.7,72,77.4,"4,386","%","Crude Prevalence","","","BRFSS","CLASS15","TOPIC23",56,"SEX2","CAT2","_TOTINDA","RESP046","    (43.23554134300048, -108.10983035299967)"
2020,"AK","Alaska","Physical Activity","Exercise","During the past month, did you participate in any physical activities? (variable calculated from one or more BRFSS questions)","Yes","Female","Sex","1,388",75.3,72.1,78.4,"1","%","Crude Prevalence","","","BRFSS","CLASS15","TOPIC23",2,"SEX2","CAT2","_TOTINDA","RESP046","    (64.84507995700051, -147.72205903599973)"
2020,"AL","Alabama","Physical Activity","Exercise","During the past month, did you participate in any physical activities? (variable calculated from one or more BRFSS questions)","Yes","Female","Sex","2,154",67.8,65.7,70,"1","%","Crude Prevalence","","","BRFSS","CLASS15","TOPIC23",1,"SEX2","CAT2","_TOTINDA","RESP046","    (32.84057112200048, -86.63186076199969)"
2020,"AR","Arkansas","Physical Activity","Exercise","During the past month, did you participate in any physical activities? (variable calculated from one or more BRFSS questions)","Yes","Female","Sex","1,915",66,63.4,68.5,"1","%","Crude Prevalence","","","BRFSS","CLASS15","TOPIC23",5,"SEX2","CAT2","_TOTINDA","RESP046","    (34.74865012400045, -92.27449074299966)"
2020,"AZ","Arizona","Physical Activity","Exercise","During the past month, did you participate in any physical activities? (variable calculated from one or more BRFSS questions)","Yes","Female","Sex","4,120",75.7,74,77.4,"1","%","Crude Prevalence","","","BRFSS","CLASS15","TOPIC23",4,"SEX2","CAT2","_TOTINDA","RESP046","    (34.865970280000454, -111.76381127699972)"
2020,"CA","California","Physical Activity","Exercise","During the past month, did you participate in any physical activities? (variable calculated from one or more BRFSS questions)","Yes","Female","Sex","1,967",78.1,75.8,80.5,"1","%","Crude Prevalence","","","BRFSS","CLASS15","TOPIC23",6,"SEX2","CAT2","_TOTINDA","RESP046","    (37.63864012300047, -120.99999953799971)"
2020,"CO","Colorado","Physical Activity","Exercise","During the past month, did you participate in any physical activities? (variable calculated from one or more BRFSS questions)","Yes","Female","Sex","4,189",81.9,80.6,83.2,"1","%","Crude Prevalence","","","BRFSS","CLASS15","TOPIC23",8,"SEX2","CAT2","_TOTINDA","RESP046","    (38.843840757000464, -106.13361092099967)"
2020,"CT","Connecticut","Physical Activity","Exercise","During the past month, did you participate in any physical activities? (variable calculated from one or more BRFSS questions)","Yes","Female","Sex","3,791",77.6,75.7,79.4,"1","%","Crude Prevalence","","","BRFSS","CLASS15","TOPIC23",9,"SEX2","CAT2","_TOTINDA","RESP046","    (41.56266102000046, -72.64984095199964)"
2020,"DC","District of Columbia","Physical Activity","Exercise","During the past month, did you participate in any physical activities? (variable calculated from one or more BRFSS questions)","Yes","Female","Sex","1,503",79,76.2,81.7,"1","%","Crude Prevalence","","","BRFSS","CLASS15","TOPIC23",11,"SEX2","CAT2","_TOTINDA","RESP046","    (38.89037138500049, -77.03196112699965)"
2020,"DE","Delaware","Physical Activity","Exercise","During the past month, did you participate in any physical activities? (variable calculated from one or more BRFSS questions)","Yes","Female","Sex","1,584",73.5,70.9,76,"1","%","Crude Prevalence","","","BRFSS","CLASS15","TOPIC23",10,"SEX2","CAT2","_TOTINDA","RESP046","    (39.008830667000495, -75.57774116799965)"
2020,"FL","Florida","Physical Activity","Exercise","During the past month, did you participate in any physical activities? (variable calculated from one or more BRFSS questions)","Yes","Female","Sex","4,450",70.1,67.5,72.7,"1","%","Crude Prevalence","","","BRFSS","CLASS15","TOPIC23",12,"SEX2","CAT2","_TOTINDA","RESP046","    (28.932040377000476, -81.92896053899966)"
2020,"GA","Georgia","Physical Activity","Exercise","During the past month, did you participate in any physical activities? (variable calculated from one or more BRFSS questions)","Yes","Female","Sex","3,483",72.4,70.4,74.5,"1","%","Crude Prevalence","","","BRFSS","CLASS15","TOPIC23",13,"SEX2","CAT2","_TOTINDA","RESP046","    (32.83968109300048, -83.62758034599966)"
2020,"GU","Guam","Physical Activity","Exercise","During the past month, did you participate in any physical activities? (variable calculated from one or more BRFSS questions)","Yes","Female","Sex","839",69.8,64.7,74.8,"1","%","Crude Prevalence","","","BRFSS","CLASS15","TOPIC23",66,"SEX2","CAT2","_TOTINDA","RESP046","    (13.444304, 144.793731)"
2020,"HI","Hawaii","Physical Activity","Exercise","During the past month, did you participate in any physical activities? (variable calculated from one or more BRFSS questions)","Yes","Female","Sex","3,355",78.2,76.4,80,"1","%","Crude Prevalence","","","BRFSS","CLASS15","TOPIC23",15,"SEX2","CAT2","_TOTINDA","RESP046","    (21.304850435000446, -157.85774940299973)"
2020,"IA","Iowa","Physical Activity","Exercise","During the past month, did you participate in any physical activities? (variable calculated from one or more BRFSS questions)","Yes","Female","Sex","3,761",75.4,74,76.9,"1","%","Crude Prevalence","","","BRFSS","CLASS15","TOPIC23",19,"SEX2","CAT2","_TOTINDA","RESP046","    (42.46940091300047, -93.81649055599968)"
2020,"ID","Idaho","Physical Activity","Exercise","During the past month, did you participate in any physical activities? (variable calculated from one or more BRFSS questions)","Yes","Female","Sex","2,371",78.4,76.4,80.5,"1","%","Crude Prevalence","","","BRFSS","CLASS15","TOPIC23",16,"SEX2","CAT2","_TOTINDA","RESP046","    (43.682630005000476, -114.3637300419997)"
2020,"IL","Illinois","Physical Activity","Exercise","During the past month, did you participate in any physical activities? (variable calculated from one or more BRFSS questions)","Yes","Female","Sex","1,471",75,72.4,77.7,"1","%","Crude Prevalence","","","BRFSS","CLASS15","TOPIC23",17,"SEX2","CAT2","_TOTINDA","RESP046","    (40.48501028300046, -88.99771017799969)"
2020,"IN","Indiana","Physical Activity","Exercise","During the past month, did you participate in any physical activities? (variable calculated from one or more BRFSS questions)","Yes","Female","Sex","3,236",71.1,69.5,72.8,"1","%","Crude Prevalence","","","BRFSS","CLASS15","TOPIC23",18,"SEX2","CAT2","_TOTINDA","RESP046","    (39.766910452000445, -86.14996019399968)"
2020,"KS","Kansas","Physical Activity","Exercise","During the past month, did you participate in any physical activities? (variable calculated from one or more BRFSS questions)","Yes","Female","Sex","4,266",76.7,75.3,78.2,"1","%","Crude Prevalence","","","BRFSS","CLASS15","TOPIC23",20,"SEX2","CAT2","_TOTINDA","RESP046","    (38.34774030000045, -98.20078122699965)"
2020,"KY","Kentucky","Physical Activity","Exercise","During the past month, did you participate in any physical activities? (variable calculated from one or more BRFSS questions)","Yes","Female","Sex","1,379",67.4,64.9,70,"1","%","Crude Prevalence","","","BRFSS","CLASS15","TOPIC23",21,"SEX2","CAT2","_TOTINDA","RESP046","    (37.645970271000465, -84.77497104799966)"
2020,"LA","Louisiana","Physical Activity","Exercise","During the past month, did you participate in any physical activities? (variable calculated from one or more BRFSS questions)","Yes","Female","Sex","1,703",66.4,64.1,68.8,"1","%","Crude Prevalence","","","BRFSS","CLASS15","TOPIC23",22,"SEX2","CAT2","_TOTINDA","RESP046","    (31.31266064400046, -92.44568007099969)"
2020,"MA","Massachusetts","Physical Activity","Exercise","During the past month, did you participate in any physical activities? (variable calculated from one or more BRFSS questions)","Yes","Female","Sex","3,073",78.5,76.7,80.3,"1","%","Crude Prevalence","","","BRFSS","CLASS15","TOPIC23",25,"SEX2","CAT2","_TOTINDA","RESP046","    (42.27687047000046, -72.08269067499964)"
2020,"MD","Maryland","Physical Activity","Exercise","During the past month, did you participate in any physical activities? (variable calculated from one or more BRFSS questions)","Yes","Female","Sex","5,946",76.6,75.3,78,"1","%","Crude Prevalence","","","BRFSS","CLASS15","TOPIC23",24,"SEX2","CAT2","_TOTINDA","RESP046","    (39.29058096400047, -76.60926011099963)"
2020,"ME","Maine","Physical Activity","Exercise","During the past month, did you participate in any physical activities? (variable calculated from one or more BRFSS questions)","Yes","Female","Sex","4,934",78.7,77.2,80.2,"1","%","Crude Prevalence","","","BRFSS","CLASS15","TOPIC23",23,"SEX2","CAT2","_TOTINDA","RESP046","    (45.254228894000505, -68.98503133599962)"
2020,"MI","Michigan","Physical Activity","Exercise","During the past month, did you participate in any physical activities? (variable calculated from one or more BRFSS questions)","Yes","Female","Sex","3,166",77.6,75.9,79.3,"1","%","Crude Prevalence","","","BRFSS","CLASS15","TOPIC23",26,"SEX2","CAT2","_TOTINDA","RESP046","    (44.6613195430005, -84.71439026999968)"
2020,"MN","Minnesota","Physical Activity","Exercise","During the past month, did you participate in any physical activities? (variable calculated from one or more BRFSS questions)","Yes","Female","Sex","6,544",80.2,79.1,81.3,"1","%","Crude Prevalence","","","BRFSS","CLASS15","TOPIC23",27,"SEX2","CAT2","_TOTINDA","RESP046","    (46.35564873600049, -94.79420050299967)"
2020,"MO","Missouri","Physical Activity","Exercise","During the past month, did you participate in any physical activities? (variable calculated from one or more BRFSS questions)","Yes","Female","Sex","3,602",72,70.3,73.7,"1","%","Crude Prevalence","","","BRFSS","CLASS15","TOPIC23",29,"SEX2","CAT2","_TOTINDA","RESP046","    (38.635790776000476, -92.56630005299968)"
2020,"MS","Mississippi","Physical Activity","Exercise","During the past month, did you participate in any physical activities? (variable calculated from one or more BRFSS questions)","Yes","Female","Sex","2,499",66,64,67.9,"1","%","Crude Prevalence","","","BRFSS","CLASS15","TOPIC23",28,"SEX2","CAT2","_TOTINDA","RESP046","    (32.745510099000455, -89.53803082499968)"
2020,"MT","Montana","Physical Activity","Exercise","During the past month, did you participate in any physical activities? (variable calculated from one or more BRFSS questions)","Yes","Female","Sex","2,505",80.6,78.9,82.2,"1","%","Crude Prevalence","","","BRFSS","CLASS15","TOPIC23",30,"SEX2","CAT2","_TOTINDA","RESP046","    (47.06652897200047, -109.42442064499971)"
2020,"NC","North Carolina","Physical Activity","Exercise","During the past month, did you participate in any physical activities? (variable calculated from one or more BRFSS questions)","Yes","Female","Sex","2,432",76.8,74.9,78.6,"1","%","Crude Prevalence","","","BRFSS","CLASS15","TOPIC23",37,"SEX2","CAT2","_TOTINDA","RESP046","    (35.466220975000454, -79.15925046299964)"
2020,"ND","North Dakota","Physical Activity","Exercise","During the past month, did you participate in any physical activities? (variable calculated from one or more BRFSS questions)","Yes","Female","Sex","1,670",74.8,72.4,77.3,"1","%","Crude Prevalence","","","BRFSS","CLASS15","TOPIC23",38,"SEX2","CAT2","_TOTINDA","RESP046","    (47.47531977900047, -100.11842104899966)"
2020,"NE","Nebraska","Physical Activity","Exercise","During the past month, did you participate in any physical activities? (variable calculated from one or more BRFSS questions)","Yes","Female","Sex","6,018",77.8,76.4,79.2,"1","%","Crude Prevalence","","","BRFSS","CLASS15","TOPIC23",31,"SEX2","CAT2","_TOTINDA","RESP046","    (41.6410409880005, -99.36572062299967)"
2020,"NH","New Hampshire","Physical Activity","Exercise","During the past month, did you participate in any physical activities? (variable calculated from one or more BRFSS questions)","Yes","Female","Sex","2,783",78.2,76.3,80.1,"1","%","Crude Prevalence","","","BRFSS","CLASS15","TOPIC23",33,"SEX2","CAT2","_TOTINDA","RESP046","    (43.65595011300047, -71.50036091999965)"
2020,"NJ","New Jersey","Physical Activity","Exercise","During the past month, did you participate in any physical activities? (variable calculated from one or more BRFSS questions)","Yes","Female","Sex","4,601",77,75.5,78.6,"1","%","Crude Prevalence","","","BRFSS","CLASS15","TOPIC23",34,"SEX2","CAT2","_TOTINDA","RESP046","    (40.13057004800049, -74.27369128799967)"
2020,"NM","New Mexico","Physical Activity","Exercise","During the past month, did you participate in any physical activities? (variable calculated from one or more BRFSS questions)","Yes","Female","Sex","2,984",75.2,72.8,77.5,"1","%","Crude Prevalence","","","BRFSS","CLASS15","TOPIC23",35,"SEX2","CAT2","_TOTINDA","RESP046","    (34.52088095200048, -106.24058098499967)"
2020,"NV","Nevada","Physical Activity","Exercise","During the past month, did you participate in any physical activities? (variable calculated from one or more BRFSS questions)","Yes","Female","Sex","942",72.1,68.6,75.5,"1","%","Crude Prevalence","","","BRFSS","CLASS15","TOPIC23",32,"SEX2","CAT2","_TOTINDA","RESP046","    (39.493240390000494, -117.07184056399967)"
2020,"NY","New York","Physical Activity","Exercise","During the past month, did you participate in any physical activities? (variable calculated from one or more BRFSS questions)","Yes","Female","Sex","5,989",72.5,71,73.9,"1","%","Crude Prevalence","","","BRFSS","CLASS15","TOPIC23",36,"SEX2","CAT2","_TOTINDA","RESP046","    (42.82700103200045, -75.54397042699964)"
2020,"OH","Ohio","Physical Activity","Exercise","During the past month, did you participate in any physical activities? (variable calculated from one or more BRFSS questions)","Yes","Female","Sex","5,504",72.9,71.5,74.3,"1","%","Crude Prevalence","","","BRFSS","CLASS15","TOPIC23",39,"SEX2","CAT2","_TOTINDA","RESP046","    (40.06021014100048, -82.40426005599966)"
2020,"OK","Oklahoma","Physical Activity","Exercise","During the past month, did you participate in any physical activities? (variable calculated from one or more BRFSS questions)","Yes","Female","Sex","1,922",68.3,66.1,70.4,"1","%","Crude Prevalence","","","BRFSS","CLASS15","TOPIC23",40,"SEX2","CAT2","_TOTINDA","RESP046","    (35.47203135600046, -97.52107021399968)"
2020,"OR","Oregon","Physical Activity","Exercise","During the past month, did you participate in any physical activities? (variable calculated from one or more BRFSS questions)","Yes","Female","Sex","2,322",81.5,79.7,83.3,"1","%","Crude Prevalence","","","BRFSS","CLASS15","TOPIC23",41,"SEX2","CAT2","_TOTINDA","RESP046","    (44.56744942400047, -120.15503132599969)"
2020,"PA","Pennsylvania","Physical Activity","Exercise","During the past month, did you participate in any physical activities? (variable calculated from one or more BRFSS questions)","Yes","Female","Sex","2,082",72.4,70,74.8,"1","%","Crude Prevalence","","","BRFSS","CLASS15","TOPIC23",42,"SEX2","CAT2","_TOTINDA","RESP046","    (40.79373015200048, -77.86070029399963)"
2020,"PR","Puerto Rico","Physical Activity","Exercise","During the past month, did you participate in any physical activities? (variable calculated from one or more BRFSS questions)","Yes","Female","Sex","1,508",48.9,46,51.8,"1","%","Crude Prevalence","","","BRFSS","CLASS15","TOPIC23",72,"SEX2","CAT2","_TOTINDA","RESP046","    (18.220833, -66.590149)"
2020,"RI","Rhode Island","Physical Activity","Exercise","During the past month, did you participate in any physical activities? (variable calculated from one or more BRFSS questions)","Yes","Female","Sex","2,308",74.3,72.1,76.6,"1","%","Crude Prevalence","","","BRFSS","CLASS15","TOPIC23",44,"SEX2","CAT2","_TOTINDA","RESP046","    (41.70828019300046, -71.52247031399963)"
2020,"SC","South Carolina","Physical Activity","Exercise","During the past month, did you participate in any physical activities? (variable calculated from one or more BRFSS questions)","Yes","Female","Sex","1,564",70.9,68.4,73.4,"1","%","Crude Prevalence","","","BRFSS","CLASS15","TOPIC23",45,"SEX2","CAT2","_TOTINDA","RESP046","    (33.998821303000454, -81.04537120699968)"
2020,"SD","South Dakota","Physical Activity","Exercise","During the past month, did you participate in any physical activities? (variable calculated from one or more BRFSS questions)","Yes","Female","Sex","2,848",78,75.2,80.7,"1","%","Crude Prevalence","","","BRFSS","CLASS15","TOPIC23",46,"SEX2","CAT2","_TOTINDA","RESP046","    (44.353130053000484, -100.3735306369997)"
2020,"TN","Tennessee","Physical Activity","Exercise","During the past month, did you participate in any physical activities? (variable calculated from one or more BRFSS questions)","Yes","Female","Sex","1,830",72.5,70.1,74.8,"1","%","Crude Prevalence","","","BRFSS","CLASS15","TOPIC23",47,"SEX2","CAT2","_TOTINDA","RESP046","    (35.68094058000048, -85.77449091399967)"
2020,"TX","Texas","Physical Activity","Exercise","During the past month, did you participate in any physical activities? (variable calculated from one or more BRFSS questions)","Yes","Female","Sex","4,049",72.7,70.4,75,"1","%","Crude Prevalence","","","BRFSS","CLASS15","TOPIC23",48,"SEX2","CAT2","_TOTINDA","RESP046","    (31.827240407000488, -99.42677020599967)"
2020,"UT","Utah","Physical Activity","Exercise","During the past month, did you participate in any physical activities? (variable calculated from one or more BRFSS questions)","Yes","Female","Sex","4,517",82,80.7,83.3,"1","%","Crude Prevalence","","","BRFSS","CLASS15","TOPIC23",49,"SEX2","CAT2","_TOTINDA","RESP046","    (39.360700171000474, -111.58713063499971)"
2020,"VA","Virginia","Physical Activity","Exercise","During the past month, did you participate in any physical activities? (variable calculated from one or more BRFSS questions)","Yes","Female","Sex","3,931",76.9,75.4,78.5,"1","%","Crude Prevalence","","","BRFSS","CLASS15","TOPIC23",51,"SEX2","CAT2","_TOTINDA","RESP046","    (37.54268067400045, -78.45789046299967)"
2020,"VT","Vermont","Physical Activity","Exercise","During the past month, did you participate in any physical activities? (variable calculated from one or more BRFSS questions)","Yes","Female","Sex","2,906",81.6,79.7,83.5,"1","%","Crude Prevalence","","","BRFSS","CLASS15","TOPIC23",50,"SEX2","CAT2","_TOTINDA","RESP046","    (43.62538123900049, -72.51764079099962)"
2020,"WA","Washington","Physical Activity","Exercise","During the past month, did you participate in any physical activities? (variable calculated from one or more BRFSS questions)","Yes","Female","Sex","5,476",80.3,78.9,81.6,"1","%","Crude Prevalence","","","BRFSS","CLASS15","TOPIC23",53,"SEX2","CAT2","_TOTINDA","RESP046","    (47.52227862900048, -120.47001078999972)"
2020,"WI","Wisconsin","Physical Activity","Exercise","During the past month, did you participate in any physical activities? (variable calculated from one or more BRFSS questions)","Yes","Female","Sex","2,086",78,75.7,80.4,"1","%","Crude Prevalence","","","BRFSS","CLASS15","TOPIC23",55,"SEX2","CAT2","_TOTINDA","RESP046","    (44.39319117400049, -89.81637074199966)"
2020,"WV","West Virginia","Physical Activity","Exercise","During the past month, did you participate in any physical activities? (variable calculated from one or more BRFSS questions)","Yes","Female","Sex","2,149",66.8,64.9,68.7,"1","%","Crude Prevalence","","","BRFSS","CLASS15","TOPIC23",54,"SEX2","CAT2","_TOTINDA","RESP046","    (38.66551020200046, -80.71264013499967)"
2020,"WY","Wyoming","Physical Activity","Exercise","During the past month, did you participate in any physical activities? (variable calculated from one or more BRFSS questions)","Yes","Female","Sex","1,912",75.4,73,77.8,"1","%","Crude Prevalence","","","BRFSS","CLASS15","TOPIC23",56,"SEX2","CAT2","_TOTINDA","RESP046","    (43.23554134300048, -108.10983035299967)"
2019,"AK","Alaska","Physical Activity","Strength Activity","Participated in muscle strengthening exercises two or more times per week (variable calculated from one or more BRFSS questions)","Yes","Female","Sex","497",33.6,29.6,37.6,"1","%","Crude Prevalence","","","BRFSS","CLASS15","TOPIC56",2,"SEX2","CAT2","_PASTRNG","RESP046","    (64.84507995700051, -147.72205903599973)"
2019,"AK","Alaska","Physical Activity","Physical Activity Index","Participated in enough Aerobic and Muscle Strengthening exercises to meet guidelines (variable calculated from one or more BRFSS questions)","Yes","Female","Sex","343",23.6,20,27.1,"1","%","Crude Prevalence","","","BRFSS","CLASS15","TOPIC45",2,"SEX2","CAT2","_PASTAE2","RESP046","    (64.84507995700051, -147.72205903599973)"
2019,"AK","Alaska","Physical Activity","Exercise","During the past month, did you participate in any physical activities? (variable calculated from one or more BRFSS questions)","Yes","Female","Sex","1,168",78.8,75.1,82.5,"1","%","Crude Prevalence","","","BRFSS","CLASS15","TOPIC23",2,"SEX2","CAT2","_TOTINDA","RESP046","    (64.84507995700051, -147.72205903599973)"
2019,"AK","Alaska","Physical Activity","Aerobic Activity","Participated in 150 minutes or more of Aerobic Physical Activity per week (variable calculated from one or more BRFSS questions)","Yes","Female","Sex","830",55.8,51.3,60.2,"1","%","Crude Prevalence","","","BRFSS","CLASS15","TOPIC01",2,"SEX2","CAT2","_PAINDX2","RESP046","    (64.84507995700051, -147.72205903599973)"
2019,"AL","Alabama","Physical Activity","Aerobic Activity","Participated in 150 minutes or more of Aerobic Physical Activity per week (variable calculated from one or more BRFSS questions)","Yes","Female","Sex","1,621",42.9,40.8,45.1,"1","%","Crude Prevalence","","","BRFSS","CLASS15","TOPIC01",1,"SEX2","CAT2","_PAINDX2","RESP046","    (32.84057112200048, -86.63186076199969)"
2019,"AL","Alabama","Physical Activity","Exercise","During the past month, did you participate in any physical activities? (variable calculated from one or more BRFSS questions)","Yes","Female","Sex","2,550",65.6,63.7,67.6,"1","%","Crude Prevalence","","","BRFSS","CLASS15","TOPIC23",1,"SEX2","CAT2","_TOTINDA","RESP046","    (32.84057112200048, -86.63186076199969)"
2019,"AL","Alabama","Physical Activity","Physical Activity Index","Participated in enough Aerobic and Muscle Strengthening exercises to meet guidelines (variable calculated from one or more BRFSS questions)","Yes","Female","Sex","521",14.8,13.2,16.4,"1","%","Crude Prevalence","","","BRFSS","CLASS15","TOPIC45",1,"SEX2","CAT2","_PASTAE2","RESP046","    (32.84057112200048, -86.63186076199969)"
2019,"AL","Alabama","Physical Activity","Strength Activity","Participated in muscle strengthening exercises two or more times per week (variable calculated from one or more BRFSS questions)","Yes","Female","Sex","905",24.6,22.7,26.4,"1","%","Crude Prevalence","","","BRFSS","CLASS15","TOPIC56",1,"SEX2","CAT2","_PASTRNG","RESP046","    (32.84057112200048, -86.63186076199969)"
2019,"AR","Arkansas","Physical Activity","Strength Activity","Participated in muscle strengthening exercises two or more times per week (variable calculated from one or more BRFSS questions)","Yes","Female","Sex","832",28.1,25.6,30.7,"1","%","Crude Prevalence","","","BRFSS","CLASS15","TOPIC56",5,"SEX2","CAT2","_PASTRNG","RESP046","    (34.74865012400045, -92.27449074299966)"
2019,"AR","Arkansas","Physical Activity","Physical Activity Index","Participated in enough Aerobic and Muscle Strengthening exercises to meet guidelines (variable calculated from one or more BRFSS questions)","Yes","Female","Sex","499",16.9,14.8,19.1,"1","%","Crude Prevalence","","","BRFSS","CLASS15","TOPIC45",5,"SEX2","CAT2","_PASTAE2","RESP046","    (34.74865012400045, -92.27449074299966)"
2019,"AR","Arkansas","Physical Activity","Exercise","During the past month, did you participate in any physical activities? (variable calculated from one or more BRFSS questions)","Yes","Female","Sex","1,902",65.9,63.4,68.4,"1","%","Crude Prevalence","","","BRFSS","CLASS15","TOPIC23",5,"SEX2","CAT2","_TOTINDA","RESP046","    (34.74865012400045, -92.27449074299966)"
2019,"AR","Arkansas","Physical Activity","Aerobic Activity","Participated in 150 minutes or more of Aerobic Physical Activity per week (variable calculated from one or more BRFSS questions)","Yes","Female","Sex","1,265",42.7,39.9,45.4,"1","%","Crude Prevalence","","","BRFSS","CLASS15","TOPIC01",5,"SEX2","CAT2","_PAINDX2","RESP046","    (34.74865012400045, -92.27449074299966)"
2019,"AZ","Arizona","Physical Activity","Strength Activity","Participated in muscle strengthening exercises two or more times per week (variable calculated from one or more BRFSS questions)","Yes","Female","Sex","1,580",34.2,31.8,36.6,"1","%","Crude Prevalence","","","BRFSS","CLASS15","TOPIC56",4,"SEX2","CAT2","_PASTRNG","RESP046","    (34.865970280000454, -111.76381127699972)"
2019,"AZ","Arizona","Physical Activity","Aerobic Activity","Participated in 150 minutes or more of Aerobic Physical Activity per week (variable calculated from one or more BRFSS questions)","Yes","Female","Sex","2,385",52,49.4,54.6,"1","%","Crude Prevalence","","","BRFSS","CLASS15","TOPIC01",4,"SEX2","CAT2","_PAINDX2","RESP046","    (34.865970280000454, -111.76381127699972)"
2019,"AZ","Arizona","Physical Activity","Exercise","During the past month, did you participate in any physical activities? (variable calculated from one or more BRFSS questions)","Yes","Female","Sex","3,324",74.1,71.9,76.3,"1","%","Crude Prevalence","","","BRFSS","CLASS15","TOPIC23",4,"SEX2","CAT2","_TOTINDA","RESP046","    (34.865970280000454, -111.76381127699972)"
2019,"AZ","Arizona","Physical Activity","Physical Activity Index","Participated in enough Aerobic and Muscle Strengthening exercises to meet guidelines (variable calculated from one or more BRFSS questions)","Yes","Female","Sex","1,085",24.8,22.6,27.1,"1","%","Crude Prevalence","","","BRFSS","CLASS15","TOPIC45",4,"SEX2","CAT2","_PASTAE2","RESP046","    (34.865970280000454, -111.76381127699972)"
2019,"CA","California","Physical Activity","Aerobic Activity","Participated in 150 minutes or more of Aerobic Physical Activity per week (variable calculated from one or more BRFSS questions)","Yes","Female","Sex","2,806",53.5,51.7,55.3,"1","%","Crude Prevalence","","","BRFSS","CLASS15","TOPIC01",6,"SEX2","CAT2","_PAINDX2","RESP046","    (37.63864012300047, -120.99999953799971)"
2019,"CA","California","Physical Activity","Physical Activity Index","Participated in enough Aerobic and Muscle Strengthening exercises to meet guidelines (variable calculated from one or more BRFSS questions)","Yes","Female","Sex","1,025",20.2,18.6,21.8,"1","%","Crude Prevalence","","","BRFSS","CLASS15","TOPIC45",6,"SEX2","CAT2","_PASTAE2","RESP046","    (37.63864012300047, -120.99999953799971)"
2019,"CA","California","Physical Activity","Strength Activity","Participated in muscle strengthening exercises two or more times per week (variable calculated from one or more BRFSS questions)","Yes","Female","Sex","1,457",29.3,27.5,31,"1","%","Crude Prevalence","","","BRFSS","CLASS15","TOPIC56",6,"SEX2","CAT2","_PASTRNG","RESP046","    (37.63864012300047, -120.99999953799971)"
2019,"CA","California","Physical Activity","Exercise","During the past month, did you participate in any physical activities? (variable calculated from one or more BRFSS questions)","Yes","Female","Sex","3,991",75.7,74.2,77.2,"1","%","Crude Prevalence","","","BRFSS","CLASS15","TOPIC23",6,"SEX2","CAT2","_TOTINDA","RESP046","    (37.63864012300047, -120.99999953799971)"
2019,"CO","Colorado","Physical Activity","Strength Activity","Participated in muscle strengthening exercises two or more times per week (variable calculated from one or more BRFSS questions)","Yes","Female","Sex","1,634",36.8,35.1,38.6,"1","%","Crude Prevalence","","","BRFSS","CLASS15","TOPIC56",8,"SEX2","CAT2","_PASTRNG","RESP046","    (38.843840757000464, -106.13361092099967)"
2019,"CO","Colorado","Physical Activity","Physical Activity Index","Participated in enough Aerobic and Muscle Strengthening exercises to meet guidelines (variable calculated from one or more BRFSS questions)","Yes","Female","Sex","1,157",26,24.4,27.6,"1","%","Crude Prevalence","","","BRFSS","CLASS15","TOPIC45",8,"SEX2","CAT2","_PASTAE2","RESP046","    (38.843840757000464, -106.13361092099967)"
2019,"CO","Colorado","Physical Activity","Exercise","During the past month, did you participate in any physical activities? (variable calculated from one or more BRFSS questions)","Yes","Female","Sex","3,631",81.4,80,82.8,"1","%","Crude Prevalence","","","BRFSS","CLASS15","TOPIC23",8,"SEX2","CAT2","_TOTINDA","RESP046","    (38.843840757000464, -106.13361092099967)"
2019,"CO","Colorado","Physical Activity","Aerobic Activity","Participated in 150 minutes or more of Aerobic Physical Activity per week (variable calculated from one or more BRFSS questions)","Yes","Female","Sex","2,527",57.3,55.5,59.2,"1","%","Crude Prevalence","","","BRFSS","CLASS15","TOPIC01",8,"SEX2","CAT2","_PAINDX2","RESP046","    (38.843840757000464, -106.13361092099967)"
2019,"CT","Connecticut","Physical Activity","Strength Activity","Participated in muscle strengthening exercises two or more times per week (variable calculated from one or more BRFSS questions)","Yes","Female","Sex","1,685",37.2,35.2,39.2,"1","%","Crude Prevalence","","","BRFSS","CLASS15","TOPIC56",9,"SEX2","CAT2","_PASTRNG","RESP046","    (41.56266102000046, -72.64984095199964)"
2019,"CT","Connecticut","Physical Activity","Physical Activity Index","Participated in enough Aerobic and Muscle Strengthening exercises to meet guidelines (variable calculated from one or more BRFSS questions)","Yes","Female","Sex","1,137",25.1,23.2,26.9,"1","%","Crude Prevalence","","","BRFSS","CLASS15","TOPIC45",9,"SEX2","CAT2","_PASTAE2","RESP046","    (41.56266102000046, -72.64984095199964)"
2019,"CT","Connecticut","Physical Activity","Exercise","During the past month, did you participate in any physical activities? (variable calculated from one or more BRFSS questions)","Yes","Female","Sex","3,559",74.7,72.9,76.5,"1","%","Crude Prevalence","","","BRFSS","CLASS15","TOPIC23",9,"SEX2","CAT2","_TOTINDA","RESP046","    (41.56266102000046, -72.64984095199964)"
2019,"CT","Connecticut","Physical Activity","Aerobic Activity","Participated in 150 minutes or more of Aerobic Physical Activity per week (variable calculated from one or more BRFSS questions)","Yes","Female","Sex","2,466",52.6,50.4,54.6,"1","%","Crude Prevalence","","","BRFSS","CLASS15","TOPIC01",9,"SEX2","CAT2","_PAINDX2","RESP046","    (41.56266102000046, -72.64984095199964)"
2019,"DC","District of Columbia","Physical Activity","Strength Activity","Participated in muscle strengthening exercises two or more times per week (variable calculated from one or more BRFSS questions)","Yes","Female","Sex","478",36.3,32.8,39.8,"1","%","Crude Prevalence","","","BRFSS","CLASS15","TOPIC56",11,"SEX2","CAT2","_PASTRNG","RESP046","    (38.89037138500049, -77.03196112699965)"
2019,"DC","District of Columbia","Physical Activity","Physical Activity Index","Participated in enough Aerobic and Muscle Strengthening exercises to meet guidelines (variable calculated from one or more BRFSS questions)","Yes","Female","Sex","310",25.2,21.9,28.5,"1","%","Crude Prevalence","","","BRFSS","CLASS15","TOPIC45",11,"SEX2","CAT2","_PASTAE2","RESP046","    (38.89037138500049, -77.03196112699965)"
2019,"DC","District of Columbia","Physical Activity","Exercise","During the past month, did you participate in any physical activities? (variable calculated from one or more BRFSS questions)","Yes","Female","Sex","1,056",79.6,76.8,82.4,"1","%","Crude Prevalence","","","BRFSS","CLASS15","TOPIC23",11,"SEX2","CAT2","_TOTINDA","RESP046","    (38.89037138500049, -77.03196112699965)"
2019,"DC","District of Columbia","Physical Activity","Aerobic Activity","Participated in 150 minutes or more of Aerobic Physical Activity per week (variable calculated from one or more BRFSS questions)","Yes","Female","Sex","678",54.3,50.7,58,"1","%","Crude Prevalence","","","BRFSS","CLASS15","TOPIC01",11,"SEX2","CAT2","_PAINDX2","RESP046","    (38.89037138500049, -77.03196112699965)"
2019,"DE","Delaware","Physical Activity","Strength Activity","Participated in muscle strengthening exercises two or more times per week (variable calculated from one or more BRFSS questions)","Yes","Female","Sex","645",31.3,28.4,34.2,"1","%","Crude Prevalence","","","BRFSS","CLASS15","TOPIC56",10,"SEX2","CAT2","_PASTRNG","RESP046","    (39.008830667000495, -75.57774116799965)"
2019,"DE","Delaware","Physical Activity","Aerobic Activity","Participated in 150 minutes or more of Aerobic Physical Activity per week (variable calculated from one or more BRFSS questions)","Yes","Female","Sex","946",50.2,47,53.5,"1","%","Crude Prevalence","","","BRFSS","CLASS15","TOPIC01",10,"SEX2","CAT2","_PAINDX2","RESP046","    (39.008830667000495, -75.57774116799965)"
2019,"DE","Delaware","Physical Activity","Exercise","During the past month, did you participate in any physical activities? (variable calculated from one or more BRFSS questions)","Yes","Female","Sex","1,421",71.4,68.7,74.2,"1","%","Crude Prevalence","","","BRFSS","CLASS15","TOPIC23",10,"SEX2","CAT2","_TOTINDA","RESP046","    (39.008830667000495, -75.57774116799965)"
2019,"DE","Delaware","Physical Activity","Physical Activity Index","Participated in enough Aerobic and Muscle Strengthening exercises to meet guidelines (variable calculated from one or more BRFSS questions)","Yes","Female","Sex","409",21.1,18.4,23.7,"1","%","Crude Prevalence","","","BRFSS","CLASS15","TOPIC45",10,"SEX2","CAT2","_PASTAE2","RESP046","    (39.008830667000495, -75.57774116799965)"
2019,"FL","Florida","Physical Activity","Exercise","During the past month, did you participate in any physical activities? (variable calculated from one or more BRFSS questions)","Yes","Female","Sex","5,897",72.8,70.8,74.8,"1","%","Crude Prevalence","","","BRFSS","CLASS15","TOPIC23",12,"SEX2","CAT2","_TOTINDA","RESP046","    (28.932040377000476, -81.92896053899966)"
2019,"FL","Florida","Physical Activity","Physical Activity Index","Participated in enough Aerobic and Muscle Strengthening exercises to meet guidelines (variable calculated from one or more BRFSS questions)","Yes","Female","Sex","1,749",25.1,22.9,27.3,"1","%","Crude Prevalence","","","BRFSS","CLASS15","TOPIC45",12,"SEX2","CAT2","_PASTAE2","RESP046","    (28.932040377000476, -81.92896053899966)"
2019,"FL","Florida","Physical Activity","Strength Activity","Participated in muscle strengthening exercises two or more times per week (variable calculated from one or more BRFSS questions)","Yes","Female","Sex","2,747",34.9,32.6,37.2,"1","%","Crude Prevalence","","","BRFSS","CLASS15","TOPIC56",12,"SEX2","CAT2","_PASTRNG","RESP046","    (28.932040377000476, -81.92896053899966)"
2019,"FL","Florida","Physical Activity","Aerobic Activity","Participated in 150 minutes or more of Aerobic Physical Activity per week (variable calculated from one or more BRFSS questions)","Yes","Female","Sex","4,205",52.9,50.5,55.2,"1","%","Crude Prevalence","","","BRFSS","CLASS15","TOPIC01",12,"SEX2","CAT2","_PAINDX2","RESP046","    (28.932040377000476, -81.92896053899966)"
2019,"GA","Georgia","Physical Activity","Strength Activity","Participated in muscle strengthening exercises two or more times per week (variable calculated from one or more BRFSS questions)","Yes","Female","Sex","1,158",32.4,30,34.9,"1","%","Crude Prevalence","","","BRFSS","CLASS15","TOPIC56",13,"SEX2","CAT2","_PASTRNG","RESP046","    (32.83968109300048, -83.62758034599966)"
2019,"GA","Georgia","Physical Activity","Physical Activity Index","Participated in enough Aerobic and Muscle Strengthening exercises to meet guidelines (variable calculated from one or more BRFSS questions)","Yes","Female","Sex","668",18.8,16.8,20.8,"1","%","Crude Prevalence","","","BRFSS","CLASS15","TOPIC45",13,"SEX2","CAT2","_PASTAE2","RESP046","    (32.83968109300048, -83.62758034599966)"
2019,"GA","Georgia","Physical Activity","Exercise","During the past month, did you participate in any physical activities? (variable calculated from one or more BRFSS questions)","Yes","Female","Sex","2,540",70.4,68.2,72.7,"1","%","Crude Prevalence","","","BRFSS","CLASS15","TOPIC23",13,"SEX2","CAT2","_TOTINDA","RESP046","    (32.83968109300048, -83.62758034599966)"
2019,"GA","Georgia","Physical Activity","Aerobic Activity","Participated in 150 minutes or more of Aerobic Physical Activity per week (variable calculated from one or more BRFSS questions)","Yes","Female","Sex","1,645",45.1,42.5,47.7,"1","%","Crude Prevalence","","","BRFSS","CLASS15","TOPIC01",13,"SEX2","CAT2","_PAINDX2","RESP046","    (32.83968109300048, -83.62758034599966)"
2019,"GU","Guam","Physical Activity","Exercise","During the past month, did you participate in any physical activities? (variable calculated from one or more BRFSS questions)","Yes","Female","Sex","832",66.6,62,71.2,"1","%","Crude Prevalence","","","BRFSS","CLASS15","TOPIC23",66,"SEX2","CAT2","_TOTINDA","RESP046","    (13.444304, 144.793731)"
2019,"GU","Guam","Physical Activity","Physical Activity Index","Participated in enough Aerobic and Muscle Strengthening exercises to meet guidelines (variable calculated from one or more BRFSS questions)","Yes","Female","Sex","217",16,12.9,19,"1","%","Crude Prevalence","","","BRFSS","CLASS15","TOPIC45",66,"SEX2","CAT2","_PASTAE2","RESP046","    (13.444304, 144.793731)"
2019,"GU","Guam","Physical Activity","Strength Activity","Participated in muscle strengthening exercises two or more times per week (variable calculated from one or more BRFSS questions)","Yes","Female","Sex","361",29,24.8,33.2,"1","%","Crude Prevalence","","","BRFSS","CLASS15","TOPIC56",66,"SEX2","CAT2","_PASTRNG","RESP046","    (13.444304, 144.793731)"
2019,"GU","Guam","Physical Activity","Aerobic Activity","Participated in 150 minutes or more of Aerobic Physical Activity per week (variable calculated from one or more BRFSS questions)","Yes","Female","Sex","547",42.5,37.8,47.2,"1","%","Crude Prevalence","","","BRFSS","CLASS15","TOPIC01",66,"SEX2","CAT2","_PAINDX2","RESP046","    (13.444304, 144.793731)"
2019,"HI","Hawaii","Physical Activity","Aerobic Activity","Participated in 150 minutes or more of Aerobic Physical Activity per week (variable calculated from one or more BRFSS questions)","Yes","Female","Sex","2,116",53.2,51,55.4,"1","%","Crude Prevalence","","","BRFSS","CLASS15","TOPIC01",15,"SEX2","CAT2","_PAINDX2","RESP046","    (21.304850435000446, -157.85774940299973)"
2019,"HI","Hawaii","Physical Activity","Exercise","During the past month, did you participate in any physical activities? (variable calculated from one or more BRFSS questions)","Yes","Female","Sex","2,852",73.1,71.1,75.1,"1","%","Crude Prevalence","","","BRFSS","CLASS15","TOPIC23",15,"SEX2","CAT2","_TOTINDA","RESP046","    (21.304850435000446, -157.85774940299973)"
2019,"HI","Hawaii","Physical Activity","Physical Activity Index","Participated in enough Aerobic and Muscle Strengthening exercises to meet guidelines (variable calculated from one or more BRFSS questions)","Yes","Female","Sex","906",22.9,21.1,24.7,"1","%","Crude Prevalence","","","BRFSS","CLASS15","TOPIC45",15,"SEX2","CAT2","_PASTAE2","RESP046","    (21.304850435000446, -157.85774940299973)"
2019,"HI","Hawaii","Physical Activity","Strength Activity","Participated in muscle strengthening exercises two or more times per week (variable calculated from one or more BRFSS questions)","Yes","Female","Sex","1,305",34.2,32.2,36.3,"1","%","Crude Prevalence","","","BRFSS","CLASS15","TOPIC56",15,"SEX2","CAT2","_PASTRNG","RESP046","    (21.304850435000446, -157.85774940299973)"
2019,"IA","Iowa","Physical Activity","Exercise","During the past month, did you participate in any physical activities? (variable calculated from one or more BRFSS questions)","Yes","Female","Sex","3,696",74.3,72.9,75.8,"1","%","Crude Prevalence","","","BRFSS","CLASS15","TOPIC23",19,"SEX2","CAT2","_TOTINDA","RESP046","    (42.46940091300047, -93.81649055599968)"
2019,"IA","Iowa","Physical Activity","Aerobic Activity","Participated in 150 minutes or more of Aerobic Physical Activity per week (variable calculated from one or more BRFSS questions)","Yes","Female","Sex","2,369",49.2,47.6,50.9,"1","%","Crude Prevalence","","","BRFSS","CLASS15","TOPIC01",19,"SEX2","CAT2","_PAINDX2","RESP046","    (42.46940091300047, -93.81649055599968)"
2019,"IA","Iowa","Physical Activity","Physical Activity Index","Participated in enough Aerobic and Muscle Strengthening exercises to meet guidelines (variable calculated from one or more BRFSS questions)","Yes","Female","Sex","947",20.2,18.8,21.6,"1","%","Crude Prevalence","","","BRFSS","CLASS15","TOPIC45",19,"SEX2","CAT2","_PASTAE2","RESP046","    (42.46940091300047, -93.81649055599968)"
2019,"IA","Iowa","Physical Activity","Strength Activity","Participated in muscle strengthening exercises two or more times per week (variable calculated from one or more BRFSS questions)","Yes","Female","Sex","1,476",31.1,29.6,32.7,"1","%","Crude Prevalence","","","BRFSS","CLASS15","TOPIC56",19,"SEX2","CAT2","_PASTRNG","RESP046","    (42.46940091300047, -93.81649055599968)"
2019,"ID","Idaho","Physical Activity","Aerobic Activity","Participated in 150 minutes or more of Aerobic Physical Activity per week (variable calculated from one or more BRFSS questions)","Yes","Female","Sex","1,471",55.9,52.8,59,"1","%","Crude Prevalence","","","BRFSS","CLASS15","TOPIC01",16,"SEX2","CAT2","_PAINDX2","RESP046","    (43.682630005000476, -114.3637300419997)"
2019,"ID","Idaho","Physical Activity","Exercise","During the past month, did you participate in any physical activities? (variable calculated from one or more BRFSS questions)","Yes","Female","Sex","2,058",76.2,73.7,78.8,"1","%","Crude Prevalence","","","BRFSS","CLASS15","TOPIC23",16,"SEX2","CAT2","_TOTINDA","RESP046","    (43.682630005000476, -114.3637300419997)"
2019,"ID","Idaho","Physical Activity","Physical Activity Index","Participated in enough Aerobic and Muscle Strengthening exercises to meet guidelines (variable calculated from one or more BRFSS questions)","Yes","Female","Sex","494",20.4,17.8,23.1,"1","%","Crude Prevalence","","","BRFSS","CLASS15","TOPIC45",16,"SEX2","CAT2","_PASTAE2","RESP046","    (43.682630005000476, -114.3637300419997)"
2019,"ID","Idaho","Physical Activity","Strength Activity","Participated in muscle strengthening exercises two or more times per week (variable calculated from one or more BRFSS questions)","Yes","Female","Sex","746",28.7,25.9,31.5,"1","%","Crude Prevalence","","","BRFSS","CLASS15","TOPIC56",16,"SEX2","CAT2","_PASTRNG","RESP046","    (43.682630005000476, -114.3637300419997)"
2019,"IL","Illinois","Physical Activity","Physical Activity Index","Participated in enough Aerobic and Muscle Strengthening exercises to meet guidelines (variable calculated from one or more BRFSS questions)","Yes","Female","Sex","611",21,19.2,22.8,"1","%","Crude Prevalence","","","BRFSS","CLASS15","TOPIC45",17,"SEX2","CAT2","_PASTAE2","RESP046","    (40.48501028300046, -88.99771017799969)"
2019,"IL","Illinois","Physical Activity","Strength Activity","Participated in muscle strengthening exercises two or more times per week (variable calculated from one or more BRFSS questions)","Yes","Female","Sex","943",32.9,30.8,35,"1","%","Crude Prevalence","","","BRFSS","CLASS15","TOPIC56",17,"SEX2","CAT2","_PASTRNG","RESP046","    (40.48501028300046, -88.99771017799969)"
2019,"IL","Illinois","Physical Activity","Aerobic Activity","Participated in 150 minutes or more of Aerobic Physical Activity per week (variable calculated from one or more BRFSS questions)","Yes","Female","Sex","1,373",48.3,46,50.5,"1","%","Crude Prevalence","","","BRFSS","CLASS15","TOPIC01",17,"SEX2","CAT2","_PAINDX2","RESP046","    (40.48501028300046, -88.99771017799969)"
2019,"IL","Illinois","Physical Activity","Exercise","During the past month, did you participate in any physical activities? (variable calculated from one or more BRFSS questions)","Yes","Female","Sex","2,085",73.2,71.2,75.2,"1","%","Crude Prevalence","","","BRFSS","CLASS15","TOPIC23",17,"SEX2","CAT2","_TOTINDA","RESP046","    (40.48501028300046, -88.99771017799969)"
2019,"IN","Indiana","Physical Activity","Physical Activity Index","Participated in enough Aerobic and Muscle Strengthening exercises to meet guidelines (variable calculated from one or more BRFSS questions)","Yes","Female","Sex","805",19.3,17.7,20.9,"1","%","Crude Prevalence","","","BRFSS","CLASS15","TOPIC45",18,"SEX2","CAT2","_PASTAE2","RESP046","    (39.766910452000445, -86.14996019399968)"
2019,"IN","Indiana","Physical Activity","Strength Activity","Participated in muscle strengthening exercises two or more times per week (variable calculated from one or more BRFSS questions)","Yes","Female","Sex","1,372",31.8,29.9,33.6,"1","%","Crude Prevalence","","","BRFSS","CLASS15","TOPIC56",18,"SEX2","CAT2","_PASTRNG","RESP046","    (39.766910452000445, -86.14996019399968)"
2019,"IN","Indiana","Physical Activity","Exercise","During the past month, did you participate in any physical activities? (variable calculated from one or more BRFSS questions)","Yes","Female","Sex","3,048",68,66.3,69.7,"1","%","Crude Prevalence","","","BRFSS","CLASS15","TOPIC23",18,"SEX2","CAT2","_TOTINDA","RESP046","    (39.766910452000445, -86.14996019399968)"
2019,"IN","Indiana","Physical Activity","Aerobic Activity","Participated in 150 minutes or more of Aerobic Physical Activity per week (variable calculated from one or more BRFSS questions)","Yes","Female","Sex","1,917",44.5,42.6,46.4,"1","%","Crude Prevalence","","","BRFSS","CLASS15","TOPIC01",18,"SEX2","CAT2","_PAINDX2","RESP046","    (39.766910452000445, -86.14996019399968)"
2019,"KS","Kansas","Physical Activity","Aerobic Activity","Participated in 150 minutes or more of Aerobic Physical Activity per week (variable calculated from one or more BRFSS questions)","Yes","Female","Sex","2,636",47.5,45.7,49.2,"1","%","Crude Prevalence","","","BRFSS","CLASS15","TOPIC01",20,"SEX2","CAT2","_PAINDX2","RESP046","    (38.34774030000045, -98.20078122699965)"
2019,"KS","Kansas","Physical Activity","Exercise","During the past month, did you participate in any physical activities? (variable calculated from one or more BRFSS questions)","Yes","Female","Sex","4,076",72,70.4,73.5,"1","%","Crude Prevalence","","","BRFSS","CLASS15","TOPIC23",20,"SEX2","CAT2","_TOTINDA","RESP046","    (38.34774030000045, -98.20078122699965)"
2019,"KS","Kansas","Physical Activity","Physical Activity Index","Participated in enough Aerobic and Muscle Strengthening exercises to meet guidelines (variable calculated from one or more BRFSS questions)","Yes","Female","Sex","1,038",19.7,18.2,21.1,"1","%","Crude Prevalence","","","BRFSS","CLASS15","TOPIC45",20,"SEX2","CAT2","_PASTAE2","RESP046","    (38.34774030000045, -98.20078122699965)"
2019,"KS","Kansas","Physical Activity","Strength Activity","Participated in muscle strengthening exercises two or more times per week (variable calculated from one or more BRFSS questions)","Yes","Female","Sex","1,660",30.6,29,32.2,"1","%","Crude Prevalence","","","BRFSS","CLASS15","TOPIC56",20,"SEX2","CAT2","_PASTRNG","RESP046","    (38.34774030000045, -98.20078122699965)"
2019,"KY","Kentucky","Physical Activity","Aerobic Activity","Participated in 150 minutes or more of Aerobic Physical Activity per week (variable calculated from one or more BRFSS questions)","Yes","Female","Sex","899",32.4,29.7,35.2,"1","%","Crude Prevalence","","","BRFSS","CLASS15","TOPIC01",21,"SEX2","CAT2","_PAINDX2","RESP046","    (37.645970271000465, -84.77497104799966)"
2019,"KY","Kentucky","Physical Activity","Physical Activity Index","Participated in enough Aerobic and Muscle Strengthening exercises to meet guidelines (variable calculated from one or more BRFSS questions)","Yes","Female","Sex","307",11.9,9.9,13.9,"1","%","Crude Prevalence","","","BRFSS","CLASS15","TOPIC45",21,"SEX2","CAT2","_PASTAE2","RESP046","    (37.645970271000465, -84.77497104799966)"
2019,"KY","Kentucky","Physical Activity","Strength Activity","Participated in muscle strengthening exercises two or more times per week (variable calculated from one or more BRFSS questions)","Yes","Female","Sex","906",23.8,21.6,25.9,"1","%","Crude Prevalence","","","BRFSS","CLASS15","TOPIC56",21,"SEX2","CAT2","_PASTRNG","RESP046","    (37.645970271000465, -84.77497104799966)"
2019,"KY","Kentucky","Physical Activity","Exercise","During the past month, did you participate in any physical activities? (variable calculated from one or more BRFSS questions)","Yes","Female","Sex","2,780",65.7,63.3,68,"1","%","Crude Prevalence","","","BRFSS","CLASS15","TOPIC23",21,"SEX2","CAT2","_TOTINDA","RESP046","    (37.645970271000465, -84.77497104799966)"
2019,"LA","Louisiana","Physical Activity","Physical Activity Index","Participated in enough Aerobic and Muscle Strengthening exercises to meet guidelines (variable calculated from one or more BRFSS questions)","Yes","Female","Sex","403",17.9,15.9,19.8,"1","%","Crude Prevalence","","","BRFSS","CLASS15","TOPIC45",22,"SEX2","CAT2","_PASTAE2","RESP046","    (31.31266064400046, -92.44568007099969)"
2019,"LA","Louisiana","Physical Activity","Strength Activity","Participated in muscle strengthening exercises two or more times per week (variable calculated from one or more BRFSS questions)","Yes","Female","Sex","690",29,26.7,31.2,"1","%","Crude Prevalence","","","BRFSS","CLASS15","TOPIC56",22,"SEX2","CAT2","_PASTRNG","RESP046","    (31.31266064400046, -92.44568007099969)"
2019,"LA","Louisiana","Physical Activity","Exercise","During the past month, did you participate in any physical activities? (variable calculated from one or more BRFSS questions)","Yes","Female","Sex","1,619",65,62.7,67.3,"1","%","Crude Prevalence","","","BRFSS","CLASS15","TOPIC23",22,"SEX2","CAT2","_TOTINDA","RESP046","    (31.31266064400046, -92.44568007099969)"
2019,"LA","Louisiana","Physical Activity","Aerobic Activity","Participated in 150 minutes or more of Aerobic Physical Activity per week (variable calculated from one or more BRFSS questions)","Yes","Female","Sex","1,018",43,40.5,45.5,"1","%","Crude Prevalence","","","BRFSS","CLASS15","TOPIC01",22,"SEX2","CAT2","_PAINDX2","RESP046","    (31.31266064400046, -92.44568007099969)"
2019,"MA","Massachusetts","Physical Activity","Aerobic Activity","Participated in 150 minutes or more of Aerobic Physical Activity per week (variable calculated from one or more BRFSS questions)","Yes","Female","Sex","1,954",51.4,49.3,53.5,"1","%","Crude Prevalence","","","BRFSS","CLASS15","TOPIC01",25,"SEX2","CAT2","_PAINDX2","RESP046","    (42.27687047000046, -72.08269067499964)"
2019,"MA","Massachusetts","Physical Activity","Strength Activity","Participated in muscle strengthening exercises two or more times per week (variable calculated from one or more BRFSS questions)","Yes","Female","Sex","1,208",31.2,29.3,33.1,"1","%","Crude Prevalence","","","BRFSS","CLASS15","TOPIC56",25,"SEX2","CAT2","_PASTRNG","RESP046","    (42.27687047000046, -72.08269067499964)"
2019,"MA","Massachusetts","Physical Activity","Physical Activity Index","Participated in enough Aerobic and Muscle Strengthening exercises to meet guidelines (variable calculated from one or more BRFSS questions)","Yes","Female","Sex","820",21.5,19.8,23.2,"1","%","Crude Prevalence","","","BRFSS","CLASS15","TOPIC45",25,"SEX2","CAT2","_PASTAE2","RESP046","    (42.27687047000046, -72.08269067499964)"
2019,"MA","Massachusetts","Physical Activity","Exercise","During the past month, did you participate in any physical activities? (variable calculated from one or more BRFSS questions)","Yes","Female","Sex","2,924",73,71.3,74.8,"1","%","Crude Prevalence","","","BRFSS","CLASS15","TOPIC23",25,"SEX2","CAT2","_TOTINDA","RESP046","    (42.27687047000046, -72.08269067499964)"
2019,"MD","Maryland","Physical Activity","Strength Activity","Participated in muscle strengthening exercises two or more times per week (variable calculated from one or more BRFSS questions)","Yes","Female","Sex","2,992",33.3,31.8,34.9,"1","%","Crude Prevalence","","","BRFSS","CLASS15","TOPIC56",24,"SEX2","CAT2","_PASTRNG","RESP046","    (39.29058096400047, -76.60926011099963)"
2019,"MD","Maryland","Physical Activity","Physical Activity Index","Participated in enough Aerobic and Muscle Strengthening exercises to meet guidelines (variable calculated from one or more BRFSS questions)","Yes","Female","Sex","1,946",22,20.6,23.3,"1","%","Crude Prevalence","","","BRFSS","CLASS15","TOPIC45",24,"SEX2","CAT2","_PASTAE2","RESP046","    (39.29058096400047, -76.60926011099963)"
2019,"MD","Maryland","Physical Activity","Exercise","During the past month, did you participate in any physical activities? (variable calculated from one or more BRFSS questions)","Yes","Female","Sex","6,768",75.1,73.7,76.5,"1","%","Crude Prevalence","","","BRFSS","CLASS15","TOPIC23",24,"SEX2","CAT2","_TOTINDA","RESP046","    (39.29058096400047, -76.60926011099963)"
2019,"MD","Maryland","Physical Activity","Aerobic Activity","Participated in 150 minutes or more of Aerobic Physical Activity per week (variable calculated from one or more BRFSS questions)","Yes","Female","Sex","4,495",49.5,47.8,51.1,"1","%","Crude Prevalence","","","BRFSS","CLASS15","TOPIC01",24,"SEX2","CAT2","_PAINDX2","RESP046","    (39.29058096400047, -76.60926011099963)"
2019,"ME","Maine","Physical Activity","Strength Activity","Participated in muscle strengthening exercises two or more times per week (variable calculated from one or more BRFSS questions)","Yes","Female","Sex","1,734",28,26.1,29.9,"1","%","Crude Prevalence","","","BRFSS","CLASS15","TOPIC56",23,"SEX2","CAT2","_PASTRNG","RESP046","    (45.254228894000505, -68.98503133599962)"
2019,"ME","Maine","Physical Activity","Physical Activity Index","Participated in enough Aerobic and Muscle Strengthening exercises to meet guidelines (variable calculated from one or more BRFSS questions)","Yes","Female","Sex","1,088",18.6,16.9,20.3,"1","%","Crude Prevalence","","","BRFSS","CLASS15","TOPIC45",23,"SEX2","CAT2","_PASTAE2","RESP046","    (45.254228894000505, -68.98503133599962)"
2019,"ME","Maine","Physical Activity","Exercise","During the past month, did you participate in any physical activities? (variable calculated from one or more BRFSS questions)","Yes","Female","Sex","4,312",70,68.2,71.8,"1","%","Crude Prevalence","","","BRFSS","CLASS15","TOPIC23",23,"SEX2","CAT2","_TOTINDA","RESP046","    (45.254228894000505, -68.98503133599962)"
2019,"ME","Maine","Physical Activity","Aerobic Activity","Participated in 150 minutes or more of Aerobic Physical Activity per week (variable calculated from one or more BRFSS questions)","Yes","Female","Sex","2,955",50.3,48.2,52.5,"1","%","Crude Prevalence","","","BRFSS","CLASS15","TOPIC01",23,"SEX2","CAT2","_PAINDX2","RESP046","    (45.254228894000505, -68.98503133599962)"
2019,"MI","Michigan","Physical Activity","Aerobic Activity","Participated in 150 minutes or more of Aerobic Physical Activity per week (variable calculated from one or more BRFSS questions)","Yes","Female","Sex","2,738",50.1,48.3,51.9,"1","%","Crude Prevalence","","","BRFSS","CLASS15","TOPIC01",26,"SEX2","CAT2","_PAINDX2","RESP046","    (44.6613195430005, -84.71439026999968)"
2019,"MI","Michigan","Physical Activity","Strength Activity","Participated in muscle strengthening exercises two or more times per week (variable calculated from one or more BRFSS questions)","Yes","Female","Sex","1,822",32.6,30.9,34.3,"1","%","Crude Prevalence","","","BRFSS","CLASS15","TOPIC56",26,"SEX2","CAT2","_PASTRNG","RESP046","    (44.6613195430005, -84.71439026999968)"
2019,"MI","Michigan","Physical Activity","Physical Activity Index","Participated in enough Aerobic and Muscle Strengthening exercises to meet guidelines (variable calculated from one or more BRFSS questions)","Yes","Female","Sex","1,182",22.5,20.9,24,"1","%","Crude Prevalence","","","BRFSS","CLASS15","TOPIC45",26,"SEX2","CAT2","_PASTAE2","RESP046","    (44.6613195430005, -84.71439026999968)"
2019,"MI","Michigan","Physical Activity","Exercise","During the past month, did you participate in any physical activities? (variable calculated from one or more BRFSS questions)","Yes","Female","Sex","4,191",74.1,72.6,75.6,"1","%","Crude Prevalence","","","BRFSS","CLASS15","TOPIC23",26,"SEX2","CAT2","_TOTINDA","RESP046","    (44.6613195430005, -84.71439026999968)"
2019,"MN","Minnesota","Physical Activity","Exercise","During the past month, did you participate in any physical activities? (variable calculated from one or more BRFSS questions)","Yes","Female","Sex","6,090",80.8,79.7,82,"1","%","Crude Prevalence","","","BRFSS","CLASS15","TOPIC23",27,"SEX2","CAT2","_TOTINDA","RESP046","    (46.35564873600049, -94.79420050299967)"
2019,"MN","Minnesota","Physical Activity","Aerobic Activity","Participated in 150 minutes or more of Aerobic Physical Activity per week (variable calculated from one or more BRFSS questions)","Yes","Female","Sex","4,173",57.5,56.1,58.9,"1","%","Crude Prevalence","","","BRFSS","CLASS15","TOPIC01",27,"SEX2","CAT2","_PAINDX2","RESP046","    (46.35564873600049, -94.79420050299967)"
2019,"MN","Minnesota","Physical Activity","Strength Activity","Participated in muscle strengthening exercises two or more times per week (variable calculated from one or more BRFSS questions)","Yes","Female","Sex","2,443",34,32.7,35.4,"1","%","Crude Prevalence","","","BRFSS","CLASS15","TOPIC56",27,"SEX2","CAT2","_PASTRNG","RESP046","    (46.35564873600049, -94.79420050299967)"
2019,"MN","Minnesota","Physical Activity","Physical Activity Index","Participated in enough Aerobic and Muscle Strengthening exercises to meet guidelines (variable calculated from one or more BRFSS questions)","Yes","Female","Sex","1,675",24.3,23,25.5,"1","%","Crude Prevalence","","","BRFSS","CLASS15","TOPIC45",27,"SEX2","CAT2","_PASTAE2","RESP046","    (46.35564873600049, -94.79420050299967)"
2019,"MO","Missouri","Physical Activity","Strength Activity","Participated in muscle strengthening exercises two or more times per week (variable calculated from one or more BRFSS questions)","Yes","Female","Sex","849",23.6,21.7,25.5,"1","%","Crude Prevalence","","","BRFSS","CLASS15","TOPIC56",29,"SEX2","CAT2","_PASTRNG","RESP046","    (38.635790776000476, -92.56630005299968)"
2019,"MO","Missouri","Physical Activity","Physical Activity Index","Participated in enough Aerobic and Muscle Strengthening exercises to meet guidelines (variable calculated from one or more BRFSS questions)","Yes","Female","Sex","516",14.4,12.8,16,"1","%","Crude Prevalence","","","BRFSS","CLASS15","TOPIC45",29,"SEX2","CAT2","_PASTAE2","RESP046","    (38.635790776000476, -92.56630005299968)"
2019,"MO","Missouri","Physical Activity","Exercise","During the past month, did you participate in any physical activities? (variable calculated from one or more BRFSS questions)","Yes","Female","Sex","2,570",68.4,66.3,70.4,"1","%","Crude Prevalence","","","BRFSS","CLASS15","TOPIC23",29,"SEX2","CAT2","_TOTINDA","RESP046","    (38.635790776000476, -92.56630005299968)"
2019,"MO","Missouri","Physical Activity","Aerobic Activity","Participated in 150 minutes or more of Aerobic Physical Activity per week (variable calculated from one or more BRFSS questions)","Yes","Female","Sex","1,557",42,39.7,44.2,"1","%","Crude Prevalence","","","BRFSS","CLASS15","TOPIC01",29,"SEX2","CAT2","_PAINDX2","RESP046","    (38.635790776000476, -92.56630005299968)"
2019,"MS","Mississippi","Physical Activity","Aerobic Activity","Participated in 150 minutes or more of Aerobic Physical Activity per week (variable calculated from one or more BRFSS questions)","Yes","Female","Sex","960",36.3,33.9,38.6,"1","%","Crude Prevalence","","","BRFSS","CLASS15","TOPIC01",28,"SEX2","CAT2","_PAINDX2","RESP046","    (32.745510099000455, -89.53803082499968)"
2019,"MS","Mississippi","Physical Activity","Exercise","During the past month, did you participate in any physical activities? (variable calculated from one or more BRFSS questions)","Yes","Female","Sex","1,669",59.9,57.6,62.2,"1","%","Crude Prevalence","","","BRFSS","CLASS15","TOPIC23",28,"SEX2","CAT2","_TOTINDA","RESP046","    (32.745510099000455, -89.53803082499968)"
2019,"MS","Mississippi","Physical Activity","Physical Activity Index","Participated in enough Aerobic and Muscle Strengthening exercises to meet guidelines (variable calculated from one or more BRFSS questions)","Yes","Female","Sex","361",14.2,12.4,16,"1","%","Crude Prevalence","","","BRFSS","CLASS15","TOPIC45",28,"SEX2","CAT2","_PASTAE2","RESP046","    (32.745510099000455, -89.53803082499968)"
2019,"MS","Mississippi","Physical Activity","Strength Activity","Participated in muscle strengthening exercises two or more times per week (variable calculated from one or more BRFSS questions)","Yes","Female","Sex","684",25.2,23,27.3,"1","%","Crude Prevalence","","","BRFSS","CLASS15","TOPIC56",28,"SEX2","CAT2","_PASTRNG","RESP046","    (32.745510099000455, -89.53803082499968)"
2019,"MT","Montana","Physical Activity","Exercise","During the past month, did you participate in any physical activities? (variable calculated from one or more BRFSS questions)","Yes","Female","Sex","2,491",80,78.3,81.7,"1","%","Crude Prevalence","","","BRFSS","CLASS15","TOPIC23",30,"SEX2","CAT2","_TOTINDA","RESP046","    (47.06652897200047, -109.42442064499971)"
2019,"MT","Montana","Physical Activity","Aerobic Activity","Participated in 150 minutes or more of Aerobic Physical Activity per week (variable calculated from one or more BRFSS questions)","Yes","Female","Sex","1,852",61.1,59,63.3,"1","%","Crude Prevalence","","","BRFSS","CLASS15","TOPIC01",30,"SEX2","CAT2","_PAINDX2","RESP046","    (47.06652897200047, -109.42442064499971)"
2019,"MT","Montana","Physical Activity","Strength Activity","Participated in muscle strengthening exercises two or more times per week (variable calculated from one or more BRFSS questions)","Yes","Female","Sex","1,118",37.8,35.6,39.9,"1","%","Crude Prevalence","","","BRFSS","CLASS15","TOPIC56",30,"SEX2","CAT2","_PASTRNG","RESP046","    (47.06652897200047, -109.42442064499971)"
2019,"MT","Montana","Physical Activity","Physical Activity Index","Participated in enough Aerobic and Muscle Strengthening exercises to meet guidelines (variable calculated from one or more BRFSS questions)","Yes","Female","Sex","791",27.4,25.4,29.4,"1","%","Crude Prevalence","","","BRFSS","CLASS15","TOPIC45",30,"SEX2","CAT2","_PASTAE2","RESP046","    (47.06652897200047, -109.42442064499971)"
2019,"NC","North Carolina","Physical Activity","Aerobic Activity","Participated in 150 minutes or more of Aerobic Physical Activity per week (variable calculated from one or more BRFSS questions)","Yes","Female","Sex","1,021",48.2,45.6,50.7,"1","%","Crude Prevalence","","","BRFSS","CLASS15","TOPIC01",37,"SEX2","CAT2","_PAINDX2","RESP046","    (35.466220975000454, -79.15925046299964)"
2019,"NC","North Carolina","Physical Activity","Exercise","During the past month, did you participate in any physical activities? (variable calculated from one or more BRFSS questions)","Yes","Female","Sex","1,595",72.3,70.1,74.5,"1","%","Crude Prevalence","","","BRFSS","CLASS15","TOPIC23",37,"SEX2","CAT2","_TOTINDA","RESP046","    (35.466220975000454, -79.15925046299964)"
2019,"NC","North Carolina","Physical Activity","Physical Activity Index","Participated in enough Aerobic and Muscle Strengthening exercises to meet guidelines (variable calculated from one or more BRFSS questions)","Yes","Female","Sex","381",19.4,17.3,21.5,"1","%","Crude Prevalence","","","BRFSS","CLASS15","TOPIC45",37,"SEX2","CAT2","_PASTAE2","RESP046","    (35.466220975000454, -79.15925046299964)"
2019,"NC","North Carolina","Physical Activity","Strength Activity","Participated in muscle strengthening exercises two or more times per week (variable calculated from one or more BRFSS questions)","Yes","Female","Sex","575",27,24.7,29.2,"1","%","Crude Prevalence","","","BRFSS","CLASS15","TOPIC56",37,"SEX2","CAT2","_PASTRNG","RESP046","    (35.466220975000454, -79.15925046299964)"
2019,"ND","North Dakota","Physical Activity","Aerobic Activity","Participated in 150 minutes or more of Aerobic Physical Activity per week (variable calculated from one or more BRFSS questions)","Yes","Female","Sex","1,297",46.9,44,49.8,"1","%","Crude Prevalence","","","BRFSS","CLASS15","TOPIC01",38,"SEX2","CAT2","_PAINDX2","RESP046","    (47.47531977900047, -100.11842104899966)"
2019,"ND","North Dakota","Physical Activity","Exercise","During the past month, did you participate in any physical activities? (variable calculated from one or more BRFSS questions)","Yes","Female","Sex","2,031",71.7,69.2,74.3,"1","%","Crude Prevalence","","","BRFSS","CLASS15","TOPIC23",38,"SEX2","CAT2","_TOTINDA","RESP046","    (47.47531977900047, -100.11842104899966)"
2019,"ND","North Dakota","Physical Activity","Physical Activity Index","Participated in enough Aerobic and Muscle Strengthening exercises to meet guidelines (variable calculated from one or more BRFSS questions)","Yes","Female","Sex","512",20.5,17.9,23,"1","%","Crude Prevalence","","","BRFSS","CLASS15","TOPIC45",38,"SEX2","CAT2","_PASTAE2","RESP046","    (47.47531977900047, -100.11842104899966)"
2019,"ND","North Dakota","Physical Activity","Strength Activity","Participated in muscle strengthening exercises two or more times per week (variable calculated from one or more BRFSS questions)","Yes","Female","Sex","793",29.8,27.1,32.6,"1","%","Crude Prevalence","","","BRFSS","CLASS15","TOPIC56",38,"SEX2","CAT2","_PASTRNG","RESP046","    (47.47531977900047, -100.11842104899966)"
2019,"NE","Nebraska","Physical Activity","Aerobic Activity","Participated in 150 minutes or more of Aerobic Physical Activity per week (variable calculated from one or more BRFSS questions)","Yes","Female","Sex","3,957",48.7,47.1,50.4,"1","%","Crude Prevalence","","","BRFSS","CLASS15","TOPIC01",31,"SEX2","CAT2","_PAINDX2","RESP046","    (41.6410409880005, -99.36572062299967)"
2019,"NE","Nebraska","Physical Activity","Exercise","During the past month, did you participate in any physical activities? (variable calculated from one or more BRFSS questions)","Yes","Female","Sex","5,825",72.7,71.3,74.1,"1","%","Crude Prevalence","","","BRFSS","CLASS15","TOPIC23",31,"SEX2","CAT2","_TOTINDA","RESP046","    (41.6410409880005, -99.36572062299967)"
2019,"NE","Nebraska","Physical Activity","Physical Activity Index","Participated in enough Aerobic and Muscle Strengthening exercises to meet guidelines (variable calculated from one or more BRFSS questions)","Yes","Female","Sex","1,538",20.9,19.5,22.2,"1","%","Crude Prevalence","","","BRFSS","CLASS15","TOPIC45",31,"SEX2","CAT2","_PASTAE2","RESP046","    (41.6410409880005, -99.36572062299967)"
2019,"NE","Nebraska","Physical Activity","Strength Activity","Participated in muscle strengthening exercises two or more times per week (variable calculated from one or more BRFSS questions)","Yes","Female","Sex","2,444",32.1,30.5,33.6,"1","%","Crude Prevalence","","","BRFSS","CLASS15","TOPIC56",31,"SEX2","CAT2","_PASTRNG","RESP046","    (41.6410409880005, -99.36572062299967)"
2019,"NH","New Hampshire","Physical Activity","Aerobic Activity","Participated in 150 minutes or more of Aerobic Physical Activity per week (variable calculated from one or more BRFSS questions)","Yes","Female","Sex","1,593",55,52.4,57.7,"1","%","Crude Prevalence","","","BRFSS","CLASS15","TOPIC01",33,"SEX2","CAT2","_PAINDX2","RESP046","    (43.65595011300047, -71.50036091999965)"
2019,"NH","New Hampshire","Physical Activity","Exercise","During the past month, did you participate in any physical activities? (variable calculated from one or more BRFSS questions)","Yes","Female","Sex","2,231",76.1,73.9,78.3,"1","%","Crude Prevalence","","","BRFSS","CLASS15","TOPIC23",33,"SEX2","CAT2","_TOTINDA","RESP046","    (43.65595011300047, -71.50036091999965)"
2019,"NH","New Hampshire","Physical Activity","Physical Activity Index","Participated in enough Aerobic and Muscle Strengthening exercises to meet guidelines (variable calculated from one or more BRFSS questions)","Yes","Female","Sex","698",25.3,22.9,27.7,"1","%","Crude Prevalence","","","BRFSS","CLASS15","TOPIC45",33,"SEX2","CAT2","_PASTAE2","RESP046","    (43.65595011300047, -71.50036091999965)"
2019,"NH","New Hampshire","Physical Activity","Strength Activity","Participated in muscle strengthening exercises two or more times per week (variable calculated from one or more BRFSS questions)","Yes","Female","Sex","1,010",35.3,32.7,37.8,"1","%","Crude Prevalence","","","BRFSS","CLASS15","TOPIC56",33,"SEX2","CAT2","_PASTRNG","RESP046","    (43.65595011300047, -71.50036091999965)"
2019,"NM","New Mexico","Physical Activity","Aerobic Activity","Participated in 150 minutes or more of Aerobic Physical Activity per week (variable calculated from one or more BRFSS questions)","Yes","Female","Sex","1,583",50.7,48.1,53.3,"1","%","Crude Prevalence","","","BRFSS","CLASS15","TOPIC01",35,"SEX2","CAT2","_PAINDX2","RESP046","    (34.52088095200048, -106.24058098499967)"
2019,"NM","New Mexico","Physical Activity","Exercise","During the past month, did you participate in any physical activities? (variable calculated from one or more BRFSS questions)","Yes","Female","Sex","2,230",73,70.8,75.2,"1","%","Crude Prevalence","","","BRFSS","CLASS15","TOPIC23",35,"SEX2","CAT2","_TOTINDA","RESP046","    (34.52088095200048, -106.24058098499967)"
2019,"NM","New Mexico","Physical Activity","Physical Activity Index","Participated in enough Aerobic and Muscle Strengthening exercises to meet guidelines (variable calculated from one or more BRFSS questions)","Yes","Female","Sex","701",22.1,20,24.3,"1","%","Crude Prevalence","","","BRFSS","CLASS15","TOPIC45",35,"SEX2","CAT2","_PASTAE2","RESP046","    (34.52088095200048, -106.24058098499967)"
2019,"NM","New Mexico","Physical Activity","Strength Activity","Participated in muscle strengthening exercises two or more times per week (variable calculated from one or more BRFSS questions)","Yes","Female","Sex","1,034",33.8,31.3,36.2,"1","%","Crude Prevalence","","","BRFSS","CLASS15","TOPIC56",35,"SEX2","CAT2","_PASTRNG","RESP046","    (34.52088095200048, -106.24058098499967)"
2019,"NV","Nevada","Physical Activity","Aerobic Activity","Participated in 150 minutes or more of Aerobic Physical Activity per week (variable calculated from one or more BRFSS questions)","Yes","Female","Sex","744",48.6,44.8,52.4,"1","%","Crude Prevalence","","","BRFSS","CLASS15","TOPIC01",32,"SEX2","CAT2","_PAINDX2","RESP046","    (39.493240390000494, -117.07184056399967)"
2019,"NV","Nevada","Physical Activity","Strength Activity","Participated in muscle strengthening exercises two or more times per week (variable calculated from one or more BRFSS questions)","Yes","Female","Sex","456",31.5,28,35,"1","%","Crude Prevalence","","","BRFSS","CLASS15","TOPIC56",32,"SEX2","CAT2","_PASTRNG","RESP046","    (39.493240390000494, -117.07184056399967)"
2019,"NV","Nevada","Physical Activity","Physical Activity Index","Participated in enough Aerobic and Muscle Strengthening exercises to meet guidelines (variable calculated from one or more BRFSS questions)","Yes","Female","Sex","295",18.9,16,21.7,"1","%","Crude Prevalence","","","BRFSS","CLASS15","TOPIC45",32,"SEX2","CAT2","_PASTAE2","RESP046","    (39.493240390000494, -117.07184056399967)"
2019,"NV","Nevada","Physical Activity","Exercise","During the past month, did you participate in any physical activities? (variable calculated from one or more BRFSS questions)","Yes","Female","Sex","1,064",72.8,69.5,76.2,"1","%","Crude Prevalence","","","BRFSS","CLASS15","TOPIC23",32,"SEX2","CAT2","_TOTINDA","RESP046","    (39.493240390000494, -117.07184056399967)"
2019,"NY","New York","Physical Activity","Exercise","During the past month, did you participate in any physical activities? (variable calculated from one or more BRFSS questions)","Yes","Female","Sex","4,915",70.6,69,72.2,"1","%","Crude Prevalence","","","BRFSS","CLASS15","TOPIC23",36,"SEX2","CAT2","_TOTINDA","RESP046","    (42.82700103200045, -75.54397042699964)"
2019,"NY","New York","Physical Activity","Aerobic Activity","Participated in 150 minutes or more of Aerobic Physical Activity per week (variable calculated from one or more BRFSS questions)","Yes","Female","Sex","3,245",48,46.1,49.8,"1","%","Crude Prevalence","","","BRFSS","CLASS15","TOPIC01",36,"SEX2","CAT2","_PAINDX2","RESP046","    (42.82700103200045, -75.54397042699964)"
2019,"NY","New York","Physical Activity","Strength Activity","Participated in muscle strengthening exercises two or more times per week (variable calculated from one or more BRFSS questions)","Yes","Female","Sex","2,331",33.5,31.9,35.2,"1","%","Crude Prevalence","","","BRFSS","CLASS15","TOPIC56",36,"SEX2","CAT2","_PASTRNG","RESP046","    (42.82700103200045, -75.54397042699964)"
2019,"NY","New York","Physical Activity","Physical Activity Index","Participated in enough Aerobic and Muscle Strengthening exercises to meet guidelines (variable calculated from one or more BRFSS questions)","Yes","Female","Sex","1,461",22.4,20.9,24,"1","%","Crude Prevalence","","","BRFSS","CLASS15","TOPIC45",36,"SEX2","CAT2","_PASTAE2","RESP046","    (42.82700103200045, -75.54397042699964)"
2019,"OH","Ohio","Physical Activity","Strength Activity","Participated in muscle strengthening exercises two or more times per week (variable calculated from one or more BRFSS questions)","Yes","Female","Sex","2,065",30.2,28.4,32,"1","%","Crude Prevalence","","","BRFSS","CLASS15","TOPIC56",39,"SEX2","CAT2","_PASTRNG","RESP046","    (40.06021014100048, -82.40426005599966)"
2019,"OH","Ohio","Physical Activity","Aerobic Activity","Participated in 150 minutes or more of Aerobic Physical Activity per week (variable calculated from one or more BRFSS questions)","Yes","Female","Sex","3,212",45,43.1,46.9,"1","%","Crude Prevalence","","","BRFSS","CLASS15","TOPIC01",39,"SEX2","CAT2","_PAINDX2","RESP046","    (40.06021014100048, -82.40426005599966)"
2019,"OH","Ohio","Physical Activity","Exercise","During the past month, did you participate in any physical activities? (variable calculated from one or more BRFSS questions)","Yes","Female","Sex","4,965",69.6,67.9,71.3,"1","%","Crude Prevalence","","","BRFSS","CLASS15","TOPIC23",39,"SEX2","CAT2","_TOTINDA","RESP046","    (40.06021014100048, -82.40426005599966)"
2019,"OH","Ohio","Physical Activity","Physical Activity Index","Participated in enough Aerobic and Muscle Strengthening exercises to meet guidelines (variable calculated from one or more BRFSS questions)","Yes","Female","Sex","1,189",17.9,16.4,19.5,"1","%","Crude Prevalence","","","BRFSS","CLASS15","TOPIC45",39,"SEX2","CAT2","_PASTAE2","RESP046","    (40.06021014100048, -82.40426005599966)"
2019,"OK","Oklahoma","Physical Activity","Aerobic Activity","Participated in 150 minutes or more of Aerobic Physical Activity per week (variable calculated from one or more BRFSS questions)","Yes","Female","Sex","1,120",35.4,33.3,37.6,"1","%","Crude Prevalence","","","BRFSS","CLASS15","TOPIC01",40,"SEX2","CAT2","_PAINDX2","RESP046","    (35.47203135600046, -97.52107021399968)"
2019,"OK","Oklahoma","Physical Activity","Exercise","During the past month, did you participate in any physical activities? (variable calculated from one or more BRFSS questions)","Yes","Female","Sex","2,157",64.4,62.4,66.5,"1","%","Crude Prevalence","","","BRFSS","CLASS15","TOPIC23",40,"SEX2","CAT2","_TOTINDA","RESP046","    (35.47203135600046, -97.52107021399968)"
2019,"OK","Oklahoma","Physical Activity","Physical Activity Index","Participated in enough Aerobic and Muscle Strengthening exercises to meet guidelines (variable calculated from one or more BRFSS questions)","Yes","Female","Sex","418",13.6,12,15.2,"1","%","Crude Prevalence","","","BRFSS","CLASS15","TOPIC45",40,"SEX2","CAT2","_PASTAE2","RESP046","    (35.47203135600046, -97.52107021399968)"
2019,"OK","Oklahoma","Physical Activity","Strength Activity","Participated in muscle strengthening exercises two or more times per week (variable calculated from one or more BRFSS questions)","Yes","Female","Sex","816",24.7,22.8,26.6,"1","%","Crude Prevalence","","","BRFSS","CLASS15","TOPIC56",40,"SEX2","CAT2","_PASTRNG","RESP046","    (35.47203135600046, -97.52107021399968)"
2019,"OR","Oregon","Physical Activity","Strength Activity","Participated in muscle strengthening exercises two or more times per week (variable calculated from one or more BRFSS questions)","Yes","Female","Sex","938",32.1,30,34.2,"1","%","Crude Prevalence","","","BRFSS","CLASS15","TOPIC56",41,"SEX2","CAT2","_PASTRNG","RESP046","    (44.56744942400047, -120.15503132599969)"
2019,"OR","Oregon","Physical Activity","Physical Activity Index","Participated in enough Aerobic and Muscle Strengthening exercises to meet guidelines (variable calculated from one or more BRFSS questions)","Yes","Female","Sex","647",23.2,21.2,25.2,"1","%","Crude Prevalence","","","BRFSS","CLASS15","TOPIC45",41,"SEX2","CAT2","_PASTAE2","RESP046","    (44.56744942400047, -120.15503132599969)"
2019,"OR","Oregon","Physical Activity","Exercise","During the past month, did you participate in any physical activities? (variable calculated from one or more BRFSS questions)","Yes","Female","Sex","2,331",75.6,73.7,77.6,"1","%","Crude Prevalence","","","BRFSS","CLASS15","TOPIC23",41,"SEX2","CAT2","_TOTINDA","RESP046","    (44.56744942400047, -120.15503132599969)"
2019,"OR","Oregon","Physical Activity","Aerobic Activity","Participated in 150 minutes or more of Aerobic Physical Activity per week (variable calculated from one or more BRFSS questions)","Yes","Female","Sex","1,636",56,53.8,58.3,"1","%","Crude Prevalence","","","BRFSS","CLASS15","TOPIC01",41,"SEX2","CAT2","_PAINDX2","RESP046","    (44.56744942400047, -120.15503132599969)"
2019,"PA","Pennsylvania","Physical Activity","Aerobic Activity","Participated in 150 minutes or more of Aerobic Physical Activity per week (variable calculated from one or more BRFSS questions)","Yes","Female","Sex","1,555",49.3,47,51.6,"1","%","Crude Prevalence","","","BRFSS","CLASS15","TOPIC01",42,"SEX2","CAT2","_PAINDX2","RESP046","    (40.79373015200048, -77.86070029399963)"
2019,"PA","Pennsylvania","Physical Activity","Exercise","During the past month, did you participate in any physical activities? (variable calculated from one or more BRFSS questions)","Yes","Female","Sex","2,389",73.2,71.2,75.1,"1","%","Crude Prevalence","","","BRFSS","CLASS15","TOPIC23",42,"SEX2","CAT2","_TOTINDA","RESP046","    (40.79373015200048, -77.86070029399963)"
2019,"PA","Pennsylvania","Physical Activity","Physical Activity Index","Participated in enough Aerobic and Muscle Strengthening exercises to meet guidelines (variable calculated from one or more BRFSS questions)","Yes","Female","Sex","623",20.4,18.4,22.4,"1","%","Crude Prevalence","","","BRFSS","CLASS15","TOPIC45",42,"SEX2","CAT2","_PASTAE2","RESP046","    (40.79373015200048, -77.86070029399963)"
2019,"PA","Pennsylvania","Physical Activity","Strength Activity","Participated in muscle strengthening exercises two or more times per week (variable calculated from one or more BRFSS questions)","Yes","Female","Sex","960",30,27.9,32.2,"1","%","Crude Prevalence","","","BRFSS","CLASS15","TOPIC56",42,"SEX2","CAT2","_PASTRNG","RESP046","    (40.79373015200048, -77.86070029399963)"
2019,"PR","Puerto Rico","Physical Activity","Strength Activity","Participated in muscle strengthening exercises two or more times per week (variable calculated from one or more BRFSS questions)","Yes","Female","Sex","306",9.1,7.9,10.3,"1","%","Crude Prevalence","","","BRFSS","CLASS15","TOPIC56",72,"SEX2","CAT2","_PASTRNG","RESP046","    (18.220833, -66.590149)"
2019,"PR","Puerto Rico","Physical Activity","Physical Activity Index","Participated in enough Aerobic and Muscle Strengthening exercises to meet guidelines (variable calculated from one or more BRFSS questions)","Yes","Female","Sex","204",5.8,4.8,6.8,"1","%","Crude Prevalence","","","BRFSS","CLASS15","TOPIC45",72,"SEX2","CAT2","_PASTAE2","RESP046","    (18.220833, -66.590149)"
2019,"PR","Puerto Rico","Physical Activity","Exercise","During the past month, did you participate in any physical activities? (variable calculated from one or more BRFSS questions)","Yes","Female","Sex","1,670",45.2,43.2,47.2,"1","%","Crude Prevalence","","","BRFSS","CLASS15","TOPIC23",72,"SEX2","CAT2","_TOTINDA","RESP046","    (18.220833, -66.590149)"
2019,"PR","Puerto Rico","Physical Activity","Aerobic Activity","Participated in 150 minutes or more of Aerobic Physical Activity per week (variable calculated from one or more BRFSS questions)","Yes","Female","Sex","977",26.7,24.9,28.5,"1","%","Crude Prevalence","","","BRFSS","CLASS15","TOPIC01",72,"SEX2","CAT2","_PAINDX2","RESP046","    (18.220833, -66.590149)"
2019,"RI","Rhode Island","Physical Activity","Aerobic Activity","Participated in 150 minutes or more of Aerobic Physical Activity per week (variable calculated from one or more BRFSS questions)","Yes","Female","Sex","1,572",48.4,45.7,51.1,"1","%","Crude Prevalence","","","BRFSS","CLASS15","TOPIC01",44,"SEX2","CAT2","_PAINDX2","RESP046","    (41.70828019300046, -71.52247031399963)"
2019,"RI","Rhode Island","Physical Activity","Exercise","During the past month, did you participate in any physical activities? (variable calculated from one or more BRFSS questions)","Yes","Female","Sex","2,308",71.7,69.3,74.2,"1","%","Crude Prevalence","","","BRFSS","CLASS15","TOPIC23",44,"SEX2","CAT2","_TOTINDA","RESP046","    (41.70828019300046, -71.52247031399963)"
2019,"RI","Rhode Island","Physical Activity","Strength Activity","Participated in muscle strengthening exercises two or more times per week (variable calculated from one or more BRFSS questions)","Yes","Female","Sex","1,034",31.7,29.2,34.2,"1","%","Crude Prevalence","","","BRFSS","CLASS15","TOPIC56",44,"SEX2","CAT2","_PASTRNG","RESP046","    (41.70828019300046, -71.52247031399963)"
2019,"RI","Rhode Island","Physical Activity","Physical Activity Index","Participated in enough Aerobic and Muscle Strengthening exercises to meet guidelines (variable calculated from one or more BRFSS questions)","Yes","Female","Sex","691",21.8,19.6,24,"1","%","Crude Prevalence","","","BRFSS","CLASS15","TOPIC45",44,"SEX2","CAT2","_PASTAE2","RESP046","    (41.70828019300046, -71.52247031399963)"
2019,"SC","South Carolina","Physical Activity","Strength Activity","Participated in muscle strengthening exercises two or more times per week (variable calculated from one or more BRFSS questions)","Yes","Female","Sex","1,217",33.5,31.4,35.7,"1","%","Crude Prevalence","","","BRFSS","CLASS15","TOPIC56",45,"SEX2","CAT2","_PASTRNG","RESP046","    (33.998821303000454, -81.04537120699968)"
2019,"SC","South Carolina","Physical Activity","Physical Activity Index","Participated in enough Aerobic and Muscle Strengthening exercises to meet guidelines (variable calculated from one or more BRFSS questions)","Yes","Female","Sex","716",20.5,18.6,22.4,"1","%","Crude Prevalence","","","BRFSS","CLASS15","TOPIC45",45,"SEX2","CAT2","_PASTAE2","RESP046","    (33.998821303000454, -81.04537120699968)"
2019,"SC","South Carolina","Physical Activity","Exercise","During the past month, did you participate in any physical activities? (variable calculated from one or more BRFSS questions)","Yes","Female","Sex","2,555",69.1,67.1,71.1,"1","%","Crude Prevalence","","","BRFSS","CLASS15","TOPIC23",45,"SEX2","CAT2","_TOTINDA","RESP046","    (33.998821303000454, -81.04537120699968)"
2019,"SC","South Carolina","Physical Activity","Aerobic Activity","Participated in 150 minutes or more of Aerobic Physical Activity per week (variable calculated from one or more BRFSS questions)","Yes","Female","Sex","1,576",44.6,42.4,46.9,"1","%","Crude Prevalence","","","BRFSS","CLASS15","TOPIC01",45,"SEX2","CAT2","_PAINDX2","RESP046","    (33.998821303000454, -81.04537120699968)"
2019,"SD","South Dakota","Physical Activity","Strength Activity","Participated in muscle strengthening exercises two or more times per week (variable calculated from one or more BRFSS questions)","Yes","Female","Sex","1,037",30.8,27.7,34,"1","%","Crude Prevalence","","","BRFSS","CLASS15","TOPIC56",46,"SEX2","CAT2","_PASTRNG","RESP046","    (44.353130053000484, -100.3735306369997)"
2019,"SD","South Dakota","Physical Activity","Aerobic Activity","Participated in 150 minutes or more of Aerobic Physical Activity per week (variable calculated from one or more BRFSS questions)","Yes","Female","Sex","1,553",44,40.6,47.5,"1","%","Crude Prevalence","","","BRFSS","CLASS15","TOPIC01",46,"SEX2","CAT2","_PAINDX2","RESP046","    (44.353130053000484, -100.3735306369997)"
2019,"SD","South Dakota","Physical Activity","Exercise","During the past month, did you participate in any physical activities? (variable calculated from one or more BRFSS questions)","Yes","Female","Sex","2,490",69.3,66.1,72.5,"1","%","Crude Prevalence","","","BRFSS","CLASS15","TOPIC23",46,"SEX2","CAT2","_TOTINDA","RESP046","    (44.353130053000484, -100.3735306369997)"
2019,"SD","South Dakota","Physical Activity","Physical Activity Index","Participated in enough Aerobic and Muscle Strengthening exercises to meet guidelines (variable calculated from one or more BRFSS questions)","Yes","Female","Sex","626",20,17.3,22.7,"1","%","Crude Prevalence","","","BRFSS","CLASS15","TOPIC45",46,"SEX2","CAT2","_PASTAE2","RESP046","    (44.353130053000484, -100.3735306369997)"
2019,"TN","Tennessee","Physical Activity","Aerobic Activity","Participated in 150 minutes or more of Aerobic Physical Activity per week (variable calculated from one or more BRFSS questions)","Yes","Female","Sex","1,289",43,40.5,45.5,"1","%","Crude Prevalence","","","BRFSS","CLASS15","TOPIC01",47,"SEX2","CAT2","_PAINDX2","RESP046","    (35.68094058000048, -85.77449091399967)"
2019,"TN","Tennessee","Physical Activity","Exercise","During the past month, did you participate in any physical activities? (variable calculated from one or more BRFSS questions)","Yes","Female","Sex","2,120",66.8,64.6,69,"1","%","Crude Prevalence","","","BRFSS","CLASS15","TOPIC23",47,"SEX2","CAT2","_TOTINDA","RESP046","    (35.68094058000048, -85.77449091399967)"
2019,"TN","Tennessee","Physical Activity","Physical Activity Index","Participated in enough Aerobic and Muscle Strengthening exercises to meet guidelines (variable calculated from one or more BRFSS questions)","Yes","Female","Sex","515",19.4,17.2,21.5,"1","%","Crude Prevalence","","","BRFSS","CLASS15","TOPIC45",47,"SEX2","CAT2","_PASTAE2","RESP046","    (35.68094058000048, -85.77449091399967)"
2019,"TN","Tennessee","Physical Activity","Strength Activity","Participated in muscle strengthening exercises two or more times per week (variable calculated from one or more BRFSS questions)","Yes","Female","Sex","902",31.7,29.3,34.1,"1","%","Crude Prevalence","","","BRFSS","CLASS15","TOPIC56",47,"SEX2","CAT2","_PASTRNG","RESP046","    (35.68094058000048, -85.77449091399967)"
2019,"TX","Texas","Physical Activity","Exercise","During the past month, did you participate in any physical activities? (variable calculated from one or more BRFSS questions)","Yes","Female","Sex","4,386",70.6,68.4,72.8,"1","%","Crude Prevalence","","","BRFSS","CLASS15","TOPIC23",48,"SEX2","CAT2","_TOTINDA","RESP046","    (31.827240407000488, -99.42677020599967)"
2019,"TX","Texas","Physical Activity","Aerobic Activity","Participated in 150 minutes or more of Aerobic Physical Activity per week (variable calculated from one or more BRFSS questions)","Yes","Female","Sex","2,817",45.7,43.1,48.2,"1","%","Crude Prevalence","","","BRFSS","CLASS15","TOPIC01",48,"SEX2","CAT2","_PAINDX2","RESP046","    (31.827240407000488, -99.42677020599967)"
2019,"TX","Texas","Physical Activity","Strength Activity","Participated in muscle strengthening exercises two or more times per week (variable calculated from one or more BRFSS questions)","Yes","Female","Sex","2,012",33.4,31,35.8,"1","%","Crude Prevalence","","","BRFSS","CLASS15","TOPIC56",48,"SEX2","CAT2","_PASTRNG","RESP046","    (31.827240407000488, -99.42677020599967)"
2019,"TX","Texas","Physical Activity","Physical Activity Index","Participated in enough Aerobic and Muscle Strengthening exercises to meet guidelines (variable calculated from one or more BRFSS questions)","Yes","Female","Sex","1,223",20.5,18.4,22.6,"1","%","Crude Prevalence","","","BRFSS","CLASS15","TOPIC45",48,"SEX2","CAT2","_PASTAE2","RESP046","    (31.827240407000488, -99.42677020599967)"
2019,"UT","Utah","Physical Activity","Exercise","During the past month, did you participate in any physical activities? (variable calculated from one or more BRFSS questions)","Yes","Female","Sex","4,661",80.6,79.3,82,"1","%","Crude Prevalence","","","BRFSS","CLASS15","TOPIC23",49,"SEX2","CAT2","_TOTINDA","RESP046","    (39.360700171000474, -111.58713063499971)"
2019,"UT","Utah","Physical Activity","Aerobic Activity","Participated in 150 minutes or more of Aerobic Physical Activity per week (variable calculated from one or more BRFSS questions)","Yes","Female","Sex","3,137",54.6,52.9,56.4,"1","%","Crude Prevalence","","","BRFSS","CLASS15","TOPIC01",49,"SEX2","CAT2","_PAINDX2","RESP046","    (39.360700171000474, -111.58713063499971)"
2019,"UT","Utah","Physical Activity","Strength Activity","Participated in muscle strengthening exercises two or more times per week (variable calculated from one or more BRFSS questions)","Yes","Female","Sex","1,959",35.9,34.3,37.6,"1","%","Crude Prevalence","","","BRFSS","CLASS15","TOPIC56",49,"SEX2","CAT2","_PASTRNG","RESP046","    (39.360700171000474, -111.58713063499971)"
2019,"UT","Utah","Physical Activity","Physical Activity Index","Participated in enough Aerobic and Muscle Strengthening exercises to meet guidelines (variable calculated from one or more BRFSS questions)","Yes","Female","Sex","1,336",24.5,23,26,"1","%","Crude Prevalence","","","BRFSS","CLASS15","TOPIC45",49,"SEX2","CAT2","_PASTAE2","RESP046","    (39.360700171000474, -111.58713063499971)"
2019,"VA","Virginia","Physical Activity","Strength Activity","Participated in muscle strengthening exercises two or more times per week (variable calculated from one or more BRFSS questions)","Yes","Female","Sex","1,537",30.1,28.3,31.9,"1","%","Crude Prevalence","","","BRFSS","CLASS15","TOPIC56",51,"SEX2","CAT2","_PASTRNG","RESP046","    (37.54268067400045, -78.45789046299967)"
2019,"VA","Virginia","Physical Activity","Physical Activity Index","Participated in enough Aerobic and Muscle Strengthening exercises to meet guidelines (variable calculated from one or more BRFSS questions)","Yes","Female","Sex","987",19.7,18.1,21.2,"1","%","Crude Prevalence","","","BRFSS","CLASS15","TOPIC45",51,"SEX2","CAT2","_PASTAE2","RESP046","    (37.54268067400045, -78.45789046299967)"
2019,"VA","Virginia","Physical Activity","Exercise","During the past month, did you participate in any physical activities? (variable calculated from one or more BRFSS questions)","Yes","Female","Sex","3,715",73,71.3,74.7,"1","%","Crude Prevalence","","","BRFSS","CLASS15","TOPIC23",51,"SEX2","CAT2","_TOTINDA","RESP046","    (37.54268067400045, -78.45789046299967)"
2019,"VA","Virginia","Physical Activity","Aerobic Activity","Participated in 150 minutes or more of Aerobic Physical Activity per week (variable calculated from one or more BRFSS questions)","Yes","Female","Sex","2,382",46.9,44.9,48.8,"1","%","Crude Prevalence","","","BRFSS","CLASS15","TOPIC01",51,"SEX2","CAT2","_PAINDX2","RESP046","    (37.54268067400045, -78.45789046299967)"
2019,"VT","Vermont","Physical Activity","Strength Activity","Participated in muscle strengthening exercises two or more times per week (variable calculated from one or more BRFSS questions)","Yes","Female","Sex","1,278",40.2,37.5,43,"1","%","Crude Prevalence","","","BRFSS","CLASS15","TOPIC56",50,"SEX2","CAT2","_PASTRNG","RESP046","    (43.62538123900049, -72.51764079099962)"
2019,"VT","Vermont","Physical Activity","Physical Activity Index","Participated in enough Aerobic and Muscle Strengthening exercises to meet guidelines (variable calculated from one or more BRFSS questions)","Yes","Female","Sex","923",30.2,27.5,32.9,"1","%","Crude Prevalence","","","BRFSS","CLASS15","TOPIC45",50,"SEX2","CAT2","_PASTAE2","RESP046","    (43.62538123900049, -72.51764079099962)"
2019,"VT","Vermont","Physical Activity","Exercise","During the past month, did you participate in any physical activities? (variable calculated from one or more BRFSS questions)","Yes","Female","Sex","2,636",80.4,78.5,82.3,"1","%","Crude Prevalence","","","BRFSS","CLASS15","TOPIC23",50,"SEX2","CAT2","_TOTINDA","RESP046","    (43.62538123900049, -72.51764079099962)"
2019,"VT","Vermont","Physical Activity","Aerobic Activity","Participated in 150 minutes or more of Aerobic Physical Activity per week (variable calculated from one or more BRFSS questions)","Yes","Female","Sex","1,933",61.1,58.4,63.7,"1","%","Crude Prevalence","","","BRFSS","CLASS15","TOPIC01",50,"SEX2","CAT2","_PAINDX2","RESP046","    (43.62538123900049, -72.51764079099962)"
2019,"WA","Washington","Physical Activity","Aerobic Activity","Participated in 150 minutes or more of Aerobic Physical Activity per week (variable calculated from one or more BRFSS questions)","Yes","Female","Sex","3,673",57.5,55.8,59.2,"1","%","Crude Prevalence","","","BRFSS","CLASS15","TOPIC01",53,"SEX2","CAT2","_PAINDX2","RESP046","    (47.52227862900048, -120.47001078999972)"
2019,"WA","Washington","Physical Activity","Strength Activity","Participated in muscle strengthening exercises two or more times per week (variable calculated from one or more BRFSS questions)","Yes","Female","Sex","2,224",35.1,33.5,36.7,"1","%","Crude Prevalence","","","BRFSS","CLASS15","TOPIC56",53,"SEX2","CAT2","_PASTRNG","RESP046","    (47.52227862900048, -120.47001078999972)"
2019,"WA","Washington","Physical Activity","Physical Activity Index","Participated in enough Aerobic and Muscle Strengthening exercises to meet guidelines (variable calculated from one or more BRFSS questions)","Yes","Female","Sex","1,608",25.3,23.8,26.8,"1","%","Crude Prevalence","","","BRFSS","CLASS15","TOPIC45",53,"SEX2","CAT2","_PASTAE2","RESP046","    (47.52227862900048, -120.47001078999972)"
2019,"WA","Washington","Physical Activity","Exercise","During the past month, did you participate in any physical activities? (variable calculated from one or more BRFSS questions)","Yes","Female","Sex","5,118",80.3,78.9,81.6,"1","%","Crude Prevalence","","","BRFSS","CLASS15","TOPIC23",53,"SEX2","CAT2","_TOTINDA","RESP046","    (47.52227862900048, -120.47001078999972)"
2019,"WI","Wisconsin","Physical Activity","Aerobic Activity","Participated in 150 minutes or more of Aerobic Physical Activity per week (variable calculated from one or more BRFSS questions)","Yes","Female","Sex","1,345",52.5,49.7,55.2,"1","%","Crude Prevalence","","","BRFSS","CLASS15","TOPIC01",55,"SEX2","CAT2","_PAINDX2","RESP046","    (44.39319117400049, -89.81637074199966)"
2019,"WI","Wisconsin","Physical Activity","Exercise","During the past month, did you participate in any physical activities? (variable calculated from one or more BRFSS questions)","Yes","Female","Sex","1,911",74.4,72,76.8,"1","%","Crude Prevalence","","","BRFSS","CLASS15","TOPIC23",55,"SEX2","CAT2","_TOTINDA","RESP046","    (44.39319117400049, -89.81637074199966)"
2019,"WI","Wisconsin","Physical Activity","Physical Activity Index","Participated in enough Aerobic and Muscle Strengthening exercises to meet guidelines (variable calculated from one or more BRFSS questions)","Yes","Female","Sex","598",22.4,20.2,24.7,"1","%","Crude Prevalence","","","BRFSS","CLASS15","TOPIC45",55,"SEX2","CAT2","_PASTAE2","RESP046","    (44.39319117400049, -89.81637074199966)"
2019,"WI","Wisconsin","Physical Activity","Strength Activity","Participated in muscle strengthening exercises two or more times per week (variable calculated from one or more BRFSS questions)","Yes","Female","Sex","900",33.4,30.9,36,"1","%","Crude Prevalence","","","BRFSS","CLASS15","TOPIC56",55,"SEX2","CAT2","_PASTRNG","RESP046","    (44.39319117400049, -89.81637074199966)"
2019,"WV","West Virginia","Physical Activity","Aerobic Activity","Participated in 150 minutes or more of Aerobic Physical Activity per week (variable calculated from one or more BRFSS questions)","Yes","Female","Sex","1,192",45,42.5,47.5,"1","%","Crude Prevalence","","","BRFSS","CLASS15","TOPIC01",54,"SEX2","CAT2","_PAINDX2","RESP046","    (38.66551020200046, -80.71264013499967)"
2019,"WV","West Virginia","Physical Activity","Exercise","During the past month, did you participate in any physical activities? (variable calculated from one or more BRFSS questions)","Yes","Female","Sex","1,885",66.2,64,68.5,"1","%","Crude Prevalence","","","BRFSS","CLASS15","TOPIC23",54,"SEX2","CAT2","_TOTINDA","RESP046","    (38.66551020200046, -80.71264013499967)"
2019,"WV","West Virginia","Physical Activity","Physical Activity Index","Participated in enough Aerobic and Muscle Strengthening exercises to meet guidelines (variable calculated from one or more BRFSS questions)","Yes","Female","Sex","404",16,14.1,17.9,"1","%","Crude Prevalence","","","BRFSS","CLASS15","TOPIC45",54,"SEX2","CAT2","_PASTAE2","RESP046","    (38.66551020200046, -80.71264013499967)"
2019,"WV","West Virginia","Physical Activity","Strength Activity","Participated in muscle strengthening exercises two or more times per week (variable calculated from one or more BRFSS questions)","Yes","Female","Sex","671",24,21.9,26.2,"1","%","Crude Prevalence","","","BRFSS","CLASS15","TOPIC56",54,"SEX2","CAT2","_PASTRNG","RESP046","    (38.66551020200046, -80.71264013499967)"
2019,"WY","Wyoming","Physical Activity","Aerobic Activity","Participated in 150 minutes or more of Aerobic Physical Activity per week (variable calculated from one or more BRFSS questions)","Yes","Female","Sex","1,320",55,52,58,"1","%","Crude Prevalence","","","BRFSS","CLASS15","TOPIC01",56,"SEX2","CAT2","_PAINDX2","RESP046","    (43.23554134300048, -108.10983035299967)"
2019,"WY","Wyoming","Physical Activity","Exercise","During the past month, did you participate in any physical activities? (variable calculated from one or more BRFSS questions)","Yes","Female","Sex","1,852",76.3,73.9,78.8,"1","%","Crude Prevalence","","","BRFSS","CLASS15","TOPIC23",56,"SEX2","CAT2","_TOTINDA","RESP046","    (43.23554134300048, -108.10983035299967)"
2019,"WY","Wyoming","Physical Activity","Physical Activity Index","Participated in enough Aerobic and Muscle Strengthening exercises to meet guidelines (variable calculated from one or more BRFSS questions)","Yes","Female","Sex","540",22.3,19.8,24.8,"1","%","Crude Prevalence","","","BRFSS","CLASS15","TOPIC45",56,"SEX2","CAT2","_PASTAE2","RESP046","    (43.23554134300048, -108.10983035299967)"
2019,"WY","Wyoming","Physical Activity","Strength Activity","Participated in muscle strengthening exercises two or more times per week (variable calculated from one or more BRFSS questions)","Yes","Female","Sex","806",34.1,31.3,37,"1","%","Crude Prevalence","","","BRFSS","CLASS15","TOPIC56",56,"SEX2","CAT2","_PASTRNG","RESP046","    (43.23554134300048, -108.10983035299967)"
2018,"AK","Alaska","Physical Activity","Exercise","During the past month, did you participate in any physical activities? (variable calculated from one or more BRFSS questions)","Yes","Female","Sex","1,060",77.9,74.6,81.2,"1","%","Crude Prevalence","","","BRFSS","CLASS15","TOPIC23",2,"SEX2","CAT2","_TOTINDA","RESP046","    (64.84507995700051, -147.72205903599973)"
2018,"AL","Alabama","Physical Activity","Exercise","During the past month, did you participate in any physical activities? (variable calculated from one or more BRFSS questions)","Yes","Female","Sex","2,517",66.1,64.1,68.2,"1","%","Crude Prevalence","","","BRFSS","CLASS15","TOPIC23",1,"SEX2","CAT2","_TOTINDA","RESP046","    (32.84057112200048, -86.63186076199969)"
2018,"AR","Arkansas","Physical Activity","Exercise","During the past month, did you participate in any physical activities? (variable calculated from one or more BRFSS questions)","Yes","Female","Sex","2,096",66.6,64.3,69,"1","%","Crude Prevalence","","","BRFSS","CLASS15","TOPIC23",5,"SEX2","CAT2","_TOTINDA","RESP046","    (34.74865012400045, -92.27449074299966)"
2018,"AZ","Arizona","Physical Activity","Exercise","During the past month, did you participate in any physical activities? (variable calculated from one or more BRFSS questions)","Yes","Female","Sex","3,263",74.1,71.8,76.4,"1","%","Crude Prevalence","","","BRFSS","CLASS15","TOPIC23",4,"SEX2","CAT2","_TOTINDA","RESP046","    (34.865970280000454, -111.76381127699972)"
2018,"CA","California","Physical Activity","Exercise","During the past month, did you participate in any physical activities? (variable calculated from one or more BRFSS questions)","Yes","Female","Sex","4,541",77.5,76,79,"1","%","Crude Prevalence","","","BRFSS","CLASS15","TOPIC23",6,"SEX2","CAT2","_TOTINDA","RESP046","    (37.63864012300047, -120.99999953799971)"
2018,"CO","Colorado","Physical Activity","Exercise","During the past month, did you participate in any physical activities? (variable calculated from one or more BRFSS questions)","Yes","Female","Sex","3,742",82.7,81.4,84,"1","%","Crude Prevalence","","","BRFSS","CLASS15","TOPIC23",8,"SEX2","CAT2","_TOTINDA","RESP046","    (38.843840757000464, -106.13361092099967)"
2018,"CT","Connecticut","Physical Activity","Exercise","During the past month, did you participate in any physical activities? (variable calculated from one or more BRFSS questions)","Yes","Female","Sex","4,574",75.4,73.8,77.1,"1","%","Crude Prevalence","","","BRFSS","CLASS15","TOPIC23",9,"SEX2","CAT2","_TOTINDA","RESP046","    (41.56266102000046, -72.64984095199964)"
2018,"DC","District of Columbia","Physical Activity","Exercise","During the past month, did you participate in any physical activities? (variable calculated from one or more BRFSS questions)","Yes","Female","Sex","1,867",77.2,74.8,79.6,"1","%","Crude Prevalence","","","BRFSS","CLASS15","TOPIC23",11,"SEX2","CAT2","_TOTINDA","RESP046","    (38.89037138500049, -77.03196112699965)"
2018,"DE","Delaware","Physical Activity","Exercise","During the past month, did you participate in any physical activities? (variable calculated from one or more BRFSS questions)","Yes","Female","Sex","1,962",70,67.8,72.2,"1","%","Crude Prevalence","","","BRFSS","CLASS15","TOPIC23",10,"SEX2","CAT2","_TOTINDA","RESP046","    (39.008830667000495, -75.57774116799965)"
2018,"FL","Florida","Physical Activity","Exercise","During the past month, did you participate in any physical activities? (variable calculated from one or more BRFSS questions)","Yes","Female","Sex","5,752",70.6,68.6,72.6,"1","%","Crude Prevalence","","","BRFSS","CLASS15","TOPIC23",12,"SEX2","CAT2","_TOTINDA","RESP046","    (28.932040377000476, -81.92896053899966)"
2018,"GA","Georgia","Physical Activity","Exercise","During the past month, did you participate in any physical activities? (variable calculated from one or more BRFSS questions)","Yes","Female","Sex","3,635",70.7,69.1,72.3,"1","%","Crude Prevalence","","","BRFSS","CLASS15","TOPIC23",13,"SEX2","CAT2","_TOTINDA","RESP046","    (32.83968109300048, -83.62758034599966)"
2018,"GU","Guam","Physical Activity","Exercise","During the past month, did you participate in any physical activities? (variable calculated from one or more BRFSS questions)","Yes","Female","Sex","640",67.6,63,72.2,"1","%","Crude Prevalence","","","BRFSS","CLASS15","TOPIC23",66,"SEX2","CAT2","_TOTINDA","RESP046","    (13.444304, 144.793731)"
2018,"HI","Hawaii","Physical Activity","Exercise","During the past month, did you participate in any physical activities? (variable calculated from one or more BRFSS questions)","Yes","Female","Sex","3,212",76.5,74.5,78.5,"1","%","Crude Prevalence","","","BRFSS","CLASS15","TOPIC23",15,"SEX2","CAT2","_TOTINDA","RESP046","    (21.304850435000446, -157.85774940299973)"
2018,"IA","Iowa","Physical Activity","Exercise","During the past month, did you participate in any physical activities? (variable calculated from one or more BRFSS questions)","Yes","Female","Sex","3,596",76.5,75.1,78,"1","%","Crude Prevalence","","","BRFSS","CLASS15","TOPIC23",19,"SEX2","CAT2","_TOTINDA","RESP046","    (42.46940091300047, -93.81649055599968)"
2018,"ID","Idaho","Physical Activity","Exercise","During the past month, did you participate in any physical activities? (variable calculated from one or more BRFSS questions)","Yes","Female","Sex","1,448",78,75.2,80.8,"1","%","Crude Prevalence","","","BRFSS","CLASS15","TOPIC23",16,"SEX2","CAT2","_TOTINDA","RESP046","    (43.682630005000476, -114.3637300419997)"
2018,"IL","Illinois","Physical Activity","Exercise","During the past month, did you participate in any physical activities? (variable calculated from one or more BRFSS questions)","Yes","Female","Sex","2,016",73,71,75.1,"1","%","Crude Prevalence","","","BRFSS","CLASS15","TOPIC23",17,"SEX2","CAT2","_TOTINDA","RESP046","    (40.48501028300046, -88.99771017799969)"
2018,"IN","Indiana","Physical Activity","Exercise","During the past month, did you participate in any physical activities? (variable calculated from one or more BRFSS questions)","Yes","Female","Sex","2,885",69.6,67.9,71.4,"1","%","Crude Prevalence","","","BRFSS","CLASS15","TOPIC23",18,"SEX2","CAT2","_TOTINDA","RESP046","    (39.766910452000445, -86.14996019399968)"
2018,"KS","Kansas","Physical Activity","Exercise","During the past month, did you participate in any physical activities? (variable calculated from one or more BRFSS questions)","Yes","Female","Sex","4,309",75.3,73.8,76.7,"1","%","Crude Prevalence","","","BRFSS","CLASS15","TOPIC23",20,"SEX2","CAT2","_TOTINDA","RESP046","    (38.34774030000045, -98.20078122699965)"
2018,"KY","Kentucky","Physical Activity","Exercise","During the past month, did you participate in any physical activities? (variable calculated from one or more BRFSS questions)","Yes","Female","Sex","3,060",65.5,63.3,67.7,"1","%","Crude Prevalence","","","BRFSS","CLASS15","TOPIC23",21,"SEX2","CAT2","_TOTINDA","RESP046","    (37.645970271000465, -84.77497104799966)"
2018,"LA","Louisiana","Physical Activity","Exercise","During the past month, did you participate in any physical activities? (variable calculated from one or more BRFSS questions)","Yes","Female","Sex","1,926",66,63.6,68.4,"1","%","Crude Prevalence","","","BRFSS","CLASS15","TOPIC23",22,"SEX2","CAT2","_TOTINDA","RESP046","    (31.31266064400046, -92.44568007099969)"
2018,"MA","Massachusetts","Physical Activity","Exercise","During the past month, did you participate in any physical activities? (variable calculated from one or more BRFSS questions)","Yes","Female","Sex","2,727",75.6,73.6,77.6,"1","%","Crude Prevalence","","","BRFSS","CLASS15","TOPIC23",25,"SEX2","CAT2","_TOTINDA","RESP046","    (42.27687047000046, -72.08269067499964)"
2018,"MD","Maryland","Physical Activity","Exercise","During the past month, did you participate in any physical activities? (variable calculated from one or more BRFSS questions)","Yes","Female","Sex","7,408",74.8,73.5,76.2,"1","%","Crude Prevalence","","","BRFSS","CLASS15","TOPIC23",24,"SEX2","CAT2","_TOTINDA","RESP046","    (39.29058096400047, -76.60926011099963)"
2018,"ME","Maine","Physical Activity","Exercise","During the past month, did you participate in any physical activities? (variable calculated from one or more BRFSS questions)","Yes","Female","Sex","4,802",78.2,76.6,79.8,"1","%","Crude Prevalence","","","BRFSS","CLASS15","TOPIC23",23,"SEX2","CAT2","_TOTINDA","RESP046","    (45.254228894000505, -68.98503133599962)"
2018,"MI","Michigan","Physical Activity","Exercise","During the past month, did you participate in any physical activities? (variable calculated from one or more BRFSS questions)","Yes","Female","Sex","4,062",74,72.5,75.4,"1","%","Crude Prevalence","","","BRFSS","CLASS15","TOPIC23",26,"SEX2","CAT2","_TOTINDA","RESP046","    (44.6613195430005, -84.71439026999968)"
2018,"MN","Minnesota","Physical Activity","Exercise","During the past month, did you participate in any physical activities? (variable calculated from one or more BRFSS questions)","Yes","Female","Sex","6,782",78.7,77.6,79.8,"1","%","Crude Prevalence","","","BRFSS","CLASS15","TOPIC23",27,"SEX2","CAT2","_TOTINDA","RESP046","    (46.35564873600049, -94.79420050299967)"
2018,"MO","Missouri","Physical Activity","Exercise","During the past month, did you participate in any physical activities? (variable calculated from one or more BRFSS questions)","Yes","Female","Sex","2,386",71.5,69.4,73.7,"1","%","Crude Prevalence","","","BRFSS","CLASS15","TOPIC23",29,"SEX2","CAT2","_TOTINDA","RESP046","    (38.635790776000476, -92.56630005299968)"
2018,"MS","Mississippi","Physical Activity","Exercise","During the past month, did you participate in any physical activities? (variable calculated from one or more BRFSS questions)","Yes","Female","Sex","2,159",63.4,61.2,65.5,"1","%","Crude Prevalence","","","BRFSS","CLASS15","TOPIC23",28,"SEX2","CAT2","_TOTINDA","RESP046","    (32.745510099000455, -89.53803082499968)"
2018,"MT","Montana","Physical Activity","Exercise","During the past month, did you participate in any physical activities? (variable calculated from one or more BRFSS questions)","Yes","Female","Sex","2,008",75,72.8,77.3,"1","%","Crude Prevalence","","","BRFSS","CLASS15","TOPIC23",30,"SEX2","CAT2","_TOTINDA","RESP046","    (47.06652897200047, -109.42442064499971)"
2018,"NC","North Carolina","Physical Activity","Exercise","During the past month, did you participate in any physical activities? (variable calculated from one or more BRFSS questions)","Yes","Female","Sex","1,826",72.9,70.6,75.1,"1","%","Crude Prevalence","","","BRFSS","CLASS15","TOPIC23",37,"SEX2","CAT2","_TOTINDA","RESP046","    (35.466220975000454, -79.15925046299964)"
2018,"ND","North Dakota","Physical Activity","Exercise","During the past month, did you participate in any physical activities? (variable calculated from one or more BRFSS questions)","Yes","Female","Sex","2,213",78.3,76,80.5,"1","%","Crude Prevalence","","","BRFSS","CLASS15","TOPIC23",38,"SEX2","CAT2","_TOTINDA","RESP046","    (47.47531977900047, -100.11842104899966)"
2018,"NE","Nebraska","Physical Activity","Exercise","During the past month, did you participate in any physical activities? (variable calculated from one or more BRFSS questions)","Yes","Female","Sex","5,887",75.6,74.2,77.1,"1","%","Crude Prevalence","","","BRFSS","CLASS15","TOPIC23",31,"SEX2","CAT2","_TOTINDA","RESP046","    (41.6410409880005, -99.36572062299967)"
2018,"NH","New Hampshire","Physical Activity","Exercise","During the past month, did you participate in any physical activities? (variable calculated from one or more BRFSS questions)","Yes","Female","Sex","2,379",77.1,75,79.2,"1","%","Crude Prevalence","","","BRFSS","CLASS15","TOPIC23",33,"SEX2","CAT2","_TOTINDA","RESP046","    (43.65595011300047, -71.50036091999965)"
2018,"NJ","New Jersey","Physical Activity","Exercise","During the past month, did you participate in any physical activities? (variable calculated from one or more BRFSS questions)","Yes","Female","Sex","1,131",69.2,65.4,73,"1","%","Crude Prevalence","","","BRFSS","CLASS15","TOPIC23",34,"SEX2","CAT2","_TOTINDA","RESP046","    (40.13057004800049, -74.27369128799967)"
2018,"NM","New Mexico","Physical Activity","Exercise","During the past month, did you participate in any physical activities? (variable calculated from one or more BRFSS questions)","Yes","Female","Sex","2,656",74.9,73,76.9,"1","%","Crude Prevalence","","","BRFSS","CLASS15","TOPIC23",35,"SEX2","CAT2","_TOTINDA","RESP046","    (34.52088095200048, -106.24058098499967)"
2018,"NV","Nevada","Physical Activity","Exercise","During the past month, did you participate in any physical activities? (variable calculated from one or more BRFSS questions)","Yes","Female","Sex","1,266",72.7,69.5,75.8,"1","%","Crude Prevalence","","","BRFSS","CLASS15","TOPIC23",32,"SEX2","CAT2","_TOTINDA","RESP046","    (39.493240390000494, -117.07184056399967)"
2018,"NY","New York","Physical Activity","Exercise","During the past month, did you participate in any physical activities? (variable calculated from one or more BRFSS questions)","Yes","Female","Sex","13,692",73.8,72.6,75,"1","%","Crude Prevalence","","","BRFSS","CLASS15","TOPIC23",36,"SEX2","CAT2","_TOTINDA","RESP046","    (42.82700103200045, -75.54397042699964)"
2018,"OH","Ohio","Physical Activity","Exercise","During the past month, did you participate in any physical activities? (variable calculated from one or more BRFSS questions)","Yes","Female","Sex","5,062",71.5,69.9,73.1,"1","%","Crude Prevalence","","","BRFSS","CLASS15","TOPIC23",39,"SEX2","CAT2","_TOTINDA","RESP046","    (40.06021014100048, -82.40426005599966)"
2018,"OK","Oklahoma","Physical Activity","Exercise","During the past month, did you participate in any physical activities? (variable calculated from one or more BRFSS questions)","Yes","Female","Sex","2,103",70.9,68.8,72.9,"1","%","Crude Prevalence","","","BRFSS","CLASS15","TOPIC23",40,"SEX2","CAT2","_TOTINDA","RESP046","    (35.47203135600046, -97.52107021399968)"
2018,"OR","Oregon","Physical Activity","Exercise","During the past month, did you participate in any physical activities? (variable calculated from one or more BRFSS questions)","Yes","Female","Sex","2,539",79.2,77.4,81.1,"1","%","Crude Prevalence","","","BRFSS","CLASS15","TOPIC23",41,"SEX2","CAT2","_TOTINDA","RESP046","    (44.56744942400047, -120.15503132599969)"
2018,"PA","Pennsylvania","Physical Activity","Exercise","During the past month, did you participate in any physical activities? (variable calculated from one or more BRFSS questions)","Yes","Female","Sex","2,366",73.1,71,75.3,"1","%","Crude Prevalence","","","BRFSS","CLASS15","TOPIC23",42,"SEX2","CAT2","_TOTINDA","RESP046","    (40.79373015200048, -77.86070029399963)"
2018,"PR","Puerto Rico","Physical Activity","Exercise","During the past month, did you participate in any physical activities? (variable calculated from one or more BRFSS questions)","Yes","Female","Sex","1,411",45.8,43.6,48.1,"1","%","Crude Prevalence","","","BRFSS","CLASS15","TOPIC23",72,"SEX2","CAT2","_TOTINDA","RESP046","    (18.220833, -66.590149)"
2018,"RI","Rhode Island","Physical Activity","Exercise","During the past month, did you participate in any physical activities? (variable calculated from one or more BRFSS questions)","Yes","Female","Sex","2,269",71.6,69.3,74,"1","%","Crude Prevalence","","","BRFSS","CLASS15","TOPIC23",44,"SEX2","CAT2","_TOTINDA","RESP046","    (41.70828019300046, -71.52247031399963)"
2018,"SC","South Carolina","Physical Activity","Exercise","During the past month, did you participate in any physical activities? (variable calculated from one or more BRFSS questions)","Yes","Female","Sex","4,408",69.9,68.3,71.6,"1","%","Crude Prevalence","","","BRFSS","CLASS15","TOPIC23",45,"SEX2","CAT2","_TOTINDA","RESP046","    (33.998821303000454, -81.04537120699968)"
2018,"SD","South Dakota","Physical Activity","Exercise","During the past month, did you participate in any physical activities? (variable calculated from one or more BRFSS questions)","Yes","Female","Sex","2,853",76.7,74.2,79.3,"1","%","Crude Prevalence","","","BRFSS","CLASS15","TOPIC23",46,"SEX2","CAT2","_TOTINDA","RESP046","    (44.353130053000484, -100.3735306369997)"
2018,"TN","Tennessee","Physical Activity","Exercise","During the past month, did you participate in any physical activities? (variable calculated from one or more BRFSS questions)","Yes","Female","Sex","1,830",65.9,63.4,68.5,"1","%","Crude Prevalence","","","BRFSS","CLASS15","TOPIC23",47,"SEX2","CAT2","_TOTINDA","RESP046","    (35.68094058000048, -85.77449091399967)"
2018,"TX","Texas","Physical Activity","Exercise","During the past month, did you participate in any physical activities? (variable calculated from one or more BRFSS questions)","Yes","Female","Sex","4,336",71.1,68.6,73.7,"1","%","Crude Prevalence","","","BRFSS","CLASS15","TOPIC23",48,"SEX2","CAT2","_TOTINDA","RESP046","    (31.827240407000488, -99.42677020599967)"
2018,"UT","Utah","Physical Activity","Exercise","During the past month, did you participate in any physical activities? (variable calculated from one or more BRFSS questions)","Yes","Female","Sex","4,254",80.8,79.5,82.2,"1","%","Crude Prevalence","","","BRFSS","CLASS15","TOPIC23",49,"SEX2","CAT2","_TOTINDA","RESP046","    (39.360700171000474, -111.58713063499971)"
2018,"VA","Virginia","Physical Activity","Exercise","During the past month, did you participate in any physical activities? (variable calculated from one or more BRFSS questions)","Yes","Female","Sex","4,169",76.1,74.6,77.6,"1","%","Crude Prevalence","","","BRFSS","CLASS15","TOPIC23",51,"SEX2","CAT2","_TOTINDA","RESP046","    (37.54268067400045, -78.45789046299967)"
2018,"VT","Vermont","Physical Activity","Exercise","During the past month, did you participate in any physical activities? (variable calculated from one or more BRFSS questions)","Yes","Female","Sex","2,858",80.4,78.7,82.2,"1","%","Crude Prevalence","","","BRFSS","CLASS15","TOPIC23",50,"SEX2","CAT2","_TOTINDA","RESP046","    (43.62538123900049, -72.51764079099962)"
2018,"WA","Washington","Physical Activity","Exercise","During the past month, did you participate in any physical activities? (variable calculated from one or more BRFSS questions)","Yes","Female","Sex","5,703",82,80.7,83.2,"1","%","Crude Prevalence","","","BRFSS","CLASS15","TOPIC23",53,"SEX2","CAT2","_TOTINDA","RESP046","    (47.52227862900048, -120.47001078999972)"
2018,"WI","Wisconsin","Physical Activity","Exercise","During the past month, did you participate in any physical activities? (variable calculated from one or more BRFSS questions)","Yes","Female","Sex","2,011",76.4,74.2,78.7,"1","%","Crude Prevalence","","","BRFSS","CLASS15","TOPIC23",55,"SEX2","CAT2","_TOTINDA","RESP046","    (44.39319117400049, -89.81637074199966)"
2018,"WV","West Virginia","Physical Activity","Exercise","During the past month, did you participate in any physical activities? (variable calculated from one or more BRFSS questions)","Yes","Female","Sex","1,866",69,66.8,71.1,"1","%","Crude Prevalence","","","BRFSS","CLASS15","TOPIC23",54,"SEX2","CAT2","_TOTINDA","RESP046","    (38.66551020200046, -80.71264013499967)"
2018,"WY","Wyoming","Physical Activity","Exercise","During the past month, did you participate in any physical activities? (variable calculated from one or more BRFSS questions)","Yes","Female","Sex","1,853",77.7,75.6,79.8,"1","%","Crude Prevalence","","","BRFSS","CLASS15","TOPIC23",56,"SEX2","CAT2","_TOTINDA","RESP046","    (43.23554134300048, -108.10983035299967)"
2017,"AK","Alaska","Physical Activity","Aerobic Activity","Participated in 150 minutes or more of Aerobic Physical Activity per week (variable calculated from one or more BRFSS questions)","Yes","Female","Sex","858",60.6,56.4,64.8,"1","%","Crude Prevalence","","","BRFSS","CLASS15","TOPIC01",2,"SEX2","CAT2","_PAINDX1","RESP046","    (64.84507995700051, -147.72205903599973)"
2017,"AK","Alaska","Physical Activity","Exercise","During the past month, did you participate in any physical activities? (variable calculated from one or more BRFSS questions)","Yes","Female","Sex","1,197",79.8,76.6,83,"1","%","Crude Prevalence","","","BRFSS","CLASS15","TOPIC23",2,"SEX2","CAT2","_TOTINDA","RESP046","    (64.84507995700051, -147.72205903599973)"
2017,"AK","Alaska","Physical Activity","Physical Activity Index","Participated in enough Aerobic and Muscle Strengthening exercises to meet guidelines (variable calculated from one or more BRFSS questions)","Yes","Female","Sex","305",23.3,19.5,27.2,"1","%","Crude Prevalence","","","BRFSS","CLASS15","TOPIC45",2,"SEX2","CAT2","_PASTAE1","RESP046","    (64.84507995700051, -147.72205903599973)"
2017,"AK","Alaska","Physical Activity","Strength Activity","Participated in muscle strengthening exercises two or more times per week (variable calculated from one or more BRFSS questions)","Yes","Female","Sex","421",30.1,26.1,34.1,"1","%","Crude Prevalence","","","BRFSS","CLASS15","TOPIC56",2,"SEX2","CAT2","_PASTRNG","RESP046","    (64.84507995700051, -147.72205903599973)"
2017,"AL","Alabama","Physical Activity","Aerobic Activity","Participated in 150 minutes or more of Aerobic Physical Activity per week (variable calculated from one or more BRFSS questions)","Yes","Female","Sex","1,414",40.7,38.4,43,"1","%","Crude Prevalence","","","BRFSS","CLASS15","TOPIC01",1,"SEX2","CAT2","_PAINDX1","RESP046","    (32.84057112200048, -86.63186076199969)"
2017,"AL","Alabama","Physical Activity","Exercise","During the past month, did you participate in any physical activities? (variable calculated from one or more BRFSS questions)","Yes","Female","Sex","2,291",64.2,62.1,66.3,"1","%","Crude Prevalence","","","BRFSS","CLASS15","TOPIC23",1,"SEX2","CAT2","_TOTINDA","RESP046","    (32.84057112200048, -86.63186076199969)"
2017,"AL","Alabama","Physical Activity","Strength Activity","Participated in muscle strengthening exercises two or more times per week (variable calculated from one or more BRFSS questions)","Yes","Female","Sex","696",20.4,18.6,22.3,"1","%","Crude Prevalence","","","BRFSS","CLASS15","TOPIC56",1,"SEX2","CAT2","_PASTRNG","RESP046","    (32.84057112200048, -86.63186076199969)"
2017,"AL","Alabama","Physical Activity","Physical Activity Index","Participated in enough Aerobic and Muscle Strengthening exercises to meet guidelines (variable calculated from one or more BRFSS questions)","Yes","Female","Sex","412",13,11.3,14.6,"1","%","Crude Prevalence","","","BRFSS","CLASS15","TOPIC45",1,"SEX2","CAT2","_PASTAE1","RESP046","    (32.84057112200048, -86.63186076199969)"
2017,"AR","Arkansas","Physical Activity","Exercise","During the past month, did you participate in any physical activities? (variable calculated from one or more BRFSS questions)","Yes","Female","Sex","1,924",64,60.9,67.2,"1","%","Crude Prevalence","","","BRFSS","CLASS15","TOPIC23",5,"SEX2","CAT2","_TOTINDA","RESP046","    (34.74865012400045, -92.27449074299966)"
2017,"AR","Arkansas","Physical Activity","Physical Activity Index","Participated in enough Aerobic and Muscle Strengthening exercises to meet guidelines (variable calculated from one or more BRFSS questions)","Yes","Female","Sex","362",13.6,11.3,15.9,"1","%","Crude Prevalence","","","BRFSS","CLASS15","TOPIC45",5,"SEX2","CAT2","_PASTAE1","RESP046","    (34.74865012400045, -92.27449074299966)"
2017,"AR","Arkansas","Physical Activity","Strength Activity","Participated in muscle strengthening exercises two or more times per week (variable calculated from one or more BRFSS questions)","Yes","Female","Sex","581",21.6,18.7,24.5,"1","%","Crude Prevalence","","","BRFSS","CLASS15","TOPIC56",5,"SEX2","CAT2","_PASTRNG","RESP046","    (34.74865012400045, -92.27449074299966)"
2017,"AR","Arkansas","Physical Activity","Aerobic Activity","Participated in 150 minutes or more of Aerobic Physical Activity per week (variable calculated from one or more BRFSS questions)","Yes","Female","Sex","1,281",41.3,38.1,44.6,"1","%","Crude Prevalence","","","BRFSS","CLASS15","TOPIC01",5,"SEX2","CAT2","_PAINDX1","RESP046","    (34.74865012400045, -92.27449074299966)"
2017,"AZ","Arizona","Physical Activity","Aerobic Activity","Participated in 150 minutes or more of Aerobic Physical Activity per week (variable calculated from one or more BRFSS questions)","Yes","Female","Sex","4,010",51.6,50,53.1,"1","%","Crude Prevalence","","","BRFSS","CLASS15","TOPIC01",4,"SEX2","CAT2","_PAINDX1","RESP046","    (34.865970280000454, -111.76381127699972)"
2017,"AZ","Arizona","Physical Activity","Exercise","During the past month, did you participate in any physical activities? (variable calculated from one or more BRFSS questions)","Yes","Female","Sex","5,690",73.5,72.2,74.8,"1","%","Crude Prevalence","","","BRFSS","CLASS15","TOPIC23",4,"SEX2","CAT2","_TOTINDA","RESP046","    (34.865970280000454, -111.76381127699972)"
2017,"AZ","Arizona","Physical Activity","Physical Activity Index","Participated in enough Aerobic and Muscle Strengthening exercises to meet guidelines (variable calculated from one or more BRFSS questions)","Yes","Female","Sex","1,489",20.2,18.9,21.4,"1","%","Crude Prevalence","","","BRFSS","CLASS15","TOPIC45",4,"SEX2","CAT2","_PASTAE1","RESP046","    (34.865970280000454, -111.76381127699972)"
2017,"AZ","Arizona","Physical Activity","Strength Activity","Participated in muscle strengthening exercises two or more times per week (variable calculated from one or more BRFSS questions)","Yes","Female","Sex","2,096",27.5,26.2,28.9,"1","%","Crude Prevalence","","","BRFSS","CLASS15","TOPIC56",4,"SEX2","CAT2","_PASTRNG","RESP046","    (34.865970280000454, -111.76381127699972)"
2017,"CA","California","Physical Activity","Strength Activity","Participated in muscle strengthening exercises two or more times per week (variable calculated from one or more BRFSS questions)","Yes","Female","Sex","1,286",30.4,28.3,32.4,"1","%","Crude Prevalence","","","BRFSS","CLASS15","TOPIC56",6,"SEX2","CAT2","_PASTRNG","RESP046","    (37.63864012300047, -120.99999953799971)"
2017,"CA","California","Physical Activity","Physical Activity Index","Participated in enough Aerobic and Muscle Strengthening exercises to meet guidelines (variable calculated from one or more BRFSS questions)","Yes","Female","Sex","929",21.1,19.3,22.9,"1","%","Crude Prevalence","","","BRFSS","CLASS15","TOPIC45",6,"SEX2","CAT2","_PASTAE1","RESP046","    (37.63864012300047, -120.99999953799971)"
2017,"CA","California","Physical Activity","Exercise","During the past month, did you participate in any physical activities? (variable calculated from one or more BRFSS questions)","Yes","Female","Sex","3,374",78.9,77.2,80.7,"1","%","Crude Prevalence","","","BRFSS","CLASS15","TOPIC23",6,"SEX2","CAT2","_TOTINDA","RESP046","    (37.63864012300047, -120.99999953799971)"
2017,"CA","California","Physical Activity","Aerobic Activity","Participated in 150 minutes or more of Aerobic Physical Activity per week (variable calculated from one or more BRFSS questions)","Yes","Female","Sex","2,433",56.9,54.7,59.1,"1","%","Crude Prevalence","","","BRFSS","CLASS15","TOPIC01",6,"SEX2","CAT2","_PAINDX1","RESP046","    (37.63864012300047, -120.99999953799971)"
2017,"CO","Colorado","Physical Activity","Strength Activity","Participated in muscle strengthening exercises two or more times per week (variable calculated from one or more BRFSS questions)","Yes","Female","Sex","1,466",31.7,30,33.4,"1","%","Crude Prevalence","","","BRFSS","CLASS15","TOPIC56",8,"SEX2","CAT2","_PASTRNG","RESP046","    (38.843840757000464, -106.13361092099967)"
2017,"CO","Colorado","Physical Activity","Aerobic Activity","Participated in 150 minutes or more of Aerobic Physical Activity per week (variable calculated from one or more BRFSS questions)","Yes","Female","Sex","2,692",58.6,56.7,60.4,"1","%","Crude Prevalence","","","BRFSS","CLASS15","TOPIC01",8,"SEX2","CAT2","_PAINDX1","RESP046","    (38.843840757000464, -106.13361092099967)"
2017,"CO","Colorado","Physical Activity","Exercise","During the past month, did you participate in any physical activities? (variable calculated from one or more BRFSS questions)","Yes","Female","Sex","3,720",79.4,77.9,80.8,"1","%","Crude Prevalence","","","BRFSS","CLASS15","TOPIC23",8,"SEX2","CAT2","_TOTINDA","RESP046","    (38.843840757000464, -106.13361092099967)"
2017,"CO","Colorado","Physical Activity","Physical Activity Index","Participated in enough Aerobic and Muscle Strengthening exercises to meet guidelines (variable calculated from one or more BRFSS questions)","Yes","Female","Sex","1,094",24.5,22.8,26.1,"1","%","Crude Prevalence","","","BRFSS","CLASS15","TOPIC45",8,"SEX2","CAT2","_PASTAE1","RESP046","    (38.843840757000464, -106.13361092099967)"
2017,"CT","Connecticut","Physical Activity","Aerobic Activity","Participated in 150 minutes or more of Aerobic Physical Activity per week (variable calculated from one or more BRFSS questions)","Yes","Female","Sex","2,776",49.8,47.8,51.8,"1","%","Crude Prevalence","","","BRFSS","CLASS15","TOPIC01",9,"SEX2","CAT2","_PAINDX1","RESP046","    (41.56266102000046, -72.64984095199964)"
2017,"CT","Connecticut","Physical Activity","Exercise","During the past month, did you participate in any physical activities? (variable calculated from one or more BRFSS questions)","Yes","Female","Sex","4,118",74.5,72.8,76.2,"1","%","Crude Prevalence","","","BRFSS","CLASS15","TOPIC23",9,"SEX2","CAT2","_TOTINDA","RESP046","    (41.56266102000046, -72.64984095199964)"
2017,"CT","Connecticut","Physical Activity","Physical Activity Index","Participated in enough Aerobic and Muscle Strengthening exercises to meet guidelines (variable calculated from one or more BRFSS questions)","Yes","Female","Sex","1,042",20.1,18.5,21.6,"1","%","Crude Prevalence","","","BRFSS","CLASS15","TOPIC45",9,"SEX2","CAT2","_PASTAE1","RESP046","    (41.56266102000046, -72.64984095199964)"
2017,"CT","Connecticut","Physical Activity","Strength Activity","Participated in muscle strengthening exercises two or more times per week (variable calculated from one or more BRFSS questions)","Yes","Female","Sex","1,555",29.3,27.5,31,"1","%","Crude Prevalence","","","BRFSS","CLASS15","TOPIC56",9,"SEX2","CAT2","_PASTRNG","RESP046","    (41.56266102000046, -72.64984095199964)"
2017,"DC","District of Columbia","Physical Activity","Aerobic Activity","Participated in 150 minutes or more of Aerobic Physical Activity per week (variable calculated from one or more BRFSS questions)","Yes","Female","Sex","1,020",50.7,47.6,53.8,"1","%","Crude Prevalence","","","BRFSS","CLASS15","TOPIC01",11,"SEX2","CAT2","_PAINDX1","RESP046","    (38.89037138500049, -77.03196112699965)"
2017,"DC","District of Columbia","Physical Activity","Exercise","During the past month, did you participate in any physical activities? (variable calculated from one or more BRFSS questions)","Yes","Female","Sex","1,572",73.9,71.1,76.6,"1","%","Crude Prevalence","","","BRFSS","CLASS15","TOPIC23",11,"SEX2","CAT2","_TOTINDA","RESP046","    (38.89037138500049, -77.03196112699965)"
2017,"DC","District of Columbia","Physical Activity","Physical Activity Index","Participated in enough Aerobic and Muscle Strengthening exercises to meet guidelines (variable calculated from one or more BRFSS questions)","Yes","Female","Sex","371",20.4,17.8,22.9,"1","%","Crude Prevalence","","","BRFSS","CLASS15","TOPIC45",11,"SEX2","CAT2","_PASTAE1","RESP046","    (38.89037138500049, -77.03196112699965)"
2017,"DC","District of Columbia","Physical Activity","Strength Activity","Participated in muscle strengthening exercises two or more times per week (variable calculated from one or more BRFSS questions)","Yes","Female","Sex","586",30.8,28,33.6,"1","%","Crude Prevalence","","","BRFSS","CLASS15","TOPIC56",11,"SEX2","CAT2","_PASTRNG","RESP046","    (38.89037138500049, -77.03196112699965)"
2017,"DE","Delaware","Physical Activity","Strength Activity","Participated in muscle strengthening exercises two or more times per week (variable calculated from one or more BRFSS questions)","Yes","Female","Sex","510",24.2,21.7,26.8,"1","%","Crude Prevalence","","","BRFSS","CLASS15","TOPIC56",10,"SEX2","CAT2","_PASTRNG","RESP046","    (39.008830667000495, -75.57774116799965)"
2017,"DE","Delaware","Physical Activity","Physical Activity Index","Participated in enough Aerobic and Muscle Strengthening exercises to meet guidelines (variable calculated from one or more BRFSS questions)","Yes","Female","Sex","320",15.8,13.6,18.1,"1","%","Crude Prevalence","","","BRFSS","CLASS15","TOPIC45",10,"SEX2","CAT2","_PASTAE1","RESP046","    (39.008830667000495, -75.57774116799965)"
2017,"DE","Delaware","Physical Activity","Exercise","During the past month, did you participate in any physical activities? (variable calculated from one or more BRFSS questions)","Yes","Female","Sex","1,368",66.4,63.5,69.2,"1","%","Crude Prevalence","","","BRFSS","CLASS15","TOPIC23",10,"SEX2","CAT2","_TOTINDA","RESP046","    (39.008830667000495, -75.57774116799965)"
2017,"DE","Delaware","Physical Activity","Aerobic Activity","Participated in 150 minutes or more of Aerobic Physical Activity per week (variable calculated from one or more BRFSS questions)","Yes","Female","Sex","871",43.8,40.8,46.9,"1","%","Crude Prevalence","","","BRFSS","CLASS15","TOPIC01",10,"SEX2","CAT2","_PAINDX1","RESP046","    (39.008830667000495, -75.57774116799965)"
2017,"FL","Florida","Physical Activity","Aerobic Activity","Participated in 150 minutes or more of Aerobic Physical Activity per week (variable calculated from one or more BRFSS questions)","Yes","Female","Sex","5,232",46.9,44.7,49.1,"1","%","Crude Prevalence","","","BRFSS","CLASS15","TOPIC01",12,"SEX2","CAT2","_PAINDX1","RESP046","    (28.932040377000476, -81.92896053899966)"
2017,"FL","Florida","Physical Activity","Exercise","During the past month, did you participate in any physical activities? (variable calculated from one or more BRFSS questions)","Yes","Female","Sex","7,548",68.7,66.7,70.7,"1","%","Crude Prevalence","","","BRFSS","CLASS15","TOPIC23",12,"SEX2","CAT2","_TOTINDA","RESP046","    (28.932040377000476, -81.92896053899966)"
2017,"FL","Florida","Physical Activity","Physical Activity Index","Participated in enough Aerobic and Muscle Strengthening exercises to meet guidelines (variable calculated from one or more BRFSS questions)","Yes","Female","Sex","1,716",17.6,15.9,19.3,"1","%","Crude Prevalence","","","BRFSS","CLASS15","TOPIC45",12,"SEX2","CAT2","_PASTAE1","RESP046","    (28.932040377000476, -81.92896053899966)"
2017,"FL","Florida","Physical Activity","Strength Activity","Participated in muscle strengthening exercises two or more times per week (variable calculated from one or more BRFSS questions)","Yes","Female","Sex","2,595",25.4,23.5,27.2,"1","%","Crude Prevalence","","","BRFSS","CLASS15","TOPIC56",12,"SEX2","CAT2","_PASTRNG","RESP046","    (28.932040377000476, -81.92896053899966)"
2017,"GA","Georgia","Physical Activity","Aerobic Activity","Participated in 150 minutes or more of Aerobic Physical Activity per week (variable calculated from one or more BRFSS questions)","Yes","Female","Sex","1,280",44.4,42,46.8,"1","%","Crude Prevalence","","","BRFSS","CLASS15","TOPIC01",13,"SEX2","CAT2","_PAINDX1","RESP046","    (32.83968109300048, -83.62758034599966)"
2017,"GA","Georgia","Physical Activity","Exercise","During the past month, did you participate in any physical activities? (variable calculated from one or more BRFSS questions)","Yes","Female","Sex","1,992",67.1,64.9,69.2,"1","%","Crude Prevalence","","","BRFSS","CLASS15","TOPIC23",13,"SEX2","CAT2","_TOTINDA","RESP046","    (32.83968109300048, -83.62758034599966)"
2017,"GA","Georgia","Physical Activity","Physical Activity Index","Participated in enough Aerobic and Muscle Strengthening exercises to meet guidelines (variable calculated from one or more BRFSS questions)","Yes","Female","Sex","443",16.6,14.8,18.5,"1","%","Crude Prevalence","","","BRFSS","CLASS15","TOPIC45",13,"SEX2","CAT2","_PASTAE1","RESP046","    (32.83968109300048, -83.62758034599966)"
2017,"GA","Georgia","Physical Activity","Strength Activity","Participated in muscle strengthening exercises two or more times per week (variable calculated from one or more BRFSS questions)","Yes","Female","Sex","730",25.5,23.4,27.6,"1","%","Crude Prevalence","","","BRFSS","CLASS15","TOPIC56",13,"SEX2","CAT2","_PASTRNG","RESP046","    (32.83968109300048, -83.62758034599966)"
2017,"GU","Guam","Physical Activity","Strength Activity","Participated in muscle strengthening exercises two or more times per week (variable calculated from one or more BRFSS questions)","Yes","Female","Sex","173",23.9,19.9,27.9,"1","%","Crude Prevalence","","","BRFSS","CLASS15","TOPIC56",66,"SEX2","CAT2","_PASTRNG","RESP046","    (13.444304, 144.793731)"
2017,"GU","Guam","Physical Activity","Physical Activity Index","Participated in enough Aerobic and Muscle Strengthening exercises to meet guidelines (variable calculated from one or more BRFSS questions)","Yes","Female","Sex","126",18.2,14.5,21.9,"1","%","Crude Prevalence","","","BRFSS","CLASS15","TOPIC45",66,"SEX2","CAT2","_PASTAE1","RESP046","    (13.444304, 144.793731)"
2017,"GU","Guam","Physical Activity","Exercise","During the past month, did you participate in any physical activities? (variable calculated from one or more BRFSS questions)","Yes","Female","Sex","474",62.9,58,67.8,"1","%","Crude Prevalence","","","BRFSS","CLASS15","TOPIC23",66,"SEX2","CAT2","_TOTINDA","RESP046","    (13.444304, 144.793731)"
2017,"GU","Guam","Physical Activity","Aerobic Activity","Participated in 150 minutes or more of Aerobic Physical Activity per week (variable calculated from one or more BRFSS questions)","Yes","Female","Sex","326",43.1,38.3,48,"1","%","Crude Prevalence","","","BRFSS","CLASS15","TOPIC01",66,"SEX2","CAT2","_PAINDX1","RESP046","    (13.444304, 144.793731)"
2017,"HI","Hawaii","Physical Activity","Aerobic Activity","Participated in 150 minutes or more of Aerobic Physical Activity per week (variable calculated from one or more BRFSS questions)","Yes","Female","Sex","2,113",52.1,49.8,54.4,"1","%","Crude Prevalence","","","BRFSS","CLASS15","TOPIC01",15,"SEX2","CAT2","_PAINDX1","RESP046","    (21.304850435000446, -157.85774940299973)"
2017,"HI","Hawaii","Physical Activity","Exercise","During the past month, did you participate in any physical activities? (variable calculated from one or more BRFSS questions)","Yes","Female","Sex","2,853",71.7,69.5,73.8,"1","%","Crude Prevalence","","","BRFSS","CLASS15","TOPIC23",15,"SEX2","CAT2","_TOTINDA","RESP046","    (21.304850435000446, -157.85774940299973)"
2017,"HI","Hawaii","Physical Activity","Physical Activity Index","Participated in enough Aerobic and Muscle Strengthening exercises to meet guidelines (variable calculated from one or more BRFSS questions)","Yes","Female","Sex","792",19.4,17.7,21.2,"1","%","Crude Prevalence","","","BRFSS","CLASS15","TOPIC45",15,"SEX2","CAT2","_PASTAE1","RESP046","    (21.304850435000446, -157.85774940299973)"
2017,"HI","Hawaii","Physical Activity","Strength Activity","Participated in muscle strengthening exercises two or more times per week (variable calculated from one or more BRFSS questions)","Yes","Female","Sex","1,073",28,26,30.1,"1","%","Crude Prevalence","","","BRFSS","CLASS15","TOPIC56",15,"SEX2","CAT2","_PASTRNG","RESP046","    (21.304850435000446, -157.85774940299973)"
2017,"IA","Iowa","Physical Activity","Aerobic Activity","Participated in 150 minutes or more of Aerobic Physical Activity per week (variable calculated from one or more BRFSS questions)","Yes","Female","Sex","1,866",51.1,49.1,53.1,"1","%","Crude Prevalence","","","BRFSS","CLASS15","TOPIC01",19,"SEX2","CAT2","_PAINDX1","RESP046","    (42.46940091300047, -93.81649055599968)"
2017,"IA","Iowa","Physical Activity","Exercise","During the past month, did you participate in any physical activities? (variable calculated from one or more BRFSS questions)","Yes","Female","Sex","2,810",75.5,73.8,77.1,"1","%","Crude Prevalence","","","BRFSS","CLASS15","TOPIC23",19,"SEX2","CAT2","_TOTINDA","RESP046","    (42.46940091300047, -93.81649055599968)"
2017,"IA","Iowa","Physical Activity","Physical Activity Index","Participated in enough Aerobic and Muscle Strengthening exercises to meet guidelines (variable calculated from one or more BRFSS questions)","Yes","Female","Sex","654",19.2,17.5,20.8,"1","%","Crude Prevalence","","","BRFSS","CLASS15","TOPIC45",19,"SEX2","CAT2","_PASTAE1","RESP046","    (42.46940091300047, -93.81649055599968)"
2017,"IA","Iowa","Physical Activity","Strength Activity","Participated in muscle strengthening exercises two or more times per week (variable calculated from one or more BRFSS questions)","Yes","Female","Sex","959",27.4,25.5,29.2,"1","%","Crude Prevalence","","","BRFSS","CLASS15","TOPIC56",19,"SEX2","CAT2","_PASTRNG","RESP046","    (42.46940091300047, -93.81649055599968)"
2017,"ID","Idaho","Physical Activity","Aerobic Activity","Participated in 150 minutes or more of Aerobic Physical Activity per week (variable calculated from one or more BRFSS questions)","Yes","Female","Sex","1,330",55.9,53.1,58.7,"1","%","Crude Prevalence","","","BRFSS","CLASS15","TOPIC01",16,"SEX2","CAT2","_PAINDX1","RESP046","    (43.682630005000476, -114.3637300419997)"
2017,"ID","Idaho","Physical Activity","Exercise","During the past month, did you participate in any physical activities? (variable calculated from one or more BRFSS questions)","Yes","Female","Sex","1,880",77.6,75.4,79.8,"1","%","Crude Prevalence","","","BRFSS","CLASS15","TOPIC23",16,"SEX2","CAT2","_TOTINDA","RESP046","    (43.682630005000476, -114.3637300419997)"
2017,"ID","Idaho","Physical Activity","Strength Activity","Participated in muscle strengthening exercises two or more times per week (variable calculated from one or more BRFSS questions)","Yes","Female","Sex","706",31.6,28.9,34.3,"1","%","Crude Prevalence","","","BRFSS","CLASS15","TOPIC56",16,"SEX2","CAT2","_PASTRNG","RESP046","    (43.682630005000476, -114.3637300419997)"
2017,"ID","Idaho","Physical Activity","Physical Activity Index","Participated in enough Aerobic and Muscle Strengthening exercises to meet guidelines (variable calculated from one or more BRFSS questions)","Yes","Female","Sex","505",24.4,21.7,27,"1","%","Crude Prevalence","","","BRFSS","CLASS15","TOPIC45",16,"SEX2","CAT2","_PASTAE1","RESP046","    (43.682630005000476, -114.3637300419997)"
2017,"IL","Illinois","Physical Activity","Aerobic Activity","Participated in 150 minutes or more of Aerobic Physical Activity per week (variable calculated from one or more BRFSS questions)","Yes","Female","Sex","1,514",52,49.6,54.5,"1","%","Crude Prevalence","","","BRFSS","CLASS15","TOPIC01",17,"SEX2","CAT2","_PAINDX1","RESP046","    (40.48501028300046, -88.99771017799969)"
2017,"IL","Illinois","Physical Activity","Exercise","During the past month, did you participate in any physical activities? (variable calculated from one or more BRFSS questions)","Yes","Female","Sex","2,115",74.2,72.1,76.3,"1","%","Crude Prevalence","","","BRFSS","CLASS15","TOPIC23",17,"SEX2","CAT2","_TOTINDA","RESP046","    (40.48501028300046, -88.99771017799969)"
2017,"IL","Illinois","Physical Activity","Physical Activity Index","Participated in enough Aerobic and Muscle Strengthening exercises to meet guidelines (variable calculated from one or more BRFSS questions)","Yes","Female","Sex","574",20.5,18.5,22.5,"1","%","Crude Prevalence","","","BRFSS","CLASS15","TOPIC45",17,"SEX2","CAT2","_PASTAE1","RESP046","    (40.48501028300046, -88.99771017799969)"
2017,"IL","Illinois","Physical Activity","Strength Activity","Participated in muscle strengthening exercises two or more times per week (variable calculated from one or more BRFSS questions)","Yes","Female","Sex","801",28.2,26.1,30.4,"1","%","Crude Prevalence","","","BRFSS","CLASS15","TOPIC56",17,"SEX2","CAT2","_PASTRNG","RESP046","    (40.48501028300046, -88.99771017799969)"
2017,"IN","Indiana","Physical Activity","Aerobic Activity","Participated in 150 minutes or more of Aerobic Physical Activity per week (variable calculated from one or more BRFSS questions)","Yes","Female","Sex","3,229",46.4,44.8,48,"1","%","Crude Prevalence","","","BRFSS","CLASS15","TOPIC01",18,"SEX2","CAT2","_PAINDX1","RESP046","    (39.766910452000445, -86.14996019399968)"
2017,"IN","Indiana","Physical Activity","Exercise","During the past month, did you participate in any physical activities? (variable calculated from one or more BRFSS questions)","Yes","Female","Sex","4,871",68.4,67,69.9,"1","%","Crude Prevalence","","","BRFSS","CLASS15","TOPIC23",18,"SEX2","CAT2","_TOTINDA","RESP046","    (39.766910452000445, -86.14996019399968)"
2017,"IN","Indiana","Physical Activity","Physical Activity Index","Participated in enough Aerobic and Muscle Strengthening exercises to meet guidelines (variable calculated from one or more BRFSS questions)","Yes","Female","Sex","1,000",15.8,14.5,17,"1","%","Crude Prevalence","","","BRFSS","CLASS15","TOPIC45",18,"SEX2","CAT2","_PASTAE1","RESP046","    (39.766910452000445, -86.14996019399968)"
2017,"IN","Indiana","Physical Activity","Strength Activity","Participated in muscle strengthening exercises two or more times per week (variable calculated from one or more BRFSS questions)","Yes","Female","Sex","1,562",23.4,22,24.8,"1","%","Crude Prevalence","","","BRFSS","CLASS15","TOPIC56",18,"SEX2","CAT2","_PASTRNG","RESP046","    (39.766910452000445, -86.14996019399968)"
2017,"KS","Kansas","Physical Activity","Strength Activity","Participated in muscle strengthening exercises two or more times per week (variable calculated from one or more BRFSS questions)","Yes","Female","Sex","2,539",25.8,24.7,26.9,"1","%","Crude Prevalence","","","BRFSS","CLASS15","TOPIC56",20,"SEX2","CAT2","_PASTRNG","RESP046","    (38.34774030000045, -98.20078122699965)"
2017,"KS","Kansas","Physical Activity","Aerobic Activity","Participated in 150 minutes or more of Aerobic Physical Activity per week (variable calculated from one or more BRFSS questions)","Yes","Female","Sex","4,984",48.7,47.4,50,"1","%","Crude Prevalence","","","BRFSS","CLASS15","TOPIC01",20,"SEX2","CAT2","_PAINDX1","RESP046","    (38.34774030000045, -98.20078122699965)"
2017,"KS","Kansas","Physical Activity","Exercise","During the past month, did you participate in any physical activities? (variable calculated from one or more BRFSS questions)","Yes","Female","Sex","7,479",71.3,70.2,72.4,"1","%","Crude Prevalence","","","BRFSS","CLASS15","TOPIC23",20,"SEX2","CAT2","_TOTINDA","RESP046","    (38.34774030000045, -98.20078122699965)"
2017,"KS","Kansas","Physical Activity","Physical Activity Index","Participated in enough Aerobic and Muscle Strengthening exercises to meet guidelines (variable calculated from one or more BRFSS questions)","Yes","Female","Sex","1,670",17.9,16.9,18.9,"1","%","Crude Prevalence","","","BRFSS","CLASS15","TOPIC45",20,"SEX2","CAT2","_PASTAE1","RESP046","    (38.34774030000045, -98.20078122699965)"
2017,"KY","Kentucky","Physical Activity","Aerobic Activity","Participated in 150 minutes or more of Aerobic Physical Activity per week (variable calculated from one or more BRFSS questions)","Yes","Female","Sex","1,757",41.5,39.1,43.9,"1","%","Crude Prevalence","","","BRFSS","CLASS15","TOPIC01",21,"SEX2","CAT2","_PAINDX1","RESP046","    (37.645970271000465, -84.77497104799966)"
2017,"KY","Kentucky","Physical Activity","Exercise","During the past month, did you participate in any physical activities? (variable calculated from one or more BRFSS questions)","Yes","Female","Sex","2,831",62.4,60,64.8,"1","%","Crude Prevalence","","","BRFSS","CLASS15","TOPIC23",21,"SEX2","CAT2","_TOTINDA","RESP046","    (37.645970271000465, -84.77497104799966)"
2017,"KY","Kentucky","Physical Activity","Physical Activity Index","Participated in enough Aerobic and Muscle Strengthening exercises to meet guidelines (variable calculated from one or more BRFSS questions)","Yes","Female","Sex","553",14,12.2,15.7,"1","%","Crude Prevalence","","","BRFSS","CLASS15","TOPIC45",21,"SEX2","CAT2","_PASTAE1","RESP046","    (37.645970271000465, -84.77497104799966)"
2017,"KY","Kentucky","Physical Activity","Strength Activity","Participated in muscle strengthening exercises two or more times per week (variable calculated from one or more BRFSS questions)","Yes","Female","Sex","946",21.8,19.8,23.8,"1","%","Crude Prevalence","","","BRFSS","CLASS15","TOPIC56",21,"SEX2","CAT2","_PASTRNG","RESP046","    (37.645970271000465, -84.77497104799966)"
2017,"LA","Louisiana","Physical Activity","Aerobic Activity","Participated in 150 minutes or more of Aerobic Physical Activity per week (variable calculated from one or more BRFSS questions)","Yes","Female","Sex","1,025",42.6,40,45.3,"1","%","Crude Prevalence","","","BRFSS","CLASS15","TOPIC01",22,"SEX2","CAT2","_PAINDX1","RESP046","    (31.31266064400046, -92.44568007099969)"
2017,"LA","Louisiana","Physical Activity","Exercise","During the past month, did you participate in any physical activities? (variable calculated from one or more BRFSS questions)","Yes","Female","Sex","1,628",66.5,64.1,69,"1","%","Crude Prevalence","","","BRFSS","CLASS15","TOPIC23",22,"SEX2","CAT2","_TOTINDA","RESP046","    (31.31266064400046, -92.44568007099969)"
2017,"LA","Louisiana","Physical Activity","Physical Activity Index","Participated in enough Aerobic and Muscle Strengthening exercises to meet guidelines (variable calculated from one or more BRFSS questions)","Yes","Female","Sex","338",15.3,13.3,17.2,"1","%","Crude Prevalence","","","BRFSS","CLASS15","TOPIC45",22,"SEX2","CAT2","_PASTAE1","RESP046","    (31.31266064400046, -92.44568007099969)"
2017,"LA","Louisiana","Physical Activity","Strength Activity","Participated in muscle strengthening exercises two or more times per week (variable calculated from one or more BRFSS questions)","Yes","Female","Sex","537",23.4,21.1,25.8,"1","%","Crude Prevalence","","","BRFSS","CLASS15","TOPIC56",22,"SEX2","CAT2","_PASTRNG","RESP046","    (31.31266064400046, -92.44568007099969)"
2017,"MA","Massachusetts","Physical Activity","Aerobic Activity","Participated in 150 minutes or more of Aerobic Physical Activity per week (variable calculated from one or more BRFSS questions)","Yes","Female","Sex","1,815",49.1,46.2,51.9,"1","%","Crude Prevalence","","","BRFSS","CLASS15","TOPIC01",25,"SEX2","CAT2","_PAINDX1","RESP046","    (42.27687047000046, -72.08269067499964)"
2017,"MA","Massachusetts","Physical Activity","Exercise","During the past month, did you participate in any physical activities? (variable calculated from one or more BRFSS questions)","Yes","Female","Sex","2,700",73.6,71.1,76.1,"1","%","Crude Prevalence","","","BRFSS","CLASS15","TOPIC23",25,"SEX2","CAT2","_TOTINDA","RESP046","    (42.27687047000046, -72.08269067499964)"
2017,"MA","Massachusetts","Physical Activity","Physical Activity Index","Participated in enough Aerobic and Muscle Strengthening exercises to meet guidelines (variable calculated from one or more BRFSS questions)","Yes","Female","Sex","723",19.9,17.7,22.1,"1","%","Crude Prevalence","","","BRFSS","CLASS15","TOPIC45",25,"SEX2","CAT2","_PASTAE1","RESP046","    (42.27687047000046, -72.08269067499964)"
2017,"MA","Massachusetts","Physical Activity","Strength Activity","Participated in muscle strengthening exercises two or more times per week (variable calculated from one or more BRFSS questions)","Yes","Female","Sex","1,024",28.1,25.6,30.6,"1","%","Crude Prevalence","","","BRFSS","CLASS15","TOPIC56",25,"SEX2","CAT2","_PASTRNG","RESP046","    (42.27687047000046, -72.08269067499964)"
2017,"MD","Maryland","Physical Activity","Aerobic Activity","Participated in 150 minutes or more of Aerobic Physical Activity per week (variable calculated from one or more BRFSS questions)","Yes","Female","Sex","3,582",48.5,46.6,50.5,"1","%","Crude Prevalence","","","BRFSS","CLASS15","TOPIC01",24,"SEX2","CAT2","_PAINDX1","RESP046","    (39.29058096400047, -76.60926011099963)"
2017,"MD","Maryland","Physical Activity","Exercise","During the past month, did you participate in any physical activities? (variable calculated from one or more BRFSS questions)","Yes","Female","Sex","5,210",72.2,70.4,73.9,"1","%","Crude Prevalence","","","BRFSS","CLASS15","TOPIC23",24,"SEX2","CAT2","_TOTINDA","RESP046","    (39.29058096400047, -76.60926011099963)"
2017,"MD","Maryland","Physical Activity","Physical Activity Index","Participated in enough Aerobic and Muscle Strengthening exercises to meet guidelines (variable calculated from one or more BRFSS questions)","Yes","Female","Sex","1,281",18.2,16.8,19.6,"1","%","Crude Prevalence","","","BRFSS","CLASS15","TOPIC45",24,"SEX2","CAT2","_PASTAE1","RESP046","    (39.29058096400047, -76.60926011099963)"
2017,"MD","Maryland","Physical Activity","Strength Activity","Participated in muscle strengthening exercises two or more times per week (variable calculated from one or more BRFSS questions)","Yes","Female","Sex","1,835",26,24.4,27.7,"1","%","Crude Prevalence","","","BRFSS","CLASS15","TOPIC56",24,"SEX2","CAT2","_PASTRNG","RESP046","    (39.29058096400047, -76.60926011099963)"
2017,"ME","Maine","Physical Activity","Aerobic Activity","Participated in 150 minutes or more of Aerobic Physical Activity per week (variable calculated from one or more BRFSS questions)","Yes","Female","Sex","2,800",53.1,51,55.3,"1","%","Crude Prevalence","","","BRFSS","CLASS15","TOPIC01",23,"SEX2","CAT2","_PAINDX1","RESP046","    (45.254228894000505, -68.98503133599962)"
2017,"ME","Maine","Physical Activity","Exercise","During the past month, did you participate in any physical activities? (variable calculated from one or more BRFSS questions)","Yes","Female","Sex","3,959",76.2,74.5,78,"1","%","Crude Prevalence","","","BRFSS","CLASS15","TOPIC23",23,"SEX2","CAT2","_TOTINDA","RESP046","    (45.254228894000505, -68.98503133599962)"
2017,"ME","Maine","Physical Activity","Physical Activity Index","Participated in enough Aerobic and Muscle Strengthening exercises to meet guidelines (variable calculated from one or more BRFSS questions)","Yes","Female","Sex","969",20.4,18.5,22.2,"1","%","Crude Prevalence","","","BRFSS","CLASS15","TOPIC45",23,"SEX2","CAT2","_PASTAE1","RESP046","    (45.254228894000505, -68.98503133599962)"
2017,"ME","Maine","Physical Activity","Strength Activity","Participated in muscle strengthening exercises two or more times per week (variable calculated from one or more BRFSS questions)","Yes","Female","Sex","1,388",28.4,26.4,30.5,"1","%","Crude Prevalence","","","BRFSS","CLASS15","TOPIC56",23,"SEX2","CAT2","_PASTRNG","RESP046","    (45.254228894000505, -68.98503133599962)"
2017,"MI","Michigan","Physical Activity","Strength Activity","Participated in muscle strengthening exercises two or more times per week (variable calculated from one or more BRFSS questions)","Yes","Female","Sex","1,482",26.5,25,28.1,"1","%","Crude Prevalence","","","BRFSS","CLASS15","TOPIC56",26,"SEX2","CAT2","_PASTRNG","RESP046","    (44.6613195430005, -84.71439026999968)"
2017,"MI","Michigan","Physical Activity","Physical Activity Index","Participated in enough Aerobic and Muscle Strengthening exercises to meet guidelines (variable calculated from one or more BRFSS questions)","Yes","Female","Sex","985",17.2,15.9,18.5,"1","%","Crude Prevalence","","","BRFSS","CLASS15","TOPIC45",26,"SEX2","CAT2","_PASTAE1","RESP046","    (44.6613195430005, -84.71439026999968)"
2017,"MI","Michigan","Physical Activity","Exercise","During the past month, did you participate in any physical activities? (variable calculated from one or more BRFSS questions)","Yes","Female","Sex","4,164",71,69.5,72.6,"1","%","Crude Prevalence","","","BRFSS","CLASS15","TOPIC23",26,"SEX2","CAT2","_TOTINDA","RESP046","    (44.6613195430005, -84.71439026999968)"
2017,"MI","Michigan","Physical Activity","Aerobic Activity","Participated in 150 minutes or more of Aerobic Physical Activity per week (variable calculated from one or more BRFSS questions)","Yes","Female","Sex","2,763",47.6,45.9,49.3,"1","%","Crude Prevalence","","","BRFSS","CLASS15","TOPIC01",26,"SEX2","CAT2","_PAINDX1","RESP046","    (44.6613195430005, -84.71439026999968)"
2017,"MN","Minnesota","Physical Activity","Aerobic Activity","Participated in 150 minutes or more of Aerobic Physical Activity per week (variable calculated from one or more BRFSS questions)","Yes","Female","Sex","4,140",50.2,48.8,51.7,"1","%","Crude Prevalence","","","BRFSS","CLASS15","TOPIC01",27,"SEX2","CAT2","_PAINDX1","RESP046","    (46.35564873600049, -94.79420050299967)"
2017,"MN","Minnesota","Physical Activity","Exercise","During the past month, did you participate in any physical activities? (variable calculated from one or more BRFSS questions)","Yes","Female","Sex","6,203",75.5,74.2,76.7,"1","%","Crude Prevalence","","","BRFSS","CLASS15","TOPIC23",27,"SEX2","CAT2","_TOTINDA","RESP046","    (46.35564873600049, -94.79420050299967)"
2017,"MN","Minnesota","Physical Activity","Physical Activity Index","Participated in enough Aerobic and Muscle Strengthening exercises to meet guidelines (variable calculated from one or more BRFSS questions)","Yes","Female","Sex","1,539",19.7,18.5,20.9,"1","%","Crude Prevalence","","","BRFSS","CLASS15","TOPIC45",27,"SEX2","CAT2","_PASTAE1","RESP046","    (46.35564873600049, -94.79420050299967)"
2017,"MN","Minnesota","Physical Activity","Strength Activity","Participated in muscle strengthening exercises two or more times per week (variable calculated from one or more BRFSS questions)","Yes","Female","Sex","2,328",29.3,28,30.6,"1","%","Crude Prevalence","","","BRFSS","CLASS15","TOPIC56",27,"SEX2","CAT2","_PASTRNG","RESP046","    (46.35564873600049, -94.79420050299967)"
2017,"MO","Missouri","Physical Activity","Strength Activity","Participated in muscle strengthening exercises two or more times per week (variable calculated from one or more BRFSS questions)","Yes","Female","Sex","930",24,22.1,25.8,"1","%","Crude Prevalence","","","BRFSS","CLASS15","TOPIC56",29,"SEX2","CAT2","_PASTRNG","RESP046","    (38.635790776000476, -92.56630005299968)"
2017,"MO","Missouri","Physical Activity","Physical Activity Index","Participated in enough Aerobic and Muscle Strengthening exercises to meet guidelines (variable calculated from one or more BRFSS questions)","Yes","Female","Sex","594",16.2,14.6,17.9,"1","%","Crude Prevalence","","","BRFSS","CLASS15","TOPIC45",29,"SEX2","CAT2","_PASTAE1","RESP046","    (38.635790776000476, -92.56630005299968)"
2017,"MO","Missouri","Physical Activity","Exercise","During the past month, did you participate in any physical activities? (variable calculated from one or more BRFSS questions)","Yes","Female","Sex","2,800",70.2,68.2,72.1,"1","%","Crude Prevalence","","","BRFSS","CLASS15","TOPIC23",29,"SEX2","CAT2","_TOTINDA","RESP046","    (38.635790776000476, -92.56630005299968)"
2017,"MO","Missouri","Physical Activity","Aerobic Activity","Participated in 150 minutes or more of Aerobic Physical Activity per week (variable calculated from one or more BRFSS questions)","Yes","Female","Sex","1,817",47.2,44.9,49.4,"1","%","Crude Prevalence","","","BRFSS","CLASS15","TOPIC01",29,"SEX2","CAT2","_PAINDX1","RESP046","    (38.635790776000476, -92.56630005299968)"
2017,"MS","Mississippi","Physical Activity","Strength Activity","Participated in muscle strengthening exercises two or more times per week (variable calculated from one or more BRFSS questions)","Yes","Female","Sex","524",20.6,18.2,23.1,"1","%","Crude Prevalence","","","BRFSS","CLASS15","TOPIC56",28,"SEX2","CAT2","_PASTRNG","RESP046","    (32.745510099000455, -89.53803082499968)"
2017,"MS","Mississippi","Physical Activity","Aerobic Activity","Participated in 150 minutes or more of Aerobic Physical Activity per week (variable calculated from one or more BRFSS questions)","Yes","Female","Sex","1,147",42.9,40,45.8,"1","%","Crude Prevalence","","","BRFSS","CLASS15","TOPIC01",28,"SEX2","CAT2","_PAINDX1","RESP046","    (32.745510099000455, -89.53803082499968)"
2017,"MS","Mississippi","Physical Activity","Exercise","During the past month, did you participate in any physical activities? (variable calculated from one or more BRFSS questions)","Yes","Female","Sex","1,769",63.4,60.6,66.2,"1","%","Crude Prevalence","","","BRFSS","CLASS15","TOPIC23",28,"SEX2","CAT2","_TOTINDA","RESP046","    (32.745510099000455, -89.53803082499968)"
2017,"MS","Mississippi","Physical Activity","Physical Activity Index","Participated in enough Aerobic and Muscle Strengthening exercises to meet guidelines (variable calculated from one or more BRFSS questions)","Yes","Female","Sex","335",13.6,11.5,15.6,"1","%","Crude Prevalence","","","BRFSS","CLASS15","TOPIC45",28,"SEX2","CAT2","_PASTAE1","RESP046","    (32.745510099000455, -89.53803082499968)"
2017,"MT","Montana","Physical Activity","Aerobic Activity","Participated in 150 minutes or more of Aerobic Physical Activity per week (variable calculated from one or more BRFSS questions)","Yes","Female","Sex","1,520",55,52.4,57.6,"1","%","Crude Prevalence","","","BRFSS","CLASS15","TOPIC01",30,"SEX2","CAT2","_PAINDX1","RESP046","    (47.06652897200047, -109.42442064499971)"
2017,"MT","Montana","Physical Activity","Exercise","During the past month, did you participate in any physical activities? (variable calculated from one or more BRFSS questions)","Yes","Female","Sex","2,193",76.7,74.6,78.7,"1","%","Crude Prevalence","","","BRFSS","CLASS15","TOPIC23",30,"SEX2","CAT2","_TOTINDA","RESP046","    (47.06652897200047, -109.42442064499971)"
2017,"MT","Montana","Physical Activity","Strength Activity","Participated in muscle strengthening exercises two or more times per week (variable calculated from one or more BRFSS questions)","Yes","Female","Sex","763",29,26.7,31.4,"1","%","Crude Prevalence","","","BRFSS","CLASS15","TOPIC56",30,"SEX2","CAT2","_PASTRNG","RESP046","    (47.06652897200047, -109.42442064499971)"
2017,"MT","Montana","Physical Activity","Physical Activity Index","Participated in enough Aerobic and Muscle Strengthening exercises to meet guidelines (variable calculated from one or more BRFSS questions)","Yes","Female","Sex","511",20.2,18,22.3,"1","%","Crude Prevalence","","","BRFSS","CLASS15","TOPIC45",30,"SEX2","CAT2","_PASTAE1","RESP046","    (47.06652897200047, -109.42442064499971)"
2017,"NC","North Carolina","Physical Activity","Aerobic Activity","Participated in 150 minutes or more of Aerobic Physical Activity per week (variable calculated from one or more BRFSS questions)","Yes","Female","Sex","1,206",49.4,46.7,52.1,"1","%","Crude Prevalence","","","BRFSS","CLASS15","TOPIC01",37,"SEX2","CAT2","_PAINDX1","RESP046","    (35.466220975000454, -79.15925046299964)"
2017,"NC","North Carolina","Physical Activity","Exercise","During the past month, did you participate in any physical activities? (variable calculated from one or more BRFSS questions)","Yes","Female","Sex","1,837",74.1,71.8,76.4,"1","%","Crude Prevalence","","","BRFSS","CLASS15","TOPIC23",37,"SEX2","CAT2","_TOTINDA","RESP046","    (35.466220975000454, -79.15925046299964)"
2017,"NC","North Carolina","Physical Activity","Physical Activity Index","Participated in enough Aerobic and Muscle Strengthening exercises to meet guidelines (variable calculated from one or more BRFSS questions)","Yes","Female","Sex","393",16.7,14.7,18.6,"1","%","Crude Prevalence","","","BRFSS","CLASS15","TOPIC45",37,"SEX2","CAT2","_PASTAE1","RESP046","    (35.466220975000454, -79.15925046299964)"
2017,"NC","North Carolina","Physical Activity","Strength Activity","Participated in muscle strengthening exercises two or more times per week (variable calculated from one or more BRFSS questions)","Yes","Female","Sex","597",23.9,21.7,26.1,"1","%","Crude Prevalence","","","BRFSS","CLASS15","TOPIC56",37,"SEX2","CAT2","_PASTRNG","RESP046","    (35.466220975000454, -79.15925046299964)"
2017,"ND","North Dakota","Physical Activity","Strength Activity","Participated in muscle strengthening exercises two or more times per week (variable calculated from one or more BRFSS questions)","Yes","Female","Sex","792",26.3,24.1,28.6,"1","%","Crude Prevalence","","","BRFSS","CLASS15","TOPIC56",38,"SEX2","CAT2","_PASTRNG","RESP046","    (47.47531977900047, -100.11842104899966)"
2017,"ND","North Dakota","Physical Activity","Physical Activity Index","Participated in enough Aerobic and Muscle Strengthening exercises to meet guidelines (variable calculated from one or more BRFSS questions)","Yes","Female","Sex","491",16,14.2,17.9,"1","%","Crude Prevalence","","","BRFSS","CLASS15","TOPIC45",38,"SEX2","CAT2","_PASTAE1","RESP046","    (47.47531977900047, -100.11842104899966)"
2017,"ND","North Dakota","Physical Activity","Exercise","During the past month, did you participate in any physical activities? (variable calculated from one or more BRFSS questions)","Yes","Female","Sex","2,465",72.2,70.1,74.3,"1","%","Crude Prevalence","","","BRFSS","CLASS15","TOPIC23",38,"SEX2","CAT2","_TOTINDA","RESP046","    (47.47531977900047, -100.11842104899966)"
2017,"ND","North Dakota","Physical Activity","Aerobic Activity","Participated in 150 minutes or more of Aerobic Physical Activity per week (variable calculated from one or more BRFSS questions)","Yes","Female","Sex","1,635",47.6,45.1,50,"1","%","Crude Prevalence","","","BRFSS","CLASS15","TOPIC01",38,"SEX2","CAT2","_PAINDX1","RESP046","    (47.47531977900047, -100.11842104899966)"
2017,"NE","Nebraska","Physical Activity","Strength Activity","Participated in muscle strengthening exercises two or more times per week (variable calculated from one or more BRFSS questions)","Yes","Female","Sex","1,842",27.5,25.8,29.2,"1","%","Crude Prevalence","","","BRFSS","CLASS15","TOPIC56",31,"SEX2","CAT2","_PASTRNG","RESP046","    (41.6410409880005, -99.36572062299967)"
2017,"NE","Nebraska","Physical Activity","Physical Activity Index","Participated in enough Aerobic and Muscle Strengthening exercises to meet guidelines (variable calculated from one or more BRFSS questions)","Yes","Female","Sex","1,263",18.4,16.9,19.8,"1","%","Crude Prevalence","","","BRFSS","CLASS15","TOPIC45",31,"SEX2","CAT2","_PASTAE1","RESP046","    (41.6410409880005, -99.36572062299967)"
2017,"NE","Nebraska","Physical Activity","Exercise","During the past month, did you participate in any physical activities? (variable calculated from one or more BRFSS questions)","Yes","Female","Sex","5,669",75,73.5,76.5,"1","%","Crude Prevalence","","","BRFSS","CLASS15","TOPIC23",31,"SEX2","CAT2","_TOTINDA","RESP046","    (41.6410409880005, -99.36572062299967)"
2017,"NE","Nebraska","Physical Activity","Aerobic Activity","Participated in 150 minutes or more of Aerobic Physical Activity per week (variable calculated from one or more BRFSS questions)","Yes","Female","Sex","3,853",49.9,48.1,51.7,"1","%","Crude Prevalence","","","BRFSS","CLASS15","TOPIC01",31,"SEX2","CAT2","_PAINDX1","RESP046","    (41.6410409880005, -99.36572062299967)"
2017,"NH","New Hampshire","Physical Activity","Strength Activity","Participated in muscle strengthening exercises two or more times per week (variable calculated from one or more BRFSS questions)","Yes","Female","Sex","859",29.4,26.9,32,"1","%","Crude Prevalence","","","BRFSS","CLASS15","TOPIC56",33,"SEX2","CAT2","_PASTRNG","RESP046","    (43.65595011300047, -71.50036091999965)"
2017,"NH","New Hampshire","Physical Activity","Physical Activity Index","Participated in enough Aerobic and Muscle Strengthening exercises to meet guidelines (variable calculated from one or more BRFSS questions)","Yes","Female","Sex","621",21.1,18.8,23.3,"1","%","Crude Prevalence","","","BRFSS","CLASS15","TOPIC45",33,"SEX2","CAT2","_PASTAE1","RESP046","    (43.65595011300047, -71.50036091999965)"
2017,"NH","New Hampshire","Physical Activity","Exercise","During the past month, did you participate in any physical activities? (variable calculated from one or more BRFSS questions)","Yes","Female","Sex","2,265",74.7,72.4,77,"1","%","Crude Prevalence","","","BRFSS","CLASS15","TOPIC23",33,"SEX2","CAT2","_TOTINDA","RESP046","    (43.65595011300047, -71.50036091999965)"
2017,"NH","New Hampshire","Physical Activity","Aerobic Activity","Participated in 150 minutes or more of Aerobic Physical Activity per week (variable calculated from one or more BRFSS questions)","Yes","Female","Sex","1,630",53.1,50.3,55.9,"1","%","Crude Prevalence","","","BRFSS","CLASS15","TOPIC01",33,"SEX2","CAT2","_PAINDX1","RESP046","    (43.65595011300047, -71.50036091999965)"
2017,"NJ","New Jersey","Physical Activity","Aerobic Activity","Participated in 150 minutes or more of Aerobic Physical Activity per week (variable calculated from one or more BRFSS questions)","Yes","Female","Sex","2,876",46.1,43.8,48.3,"1","%","Crude Prevalence","","","BRFSS","CLASS15","TOPIC01",34,"SEX2","CAT2","_PAINDX1","RESP046","    (40.13057004800049, -74.27369128799967)"
2017,"NJ","New Jersey","Physical Activity","Exercise","During the past month, did you participate in any physical activities? (variable calculated from one or more BRFSS questions)","Yes","Female","Sex","4,292",68.5,66.5,70.5,"1","%","Crude Prevalence","","","BRFSS","CLASS15","TOPIC23",34,"SEX2","CAT2","_TOTINDA","RESP046","    (40.13057004800049, -74.27369128799967)"
2017,"NJ","New Jersey","Physical Activity","Physical Activity Index","Participated in enough Aerobic and Muscle Strengthening exercises to meet guidelines (variable calculated from one or more BRFSS questions)","Yes","Female","Sex","1,021",18.3,16.4,20.1,"1","%","Crude Prevalence","","","BRFSS","CLASS15","TOPIC45",34,"SEX2","CAT2","_PASTAE1","RESP046","    (40.13057004800049, -74.27369128799967)"
2017,"NJ","New Jersey","Physical Activity","Strength Activity","Participated in muscle strengthening exercises two or more times per week (variable calculated from one or more BRFSS questions)","Yes","Female","Sex","1,567",26.6,24.6,28.6,"1","%","Crude Prevalence","","","BRFSS","CLASS15","TOPIC56",34,"SEX2","CAT2","_PASTRNG","RESP046","    (40.13057004800049, -74.27369128799967)"
2017,"NM","New Mexico","Physical Activity","Aerobic Activity","Participated in 150 minutes or more of Aerobic Physical Activity per week (variable calculated from one or more BRFSS questions)","Yes","Female","Sex","1,694",51.3,48.7,53.9,"1","%","Crude Prevalence","","","BRFSS","CLASS15","TOPIC01",35,"SEX2","CAT2","_PAINDX1","RESP046","    (34.52088095200048, -106.24058098499967)"
2017,"NM","New Mexico","Physical Activity","Physical Activity Index","Participated in enough Aerobic and Muscle Strengthening exercises to meet guidelines (variable calculated from one or more BRFSS questions)","Yes","Female","Sex","603",20.4,18.3,22.5,"1","%","Crude Prevalence","","","BRFSS","CLASS15","TOPIC45",35,"SEX2","CAT2","_PASTAE1","RESP046","    (34.52088095200048, -106.24058098499967)"
2017,"NM","New Mexico","Physical Activity","Strength Activity","Participated in muscle strengthening exercises two or more times per week (variable calculated from one or more BRFSS questions)","Yes","Female","Sex","865",28.8,26.4,31.2,"1","%","Crude Prevalence","","","BRFSS","CLASS15","TOPIC56",35,"SEX2","CAT2","_PASTRNG","RESP046","    (34.52088095200048, -106.24058098499967)"
2017,"NM","New Mexico","Physical Activity","Exercise","During the past month, did you participate in any physical activities? (variable calculated from one or more BRFSS questions)","Yes","Female","Sex","2,393",73.3,71.1,75.5,"1","%","Crude Prevalence","","","BRFSS","CLASS15","TOPIC23",35,"SEX2","CAT2","_TOTINDA","RESP046","    (34.52088095200048, -106.24058098499967)"
2017,"NV","Nevada","Physical Activity","Aerobic Activity","Participated in 150 minutes or more of Aerobic Physical Activity per week (variable calculated from one or more BRFSS questions)","Yes","Female","Sex","1,008",48.2,44.7,51.7,"1","%","Crude Prevalence","","","BRFSS","CLASS15","TOPIC01",32,"SEX2","CAT2","_PAINDX1","RESP046","    (39.493240390000494, -117.07184056399967)"
2017,"NV","Nevada","Physical Activity","Exercise","During the past month, did you participate in any physical activities? (variable calculated from one or more BRFSS questions)","Yes","Female","Sex","1,471",73.7,70.6,76.8,"1","%","Crude Prevalence","","","BRFSS","CLASS15","TOPIC23",32,"SEX2","CAT2","_TOTINDA","RESP046","    (39.493240390000494, -117.07184056399967)"
2017,"NV","Nevada","Physical Activity","Physical Activity Index","Participated in enough Aerobic and Muscle Strengthening exercises to meet guidelines (variable calculated from one or more BRFSS questions)","Yes","Female","Sex","384",17.6,15.1,20.2,"1","%","Crude Prevalence","","","BRFSS","CLASS15","TOPIC45",32,"SEX2","CAT2","_PASTAE1","RESP046","    (39.493240390000494, -117.07184056399967)"
2017,"NV","Nevada","Physical Activity","Strength Activity","Participated in muscle strengthening exercises two or more times per week (variable calculated from one or more BRFSS questions)","Yes","Female","Sex","556",28,24.8,31.2,"1","%","Crude Prevalence","","","BRFSS","CLASS15","TOPIC56",32,"SEX2","CAT2","_PASTRNG","RESP046","    (39.493240390000494, -117.07184056399967)"
2017,"NY","New York","Physical Activity","Aerobic Activity","Participated in 150 minutes or more of Aerobic Physical Activity per week (variable calculated from one or more BRFSS questions)","Yes","Female","Sex","2,781",48.1,46.3,50,"1","%","Crude Prevalence","","","BRFSS","CLASS15","TOPIC01",36,"SEX2","CAT2","_PAINDX1","RESP046","    (42.82700103200045, -75.54397042699964)"
2017,"NY","New York","Physical Activity","Exercise","During the past month, did you participate in any physical activities? (variable calculated from one or more BRFSS questions)","Yes","Female","Sex","4,237",70.3,68.6,72,"1","%","Crude Prevalence","","","BRFSS","CLASS15","TOPIC23",36,"SEX2","CAT2","_TOTINDA","RESP046","    (42.82700103200045, -75.54397042699964)"
2017,"NY","New York","Physical Activity","Physical Activity Index","Participated in enough Aerobic and Muscle Strengthening exercises to meet guidelines (variable calculated from one or more BRFSS questions)","Yes","Female","Sex","996",17.4,16,18.8,"1","%","Crude Prevalence","","","BRFSS","CLASS15","TOPIC45",36,"SEX2","CAT2","_PASTAE1","RESP046","    (42.82700103200045, -75.54397042699964)"
2017,"NY","New York","Physical Activity","Strength Activity","Participated in muscle strengthening exercises two or more times per week (variable calculated from one or more BRFSS questions)","Yes","Female","Sex","1,503",25.5,24,27.1,"1","%","Crude Prevalence","","","BRFSS","CLASS15","TOPIC56",36,"SEX2","CAT2","_PASTRNG","RESP046","    (42.82700103200045, -75.54397042699964)"
2017,"OH","Ohio","Physical Activity","Aerobic Activity","Participated in 150 minutes or more of Aerobic Physical Activity per week (variable calculated from one or more BRFSS questions)","Yes","Female","Sex","2,935",46.9,45,48.8,"1","%","Crude Prevalence","","","BRFSS","CLASS15","TOPIC01",39,"SEX2","CAT2","_PAINDX1","RESP046","    (40.06021014100048, -82.40426005599966)"
2017,"OH","Ohio","Physical Activity","Exercise","During the past month, did you participate in any physical activities? (variable calculated from one or more BRFSS questions)","Yes","Female","Sex","4,416",69,67.3,70.7,"1","%","Crude Prevalence","","","BRFSS","CLASS15","TOPIC23",39,"SEX2","CAT2","_TOTINDA","RESP046","    (40.06021014100048, -82.40426005599966)"
2017,"OH","Ohio","Physical Activity","Physical Activity Index","Participated in enough Aerobic and Muscle Strengthening exercises to meet guidelines (variable calculated from one or more BRFSS questions)","Yes","Female","Sex","956",16.3,14.8,17.7,"1","%","Crude Prevalence","","","BRFSS","CLASS15","TOPIC45",39,"SEX2","CAT2","_PASTAE1","RESP046","    (40.06021014100048, -82.40426005599966)"
2017,"OH","Ohio","Physical Activity","Strength Activity","Participated in muscle strengthening exercises two or more times per week (variable calculated from one or more BRFSS questions)","Yes","Female","Sex","1,490",24.9,23.2,26.5,"1","%","Crude Prevalence","","","BRFSS","CLASS15","TOPIC56",39,"SEX2","CAT2","_PASTRNG","RESP046","    (40.06021014100048, -82.40426005599966)"
2017,"OK","Oklahoma","Physical Activity","Strength Activity","Participated in muscle strengthening exercises two or more times per week (variable calculated from one or more BRFSS questions)","Yes","Female","Sex","710",21.9,20,23.8,"1","%","Crude Prevalence","","","BRFSS","CLASS15","TOPIC56",40,"SEX2","CAT2","_PASTRNG","RESP046","    (35.47203135600046, -97.52107021399968)"
2017,"OK","Oklahoma","Physical Activity","Aerobic Activity","Participated in 150 minutes or more of Aerobic Physical Activity per week (variable calculated from one or more BRFSS questions)","Yes","Female","Sex","1,407",40.3,38,42.5,"1","%","Crude Prevalence","","","BRFSS","CLASS15","TOPIC01",40,"SEX2","CAT2","_PAINDX1","RESP046","    (35.47203135600046, -97.52107021399968)"
2017,"OK","Oklahoma","Physical Activity","Exercise","During the past month, did you participate in any physical activities? (variable calculated from one or more BRFSS questions)","Yes","Female","Sex","2,316",65.2,63.1,67.3,"1","%","Crude Prevalence","","","BRFSS","CLASS15","TOPIC23",40,"SEX2","CAT2","_TOTINDA","RESP046","    (35.47203135600046, -97.52107021399968)"
2017,"OK","Oklahoma","Physical Activity","Physical Activity Index","Participated in enough Aerobic and Muscle Strengthening exercises to meet guidelines (variable calculated from one or more BRFSS questions)","Yes","Female","Sex","441",14.7,13,16.4,"1","%","Crude Prevalence","","","BRFSS","CLASS15","TOPIC45",40,"SEX2","CAT2","_PASTAE1","RESP046","    (35.47203135600046, -97.52107021399968)"
2017,"OR","Oregon","Physical Activity","Aerobic Activity","Participated in 150 minutes or more of Aerobic Physical Activity per week (variable calculated from one or more BRFSS questions)","Yes","Female","Sex","1,548",56.2,53.8,58.6,"1","%","Crude Prevalence","","","BRFSS","CLASS15","TOPIC01",41,"SEX2","CAT2","_PAINDX1","RESP046","    (44.56744942400047, -120.15503132599969)"
2017,"OR","Oregon","Physical Activity","Exercise","During the past month, did you participate in any physical activities? (variable calculated from one or more BRFSS questions)","Yes","Female","Sex","2,178",77.6,75.5,79.6,"1","%","Crude Prevalence","","","BRFSS","CLASS15","TOPIC23",41,"SEX2","CAT2","_TOTINDA","RESP046","    (44.56744942400047, -120.15503132599969)"
2017,"OR","Oregon","Physical Activity","Physical Activity Index","Participated in enough Aerobic and Muscle Strengthening exercises to meet guidelines (variable calculated from one or more BRFSS questions)","Yes","Female","Sex","557",20.8,18.8,22.8,"1","%","Crude Prevalence","","","BRFSS","CLASS15","TOPIC45",41,"SEX2","CAT2","_PASTAE1","RESP046","    (44.56744942400047, -120.15503132599969)"
2017,"OR","Oregon","Physical Activity","Strength Activity","Participated in muscle strengthening exercises two or more times per week (variable calculated from one or more BRFSS questions)","Yes","Female","Sex","771",28.4,26.2,30.6,"1","%","Crude Prevalence","","","BRFSS","CLASS15","TOPIC56",41,"SEX2","CAT2","_PASTRNG","RESP046","    (44.56744942400047, -120.15503132599969)"
2017,"PA","Pennsylvania","Physical Activity","Aerobic Activity","Participated in 150 minutes or more of Aerobic Physical Activity per week (variable calculated from one or more BRFSS questions)","Yes","Female","Sex","1,648",52.4,50,54.8,"1","%","Crude Prevalence","","","BRFSS","CLASS15","TOPIC01",42,"SEX2","CAT2","_PAINDX1","RESP046","    (40.79373015200048, -77.86070029399963)"
2017,"PA","Pennsylvania","Physical Activity","Exercise","During the past month, did you participate in any physical activities? (variable calculated from one or more BRFSS questions)","Yes","Female","Sex","2,403",74.1,72.1,76.1,"1","%","Crude Prevalence","","","BRFSS","CLASS15","TOPIC23",42,"SEX2","CAT2","_TOTINDA","RESP046","    (40.79373015200048, -77.86070029399963)"
2017,"PA","Pennsylvania","Physical Activity","Physical Activity Index","Participated in enough Aerobic and Muscle Strengthening exercises to meet guidelines (variable calculated from one or more BRFSS questions)","Yes","Female","Sex","615",20.1,18.1,22,"1","%","Crude Prevalence","","","BRFSS","CLASS15","TOPIC45",42,"SEX2","CAT2","_PASTAE1","RESP046","    (40.79373015200048, -77.86070029399963)"
2017,"PA","Pennsylvania","Physical Activity","Strength Activity","Participated in muscle strengthening exercises two or more times per week (variable calculated from one or more BRFSS questions)","Yes","Female","Sex","887",28.5,26.3,30.7,"1","%","Crude Prevalence","","","BRFSS","CLASS15","TOPIC56",42,"SEX2","CAT2","_PASTRNG","RESP046","    (40.79373015200048, -77.86070029399963)"
2017,"PR","Puerto Rico","Physical Activity","Aerobic Activity","Participated in 150 minutes or more of Aerobic Physical Activity per week (variable calculated from one or more BRFSS questions)","Yes","Female","Sex","444",16.8,14.9,18.6,"1","%","Crude Prevalence","","","BRFSS","CLASS15","TOPIC01",72,"SEX2","CAT2","_PAINDX1","RESP046","    (18.220833, -66.590149)"
2017,"PR","Puerto Rico","Physical Activity","Exercise","During the past month, did you participate in any physical activities? (variable calculated from one or more BRFSS questions)","Yes","Female","Sex","1,126",41,38.6,43.4,"1","%","Crude Prevalence","","","BRFSS","CLASS15","TOPIC23",72,"SEX2","CAT2","_TOTINDA","RESP046","    (18.220833, -66.590149)"
2017,"PR","Puerto Rico","Physical Activity","Physical Activity Index","Participated in enough Aerobic and Muscle Strengthening exercises to meet guidelines (variable calculated from one or more BRFSS questions)","Yes","Female","Sex","94",4.5,3.3,5.6,"1","%","Crude Prevalence","","","BRFSS","CLASS15","TOPIC45",72,"SEX2","CAT2","_PASTAE1","RESP046","    (18.220833, -66.590149)"
2017,"PR","Puerto Rico","Physical Activity","Strength Activity","Participated in muscle strengthening exercises two or more times per week (variable calculated from one or more BRFSS questions)","Yes","Female","Sex","179",8,6.6,9.4,"1","%","Crude Prevalence","","","BRFSS","CLASS15","TOPIC56",72,"SEX2","CAT2","_PASTRNG","RESP046","    (18.220833, -66.590149)"
2017,"RI","Rhode Island","Physical Activity","Physical Activity Index","Participated in enough Aerobic and Muscle Strengthening exercises to meet guidelines (variable calculated from one or more BRFSS questions)","Yes","Female","Sex","499",16.7,14.6,18.7,"1","%","Crude Prevalence","","","BRFSS","CLASS15","TOPIC45",44,"SEX2","CAT2","_PASTAE1","RESP046","    (41.70828019300046, -71.52247031399963)"
2017,"RI","Rhode Island","Physical Activity","Strength Activity","Participated in muscle strengthening exercises two or more times per week (variable calculated from one or more BRFSS questions)","Yes","Female","Sex","750",24.9,22.6,27.2,"1","%","Crude Prevalence","","","BRFSS","CLASS15","TOPIC56",44,"SEX2","CAT2","_PASTRNG","RESP046","    (41.70828019300046, -71.52247031399963)"
2017,"RI","Rhode Island","Physical Activity","Aerobic Activity","Participated in 150 minutes or more of Aerobic Physical Activity per week (variable calculated from one or more BRFSS questions)","Yes","Female","Sex","1,416",47.8,45.1,50.5,"1","%","Crude Prevalence","","","BRFSS","CLASS15","TOPIC01",44,"SEX2","CAT2","_PAINDX1","RESP046","    (41.70828019300046, -71.52247031399963)"
2017,"RI","Rhode Island","Physical Activity","Exercise","During the past month, did you participate in any physical activities? (variable calculated from one or more BRFSS questions)","Yes","Female","Sex","2,115",70.9,68.5,73.3,"1","%","Crude Prevalence","","","BRFSS","CLASS15","TOPIC23",44,"SEX2","CAT2","_TOTINDA","RESP046","    (41.70828019300046, -71.52247031399963)"
2017,"SC","South Carolina","Physical Activity","Aerobic Activity","Participated in 150 minutes or more of Aerobic Physical Activity per week (variable calculated from one or more BRFSS questions)","Yes","Female","Sex","2,801",46.5,44.6,48.3,"1","%","Crude Prevalence","","","BRFSS","CLASS15","TOPIC01",45,"SEX2","CAT2","_PAINDX1","RESP046","    (33.998821303000454, -81.04537120699968)"
2017,"SC","South Carolina","Physical Activity","Exercise","During the past month, did you participate in any physical activities? (variable calculated from one or more BRFSS questions)","Yes","Female","Sex","4,212",69.5,67.8,71.1,"1","%","Crude Prevalence","","","BRFSS","CLASS15","TOPIC23",45,"SEX2","CAT2","_TOTINDA","RESP046","    (33.998821303000454, -81.04537120699968)"
2017,"SC","South Carolina","Physical Activity","Physical Activity Index","Participated in enough Aerobic and Muscle Strengthening exercises to meet guidelines (variable calculated from one or more BRFSS questions)","Yes","Female","Sex","875",16.6,15.2,18.1,"1","%","Crude Prevalence","","","BRFSS","CLASS15","TOPIC45",45,"SEX2","CAT2","_PASTAE1","RESP046","    (33.998821303000454, -81.04537120699968)"
2017,"SC","South Carolina","Physical Activity","Strength Activity","Participated in muscle strengthening exercises two or more times per week (variable calculated from one or more BRFSS questions)","Yes","Female","Sex","1,293",23.7,22.1,25.3,"1","%","Crude Prevalence","","","BRFSS","CLASS15","TOPIC56",45,"SEX2","CAT2","_PASTRNG","RESP046","    (33.998821303000454, -81.04537120699968)"
2017,"SD","South Dakota","Physical Activity","Exercise","During the past month, did you participate in any physical activities? (variable calculated from one or more BRFSS questions)","Yes","Female","Sex","2,805",78,75.6,80.5,"1","%","Crude Prevalence","","","BRFSS","CLASS15","TOPIC23",46,"SEX2","CAT2","_TOTINDA","RESP046","    (44.353130053000484, -100.3735306369997)"
2017,"SD","South Dakota","Physical Activity","Physical Activity Index","Participated in enough Aerobic and Muscle Strengthening exercises to meet guidelines (variable calculated from one or more BRFSS questions)","Yes","Female","Sex","628",19.4,16.8,21.9,"1","%","Crude Prevalence","","","BRFSS","CLASS15","TOPIC45",46,"SEX2","CAT2","_PASTAE1","RESP046","    (44.353130053000484, -100.3735306369997)"
2017,"SD","South Dakota","Physical Activity","Strength Activity","Participated in muscle strengthening exercises two or more times per week (variable calculated from one or more BRFSS questions)","Yes","Female","Sex","906",27.9,25,30.9,"1","%","Crude Prevalence","","","BRFSS","CLASS15","TOPIC56",46,"SEX2","CAT2","_PASTRNG","RESP046","    (44.353130053000484, -100.3735306369997)"
2017,"SD","South Dakota","Physical Activity","Aerobic Activity","Participated in 150 minutes or more of Aerobic Physical Activity per week (variable calculated from one or more BRFSS questions)","Yes","Female","Sex","2,025",54.6,51.4,57.8,"1","%","Crude Prevalence","","","BRFSS","CLASS15","TOPIC01",46,"SEX2","CAT2","_PAINDX1","RESP046","    (44.353130053000484, -100.3735306369997)"
2017,"TN","Tennessee","Physical Activity","Aerobic Activity","Participated in 150 minutes or more of Aerobic Physical Activity per week (variable calculated from one or more BRFSS questions)","Yes","Female","Sex","1,242",46.3,43.6,48.9,"1","%","Crude Prevalence","","","BRFSS","CLASS15","TOPIC01",47,"SEX2","CAT2","_PAINDX1","RESP046","    (35.68094058000048, -85.77449091399967)"
2017,"TN","Tennessee","Physical Activity","Exercise","During the past month, did you participate in any physical activities? (variable calculated from one or more BRFSS questions)","Yes","Female","Sex","1,936",67.5,65.2,69.8,"1","%","Crude Prevalence","","","BRFSS","CLASS15","TOPIC23",47,"SEX2","CAT2","_TOTINDA","RESP046","    (35.68094058000048, -85.77449091399967)"
2017,"TN","Tennessee","Physical Activity","Physical Activity Index","Participated in enough Aerobic and Muscle Strengthening exercises to meet guidelines (variable calculated from one or more BRFSS questions)","Yes","Female","Sex","384",14.8,12.9,16.8,"1","%","Crude Prevalence","","","BRFSS","CLASS15","TOPIC45",47,"SEX2","CAT2","_PASTAE1","RESP046","    (35.68094058000048, -85.77449091399967)"
2017,"TN","Tennessee","Physical Activity","Strength Activity","Participated in muscle strengthening exercises two or more times per week (variable calculated from one or more BRFSS questions)","Yes","Female","Sex","612",22.6,20.4,24.8,"1","%","Crude Prevalence","","","BRFSS","CLASS15","TOPIC56",47,"SEX2","CAT2","_PASTRNG","RESP046","    (35.68094058000048, -85.77449091399967)"
2017,"TX","Texas","Physical Activity","Strength Activity","Participated in muscle strengthening exercises two or more times per week (variable calculated from one or more BRFSS questions)","Yes","Female","Sex","1,460",24.8,22.4,27.2,"1","%","Crude Prevalence","","","BRFSS","CLASS15","TOPIC56",48,"SEX2","CAT2","_PASTRNG","RESP046","    (31.827240407000488, -99.42677020599967)"
2017,"TX","Texas","Physical Activity","Aerobic Activity","Participated in 150 minutes or more of Aerobic Physical Activity per week (variable calculated from one or more BRFSS questions)","Yes","Female","Sex","2,717",40.3,37.5,43,"1","%","Crude Prevalence","","","BRFSS","CLASS15","TOPIC01",48,"SEX2","CAT2","_PAINDX1","RESP046","    (31.827240407000488, -99.42677020599967)"
2017,"TX","Texas","Physical Activity","Exercise","During the past month, did you participate in any physical activities? (variable calculated from one or more BRFSS questions)","Yes","Female","Sex","4,332",66.1,63.4,68.8,"1","%","Crude Prevalence","","","BRFSS","CLASS15","TOPIC23",48,"SEX2","CAT2","_TOTINDA","RESP046","    (31.827240407000488, -99.42677020599967)"
2017,"TX","Texas","Physical Activity","Physical Activity Index","Participated in enough Aerobic and Muscle Strengthening exercises to meet guidelines (variable calculated from one or more BRFSS questions)","Yes","Female","Sex","878",14.2,12.4,16.1,"1","%","Crude Prevalence","","","BRFSS","CLASS15","TOPIC45",48,"SEX2","CAT2","_PASTAE1","RESP046","    (31.827240407000488, -99.42677020599967)"
2017,"UT","Utah","Physical Activity","Aerobic Activity","Participated in 150 minutes or more of Aerobic Physical Activity per week (variable calculated from one or more BRFSS questions)","Yes","Female","Sex","2,717",54.5,52.7,56.4,"1","%","Crude Prevalence","","","BRFSS","CLASS15","TOPIC01",49,"SEX2","CAT2","_PAINDX1","RESP046","    (39.360700171000474, -111.58713063499971)"
2017,"UT","Utah","Physical Activity","Exercise","During the past month, did you participate in any physical activities? (variable calculated from one or more BRFSS questions)","Yes","Female","Sex","3,987",79.1,77.6,80.5,"1","%","Crude Prevalence","","","BRFSS","CLASS15","TOPIC23",49,"SEX2","CAT2","_TOTINDA","RESP046","    (39.360700171000474, -111.58713063499971)"
2017,"UT","Utah","Physical Activity","Physical Activity Index","Participated in enough Aerobic and Muscle Strengthening exercises to meet guidelines (variable calculated from one or more BRFSS questions)","Yes","Female","Sex","1,037",22.1,20.6,23.6,"1","%","Crude Prevalence","","","BRFSS","CLASS15","TOPIC45",49,"SEX2","CAT2","_PASTAE1","RESP046","    (39.360700171000474, -111.58713063499971)"
2017,"UT","Utah","Physical Activity","Strength Activity","Participated in muscle strengthening exercises two or more times per week (variable calculated from one or more BRFSS questions)","Yes","Female","Sex","1,472",30.5,28.8,32.2,"1","%","Crude Prevalence","","","BRFSS","CLASS15","TOPIC56",49,"SEX2","CAT2","_PASTRNG","RESP046","    (39.360700171000474, -111.58713063499971)"
2017,"VA","Virginia","Physical Activity","Aerobic Activity","Participated in 150 minutes or more of Aerobic Physical Activity per week (variable calculated from one or more BRFSS questions)","Yes","Female","Sex","2,474",49.9,47.8,52,"1","%","Crude Prevalence","","","BRFSS","CLASS15","TOPIC01",51,"SEX2","CAT2","_PAINDX1","RESP046","    (37.54268067400045, -78.45789046299967)"
2017,"VA","Virginia","Physical Activity","Exercise","During the past month, did you participate in any physical activities? (variable calculated from one or more BRFSS questions)","Yes","Female","Sex","3,659",72.8,71,74.7,"1","%","Crude Prevalence","","","BRFSS","CLASS15","TOPIC23",51,"SEX2","CAT2","_TOTINDA","RESP046","    (37.54268067400045, -78.45789046299967)"
2017,"VA","Virginia","Physical Activity","Physical Activity Index","Participated in enough Aerobic and Muscle Strengthening exercises to meet guidelines (variable calculated from one or more BRFSS questions)","Yes","Female","Sex","951",20.6,18.8,22.3,"1","%","Crude Prevalence","","","BRFSS","CLASS15","TOPIC45",51,"SEX2","CAT2","_PASTAE1","RESP046","    (37.54268067400045, -78.45789046299967)"
2017,"VA","Virginia","Physical Activity","Strength Activity","Participated in muscle strengthening exercises two or more times per week (variable calculated from one or more BRFSS questions)","Yes","Female","Sex","1,384",29.3,27.4,31.1,"1","%","Crude Prevalence","","","BRFSS","CLASS15","TOPIC56",51,"SEX2","CAT2","_PASTRNG","RESP046","    (37.54268067400045, -78.45789046299967)"
2017,"VT","Vermont","Physical Activity","Aerobic Activity","Participated in 150 minutes or more of Aerobic Physical Activity per week (variable calculated from one or more BRFSS questions)","Yes","Female","Sex","1,910",59.3,56.8,61.8,"1","%","Crude Prevalence","","","BRFSS","CLASS15","TOPIC01",50,"SEX2","CAT2","_PAINDX1","RESP046","    (43.62538123900049, -72.51764079099962)"
2017,"VT","Vermont","Physical Activity","Exercise","During the past month, did you participate in any physical activities? (variable calculated from one or more BRFSS questions)","Yes","Female","Sex","2,590",78.4,76.4,80.5,"1","%","Crude Prevalence","","","BRFSS","CLASS15","TOPIC23",50,"SEX2","CAT2","_TOTINDA","RESP046","    (43.62538123900049, -72.51764079099962)"
2017,"VT","Vermont","Physical Activity","Physical Activity Index","Participated in enough Aerobic and Muscle Strengthening exercises to meet guidelines (variable calculated from one or more BRFSS questions)","Yes","Female","Sex","711",23,20.8,25.2,"1","%","Crude Prevalence","","","BRFSS","CLASS15","TOPIC45",50,"SEX2","CAT2","_PASTAE1","RESP046","    (43.62538123900049, -72.51764079099962)"
2017,"VT","Vermont","Physical Activity","Strength Activity","Participated in muscle strengthening exercises two or more times per week (variable calculated from one or more BRFSS questions)","Yes","Female","Sex","990",32.2,29.8,34.6,"1","%","Crude Prevalence","","","BRFSS","CLASS15","TOPIC56",50,"SEX2","CAT2","_PASTRNG","RESP046","    (43.62538123900049, -72.51764079099962)"
2017,"WA","Washington","Physical Activity","Aerobic Activity","Participated in 150 minutes or more of Aerobic Physical Activity per week (variable calculated from one or more BRFSS questions)","Yes","Female","Sex","3,839",56.5,54.8,58.2,"1","%","Crude Prevalence","","","BRFSS","CLASS15","TOPIC01",53,"SEX2","CAT2","_PAINDX1","RESP046","    (47.52227862900048, -120.47001078999972)"
2017,"WA","Washington","Physical Activity","Exercise","During the past month, did you participate in any physical activities? (variable calculated from one or more BRFSS questions)","Yes","Female","Sex","5,352",79.8,78.4,81.1,"1","%","Crude Prevalence","","","BRFSS","CLASS15","TOPIC23",53,"SEX2","CAT2","_TOTINDA","RESP046","    (47.52227862900048, -120.47001078999972)"
2017,"WA","Washington","Physical Activity","Physical Activity Index","Participated in enough Aerobic and Muscle Strengthening exercises to meet guidelines (variable calculated from one or more BRFSS questions)","Yes","Female","Sex","1,367",21.8,20.4,23.2,"1","%","Crude Prevalence","","","BRFSS","CLASS15","TOPIC45",53,"SEX2","CAT2","_PASTAE1","RESP046","    (47.52227862900048, -120.47001078999972)"
2017,"WA","Washington","Physical Activity","Strength Activity","Participated in muscle strengthening exercises two or more times per week (variable calculated from one or more BRFSS questions)","Yes","Female","Sex","1,900",29.8,28.2,31.3,"1","%","Crude Prevalence","","","BRFSS","CLASS15","TOPIC56",53,"SEX2","CAT2","_PASTRNG","RESP046","    (47.52227862900048, -120.47001078999972)"
2017,"WI","Wisconsin","Physical Activity","Aerobic Activity","Participated in 150 minutes or more of Aerobic Physical Activity per week (variable calculated from one or more BRFSS questions)","Yes","Female","Sex","1,629",57.6,55,60.3,"1","%","Crude Prevalence","","","BRFSS","CLASS15","TOPIC01",55,"SEX2","CAT2","_PAINDX1","RESP046","    (44.39319117400049, -89.81637074199966)"
2017,"WI","Wisconsin","Physical Activity","Exercise","During the past month, did you participate in any physical activities? (variable calculated from one or more BRFSS questions)","Yes","Female","Sex","2,218",77.2,75,79.5,"1","%","Crude Prevalence","","","BRFSS","CLASS15","TOPIC23",55,"SEX2","CAT2","_TOTINDA","RESP046","    (44.39319117400049, -89.81637074199966)"
2017,"WI","Wisconsin","Physical Activity","Physical Activity Index","Participated in enough Aerobic and Muscle Strengthening exercises to meet guidelines (variable calculated from one or more BRFSS questions)","Yes","Female","Sex","588",20.5,18.2,22.8,"1","%","Crude Prevalence","","","BRFSS","CLASS15","TOPIC45",55,"SEX2","CAT2","_PASTAE1","RESP046","    (44.39319117400049, -89.81637074199966)"
2017,"WI","Wisconsin","Physical Activity","Strength Activity","Participated in muscle strengthening exercises two or more times per week (variable calculated from one or more BRFSS questions)","Yes","Female","Sex","800",28.6,26.1,31,"1","%","Crude Prevalence","","","BRFSS","CLASS15","TOPIC56",55,"SEX2","CAT2","_PASTRNG","RESP046","    (44.39319117400049, -89.81637074199966)"
2017,"WV","West Virginia","Physical Activity","Exercise","During the past month, did you participate in any physical activities? (variable calculated from one or more BRFSS questions)","Yes","Female","Sex","1,979",67.3,65.3,69.4,"1","%","Crude Prevalence","","","BRFSS","CLASS15","TOPIC23",54,"SEX2","CAT2","_TOTINDA","RESP046","    (38.66551020200046, -80.71264013499967)"
2017,"WV","West Virginia","Physical Activity","Aerobic Activity","Participated in 150 minutes or more of Aerobic Physical Activity per week (variable calculated from one or more BRFSS questions)","Yes","Female","Sex","1,340",47.4,45.1,49.6,"1","%","Crude Prevalence","","","BRFSS","CLASS15","TOPIC01",54,"SEX2","CAT2","_PAINDX1","RESP046","    (38.66551020200046, -80.71264013499967)"
2017,"WV","West Virginia","Physical Activity","Strength Activity","Participated in muscle strengthening exercises two or more times per week (variable calculated from one or more BRFSS questions)","Yes","Female","Sex","544",18.5,16.7,20.3,"1","%","Crude Prevalence","","","BRFSS","CLASS15","TOPIC56",54,"SEX2","CAT2","_PASTRNG","RESP046","    (38.66551020200046, -80.71264013499967)"
2017,"WV","West Virginia","Physical Activity","Physical Activity Index","Participated in enough Aerobic and Muscle Strengthening exercises to meet guidelines (variable calculated from one or more BRFSS questions)","Yes","Female","Sex","365",13.1,11.5,14.6,"1","%","Crude Prevalence","","","BRFSS","CLASS15","TOPIC45",54,"SEX2","CAT2","_PASTAE1","RESP046","    (38.66551020200046, -80.71264013499967)"
2017,"WY","Wyoming","Physical Activity","Aerobic Activity","Participated in 150 minutes or more of Aerobic Physical Activity per week (variable calculated from one or more BRFSS questions)","Yes","Female","Sex","1,251",55.9,53.2,58.6,"1","%","Crude Prevalence","","","BRFSS","CLASS15","TOPIC01",56,"SEX2","CAT2","_PAINDX1","RESP046","    (43.23554134300048, -108.10983035299967)"
2017,"WY","Wyoming","Physical Activity","Exercise","During the past month, did you participate in any physical activities? (variable calculated from one or more BRFSS questions)","Yes","Female","Sex","1,710",76.8,74.6,78.9,"1","%","Crude Prevalence","","","BRFSS","CLASS15","TOPIC23",56,"SEX2","CAT2","_TOTINDA","RESP046","    (43.23554134300048, -108.10983035299967)"
2017,"WY","Wyoming","Physical Activity","Physical Activity Index","Participated in enough Aerobic and Muscle Strengthening exercises to meet guidelines (variable calculated from one or more BRFSS questions)","Yes","Female","Sex","474",23.3,21,25.7,"1","%","Crude Prevalence","","","BRFSS","CLASS15","TOPIC45",56,"SEX2","CAT2","_PASTAE1","RESP046","    (43.23554134300048, -108.10983035299967)"
2017,"WY","Wyoming","Physical Activity","Strength Activity","Participated in muscle strengthening exercises two or more times per week (variable calculated from one or more BRFSS questions)","Yes","Female","Sex","656",30.9,28.4,33.4,"1","%","Crude Prevalence","","","BRFSS","CLASS15","TOPIC56",56,"SEX2","CAT2","_PASTRNG","RESP046","    (43.23554134300048, -108.10983035299967)"
2016,"AK","Alaska","Physical Activity","Exercise","During the past month, did you participate in any physical activities? (variable calculated from one or more BRFSS questions)","Yes","Female","Sex","1,223",78.8,74.6,83.1,"1","%","Crude Prevalence","","","BRFSS","CLASS15","TOPIC23",2,"SEX2","CAT2","_TOTINDA","RESP046","    (64.84507995700051, -147.72205903599973)"
2016,"AL","Alabama","Physical Activity","Exercise","During the past month, did you participate in any physical activities? (variable calculated from one or more BRFSS questions)","Yes","Female","Sex","2,794",67.1,65.2,69,"1","%","Crude Prevalence","","","BRFSS","CLASS15","TOPIC23",1,"SEX2","CAT2","_TOTINDA","RESP046","    (32.84057112200048, -86.63186076199969)"
2016,"AR","Arkansas","Physical Activity","Exercise","During the past month, did you participate in any physical activities? (variable calculated from one or more BRFSS questions)","Yes","Female","Sex","2,008",64.6,61.6,67.6,"1","%","Crude Prevalence","","","BRFSS","CLASS15","TOPIC23",5,"SEX2","CAT2","_TOTINDA","RESP046","    (34.74865012400045, -92.27449074299966)"
2016,"AZ","Arizona","Physical Activity","Exercise","During the past month, did you participate in any physical activities? (variable calculated from one or more BRFSS questions)","Yes","Female","Sex","4,608",74.6,72.7,76.5,"1","%","Crude Prevalence","","","BRFSS","CLASS15","TOPIC23",4,"SEX2","CAT2","_TOTINDA","RESP046","    (34.865970280000454, -111.76381127699972)"
2016,"CA","California","Physical Activity","Exercise","During the past month, did you participate in any physical activities? (variable calculated from one or more BRFSS questions)","Yes","Female","Sex","4,650",77.7,76.3,79.1,"1","%","Crude Prevalence","","","BRFSS","CLASS15","TOPIC23",6,"SEX2","CAT2","_TOTINDA","RESP046","    (37.63864012300047, -120.99999953799971)"
2016,"CO","Colorado","Physical Activity","Exercise","During the past month, did you participate in any physical activities? (variable calculated from one or more BRFSS questions)","Yes","Female","Sex","6,718",83.5,82.4,84.6,"1","%","Crude Prevalence","","","BRFSS","CLASS15","TOPIC23",8,"SEX2","CAT2","_TOTINDA","RESP046","    (38.843840757000464, -106.13361092099967)"
2016,"CT","Connecticut","Physical Activity","Exercise","During the past month, did you participate in any physical activities? (variable calculated from one or more BRFSS questions)","Yes","Female","Sex","4,850",77.2,75.6,78.7,"1","%","Crude Prevalence","","","BRFSS","CLASS15","TOPIC23",9,"SEX2","CAT2","_TOTINDA","RESP046","    (41.56266102000046, -72.64984095199964)"
2016,"DC","District of Columbia","Physical Activity","Exercise","During the past month, did you participate in any physical activities? (variable calculated from one or more BRFSS questions)","Yes","Female","Sex","1,762",80,77.9,82.2,"1","%","Crude Prevalence","","","BRFSS","CLASS15","TOPIC23",11,"SEX2","CAT2","_TOTINDA","RESP046","    (38.89037138500049, -77.03196112699965)"
2016,"DE","Delaware","Physical Activity","Exercise","During the past month, did you participate in any physical activities? (variable calculated from one or more BRFSS questions)","Yes","Female","Sex","1,501",69.4,66.8,72.1,"1","%","Crude Prevalence","","","BRFSS","CLASS15","TOPIC23",10,"SEX2","CAT2","_TOTINDA","RESP046","    (39.008830667000495, -75.57774116799965)"
2016,"FL","Florida","Physical Activity","Exercise","During the past month, did you participate in any physical activities? (variable calculated from one or more BRFSS questions)","Yes","Female","Sex","13,714",67.7,66.3,69.1,"1","%","Crude Prevalence","","","BRFSS","CLASS15","TOPIC23",12,"SEX2","CAT2","_TOTINDA","RESP046","    (28.932040377000476, -81.92896053899966)"
2016,"GA","Georgia","Physical Activity","Exercise","During the past month, did you participate in any physical activities? (variable calculated from one or more BRFSS questions)","Yes","Female","Sex","2,116",69.8,67.7,72,"1","%","Crude Prevalence","","","BRFSS","CLASS15","TOPIC23",13,"SEX2","CAT2","_TOTINDA","RESP046","    (32.83968109300048, -83.62758034599966)"
2016,"GU","Guam","Physical Activity","Exercise","During the past month, did you participate in any physical activities? (variable calculated from one or more BRFSS questions)","Yes","Female","Sex","611",65.4,60.5,70.4,"1","%","Crude Prevalence","","","BRFSS","CLASS15","TOPIC23",66,"SEX2","CAT2","_TOTINDA","RESP046","    (13.444304, 144.793731)"
2016,"HI","Hawaii","Physical Activity","Exercise","During the past month, did you participate in any physical activities? (variable calculated from one or more BRFSS questions)","Yes","Female","Sex","3,431",77.9,76,79.8,"1","%","Crude Prevalence","","","BRFSS","CLASS15","TOPIC23",15,"SEX2","CAT2","_TOTINDA","RESP046","    (21.304850435000446, -157.85774940299973)"
2016,"IA","Iowa","Physical Activity","Exercise","During the past month, did you participate in any physical activities? (variable calculated from one or more BRFSS questions)","Yes","Female","Sex","2,971",76.4,74.7,78.1,"1","%","Crude Prevalence","","","BRFSS","CLASS15","TOPIC23",19,"SEX2","CAT2","_TOTINDA","RESP046","    (42.46940091300047, -93.81649055599968)"
2016,"ID","Idaho","Physical Activity","Exercise","During the past month, did you participate in any physical activities? (variable calculated from one or more BRFSS questions)","Yes","Female","Sex","2,284",78.6,76.6,80.7,"1","%","Crude Prevalence","","","BRFSS","CLASS15","TOPIC23",16,"SEX2","CAT2","_TOTINDA","RESP046","    (43.682630005000476, -114.3637300419997)"
2016,"IL","Illinois","Physical Activity","Exercise","During the past month, did you participate in any physical activities? (variable calculated from one or more BRFSS questions)","Yes","Female","Sex","1,943",73.8,71.7,75.9,"1","%","Crude Prevalence","","","BRFSS","CLASS15","TOPIC23",17,"SEX2","CAT2","_TOTINDA","RESP046","    (40.48501028300046, -88.99771017799969)"
2016,"IN","Indiana","Physical Activity","Exercise","During the past month, did you participate in any physical activities? (variable calculated from one or more BRFSS questions)","Yes","Female","Sex","4,474",71.5,69.8,73.1,"1","%","Crude Prevalence","","","BRFSS","CLASS15","TOPIC23",18,"SEX2","CAT2","_TOTINDA","RESP046","    (39.766910452000445, -86.14996019399968)"
2016,"KS","Kansas","Physical Activity","Exercise","During the past month, did you participate in any physical activities? (variable calculated from one or more BRFSS questions)","Yes","Female","Sex","4,951",74.1,72.7,75.4,"1","%","Crude Prevalence","","","BRFSS","CLASS15","TOPIC23",20,"SEX2","CAT2","_TOTINDA","RESP046","    (38.34774030000045, -98.20078122699965)"
2016,"KY","Kentucky","Physical Activity","Exercise","During the past month, did you participate in any physical activities? (variable calculated from one or more BRFSS questions)","Yes","Female","Sex","4,065",68.3,66.5,70.1,"1","%","Crude Prevalence","","","BRFSS","CLASS15","TOPIC23",21,"SEX2","CAT2","_TOTINDA","RESP046","    (37.645970271000465, -84.77497104799966)"
2016,"LA","Louisiana","Physical Activity","Exercise","During the past month, did you participate in any physical activities? (variable calculated from one or more BRFSS questions)","Yes","Female","Sex","2,134",67.7,65,70.4,"1","%","Crude Prevalence","","","BRFSS","CLASS15","TOPIC23",22,"SEX2","CAT2","_TOTINDA","RESP046","    (31.31266064400046, -92.44568007099969)"
2016,"MA","Massachusetts","Physical Activity","Exercise","During the past month, did you participate in any physical activities? (variable calculated from one or more BRFSS questions)","Yes","Female","Sex","3,409",78.7,76.9,80.5,"1","%","Crude Prevalence","","","BRFSS","CLASS15","TOPIC23",25,"SEX2","CAT2","_TOTINDA","RESP046","    (42.27687047000046, -72.08269067499964)"
2016,"MD","Maryland","Physical Activity","Exercise","During the past month, did you participate in any physical activities? (variable calculated from one or more BRFSS questions)","Yes","Female","Sex","7,883",73.7,72.4,75,"1","%","Crude Prevalence","","","BRFSS","CLASS15","TOPIC23",24,"SEX2","CAT2","_TOTINDA","RESP046","    (39.29058096400047, -76.60926011099963)"
2016,"ME","Maine","Physical Activity","Exercise","During the past month, did you participate in any physical activities? (variable calculated from one or more BRFSS questions)","Yes","Female","Sex","4,457",77.6,75.9,79.2,"1","%","Crude Prevalence","","","BRFSS","CLASS15","TOPIC23",23,"SEX2","CAT2","_TOTINDA","RESP046","    (45.254228894000505, -68.98503133599962)"
2016,"MI","Michigan","Physical Activity","Exercise","During the past month, did you participate in any physical activities? (variable calculated from one or more BRFSS questions)","Yes","Female","Sex","4,953",74.3,73,75.7,"1","%","Crude Prevalence","","","BRFSS","CLASS15","TOPIC23",26,"SEX2","CAT2","_TOTINDA","RESP046","    (44.6613195430005, -84.71439026999968)"
2016,"MN","Minnesota","Physical Activity","Exercise","During the past month, did you participate in any physical activities? (variable calculated from one or more BRFSS questions)","Yes","Female","Sex","7,145",81.6,80.6,82.6,"1","%","Crude Prevalence","","","BRFSS","CLASS15","TOPIC23",27,"SEX2","CAT2","_TOTINDA","RESP046","    (46.35564873600049, -94.79420050299967)"
2016,"MO","Missouri","Physical Activity","Exercise","During the past month, did you participate in any physical activities? (variable calculated from one or more BRFSS questions)","Yes","Female","Sex","2,844",74.1,72,76.2,"1","%","Crude Prevalence","","","BRFSS","CLASS15","TOPIC23",29,"SEX2","CAT2","_TOTINDA","RESP046","    (38.635790776000476, -92.56630005299968)"
2016,"MS","Mississippi","Physical Activity","Exercise","During the past month, did you participate in any physical activities? (variable calculated from one or more BRFSS questions)","Yes","Female","Sex","1,993",65.8,63.5,68.1,"1","%","Crude Prevalence","","","BRFSS","CLASS15","TOPIC23",28,"SEX2","CAT2","_TOTINDA","RESP046","    (32.745510099000455, -89.53803082499968)"
2016,"MT","Montana","Physical Activity","Exercise","During the past month, did you participate in any physical activities? (variable calculated from one or more BRFSS questions)","Yes","Female","Sex","2,488",79.5,77.5,81.6,"1","%","Crude Prevalence","","","BRFSS","CLASS15","TOPIC23",30,"SEX2","CAT2","_TOTINDA","RESP046","    (47.06652897200047, -109.42442064499971)"
2016,"NC","North Carolina","Physical Activity","Exercise","During the past month, did you participate in any physical activities? (variable calculated from one or more BRFSS questions)","Yes","Female","Sex","2,589",74.8,73,76.6,"1","%","Crude Prevalence","","","BRFSS","CLASS15","TOPIC23",37,"SEX2","CAT2","_TOTINDA","RESP046","    (35.466220975000454, -79.15925046299964)"
2016,"ND","North Dakota","Physical Activity","Exercise","During the past month, did you participate in any physical activities? (variable calculated from one or more BRFSS questions)","Yes","Female","Sex","2,321",77,75,79.1,"1","%","Crude Prevalence","","","BRFSS","CLASS15","TOPIC23",38,"SEX2","CAT2","_TOTINDA","RESP046","    (47.47531977900047, -100.11842104899966)"
2016,"NE","Nebraska","Physical Activity","Exercise","During the past month, did you participate in any physical activities? (variable calculated from one or more BRFSS questions)","Yes","Female","Sex","6,192",75.9,74.5,77.3,"1","%","Crude Prevalence","","","BRFSS","CLASS15","TOPIC23",31,"SEX2","CAT2","_TOTINDA","RESP046","    (41.6410409880005, -99.36572062299967)"
2016,"NH","New Hampshire","Physical Activity","Exercise","During the past month, did you participate in any physical activities? (variable calculated from one or more BRFSS questions)","Yes","Female","Sex","2,724",79.4,77.5,81.3,"1","%","Crude Prevalence","","","BRFSS","CLASS15","TOPIC23",33,"SEX2","CAT2","_TOTINDA","RESP046","    (43.65595011300047, -71.50036091999965)"
2016,"NJ","New Jersey","Physical Activity","Exercise","During the past month, did you participate in any physical activities? (variable calculated from one or more BRFSS questions)","Yes","Female","Sex","2,883",67.7,65.5,69.9,"1","%","Crude Prevalence","","","BRFSS","CLASS15","TOPIC23",34,"SEX2","CAT2","_TOTINDA","RESP046","    (40.13057004800049, -74.27369128799967)"
2016,"NM","New Mexico","Physical Activity","Exercise","During the past month, did you participate in any physical activities? (variable calculated from one or more BRFSS questions)","Yes","Female","Sex","2,562",76.6,74.5,78.8,"1","%","Crude Prevalence","","","BRFSS","CLASS15","TOPIC23",35,"SEX2","CAT2","_TOTINDA","RESP046","    (34.52088095200048, -106.24058098499967)"
2016,"NV","Nevada","Physical Activity","Exercise","During the past month, did you participate in any physical activities? (variable calculated from one or more BRFSS questions)","Yes","Female","Sex","1,756",72,69.2,74.7,"1","%","Crude Prevalence","","","BRFSS","CLASS15","TOPIC23",32,"SEX2","CAT2","_TOTINDA","RESP046","    (39.493240390000494, -117.07184056399967)"
2016,"NY","New York","Physical Activity","Exercise","During the past month, did you participate in any physical activities? (variable calculated from one or more BRFSS questions)","Yes","Female","Sex","13,718",71.5,70.1,72.9,"1","%","Crude Prevalence","","","BRFSS","CLASS15","TOPIC23",36,"SEX2","CAT2","_TOTINDA","RESP046","    (42.82700103200045, -75.54397042699964)"
2016,"OH","Ohio","Physical Activity","Exercise","During the past month, did you participate in any physical activities? (variable calculated from one or more BRFSS questions)","Yes","Female","Sex","4,866",71.4,69.8,73.1,"1","%","Crude Prevalence","","","BRFSS","CLASS15","TOPIC23",39,"SEX2","CAT2","_TOTINDA","RESP046","    (40.06021014100048, -82.40426005599966)"
2016,"OK","Oklahoma","Physical Activity","Exercise","During the past month, did you participate in any physical activities? (variable calculated from one or more BRFSS questions)","Yes","Female","Sex","2,741",68.8,66.9,70.7,"1","%","Crude Prevalence","","","BRFSS","CLASS15","TOPIC23",40,"SEX2","CAT2","_TOTINDA","RESP046","    (35.47203135600046, -97.52107021399968)"
2016,"OR","Oregon","Physical Activity","Exercise","During the past month, did you participate in any physical activities? (variable calculated from one or more BRFSS questions)","Yes","Female","Sex","2,489",82.6,80.9,84.2,"1","%","Crude Prevalence","","","BRFSS","CLASS15","TOPIC23",41,"SEX2","CAT2","_TOTINDA","RESP046","    (44.56744942400047, -120.15503132599969)"
2016,"PA","Pennsylvania","Physical Activity","Exercise","During the past month, did you participate in any physical activities? (variable calculated from one or more BRFSS questions)","Yes","Female","Sex","2,741",75.3,73.5,77.2,"1","%","Crude Prevalence","","","BRFSS","CLASS15","TOPIC23",42,"SEX2","CAT2","_TOTINDA","RESP046","    (40.79373015200048, -77.86070029399963)"
2016,"PR","Puerto Rico","Physical Activity","Exercise","During the past month, did you participate in any physical activities? (variable calculated from one or more BRFSS questions)","Yes","Female","Sex","1,910",51.9,49.7,54.2,"1","%","Crude Prevalence","","","BRFSS","CLASS15","TOPIC23",72,"SEX2","CAT2","_TOTINDA","RESP046","    (18.220833, -66.590149)"
2016,"RI","Rhode Island","Physical Activity","Exercise","During the past month, did you participate in any physical activities? (variable calculated from one or more BRFSS questions)","Yes","Female","Sex","2,290",71.9,69.7,74.2,"1","%","Crude Prevalence","","","BRFSS","CLASS15","TOPIC23",44,"SEX2","CAT2","_TOTINDA","RESP046","    (41.70828019300046, -71.52247031399963)"
2016,"SC","South Carolina","Physical Activity","Exercise","During the past month, did you participate in any physical activities? (variable calculated from one or more BRFSS questions)","Yes","Female","Sex","4,478",70.8,69.2,72.3,"1","%","Crude Prevalence","","","BRFSS","CLASS15","TOPIC23",45,"SEX2","CAT2","_TOTINDA","RESP046","    (33.998821303000454, -81.04537120699968)"
2016,"SD","South Dakota","Physical Activity","Exercise","During the past month, did you participate in any physical activities? (variable calculated from one or more BRFSS questions)","Yes","Female","Sex","2,585",81.1,78.8,83.4,"1","%","Crude Prevalence","","","BRFSS","CLASS15","TOPIC23",46,"SEX2","CAT2","_TOTINDA","RESP046","    (44.353130053000484, -100.3735306369997)"
2016,"TN","Tennessee","Physical Activity","Exercise","During the past month, did you participate in any physical activities? (variable calculated from one or more BRFSS questions)","Yes","Female","Sex","2,344",67.4,65,69.7,"1","%","Crude Prevalence","","","BRFSS","CLASS15","TOPIC23",47,"SEX2","CAT2","_TOTINDA","RESP046","    (35.68094058000048, -85.77449091399967)"
2016,"TX","Texas","Physical Activity","Exercise","During the past month, did you participate in any physical activities? (variable calculated from one or more BRFSS questions)","Yes","Female","Sex","4,670",71.6,69.5,73.7,"1","%","Crude Prevalence","","","BRFSS","CLASS15","TOPIC23",48,"SEX2","CAT2","_TOTINDA","RESP046","    (31.827240407000488, -99.42677020599967)"
2016,"UT","Utah","Physical Activity","Exercise","During the past month, did you participate in any physical activities? (variable calculated from one or more BRFSS questions)","Yes","Female","Sex","4,735",83.4,82.1,84.7,"1","%","Crude Prevalence","","","BRFSS","CLASS15","TOPIC23",49,"SEX2","CAT2","_TOTINDA","RESP046","    (39.360700171000474, -111.58713063499971)"
2016,"VA","Virginia","Physical Activity","Exercise","During the past month, did you participate in any physical activities? (variable calculated from one or more BRFSS questions)","Yes","Female","Sex","3,744",74.8,73.2,76.4,"1","%","Crude Prevalence","","","BRFSS","CLASS15","TOPIC23",51,"SEX2","CAT2","_TOTINDA","RESP046","    (37.54268067400045, -78.45789046299967)"
2016,"VI","Virgin Islands","Physical Activity","Exercise","During the past month, did you participate in any physical activities? (variable calculated from one or more BRFSS questions)","Yes","Female","Sex","580",71.7,66.7,76.6,"1","%","Crude Prevalence","","","BRFSS","CLASS15","TOPIC23",78,"SEX2","CAT2","_TOTINDA","RESP046","    (18.335765, -64.896335)"
2016,"VT","Vermont","Physical Activity","Exercise","During the past month, did you participate in any physical activities? (variable calculated from one or more BRFSS questions)","Yes","Female","Sex","2,875",80.9,79.2,82.6,"1","%","Crude Prevalence","","","BRFSS","CLASS15","TOPIC23",50,"SEX2","CAT2","_TOTINDA","RESP046","    (43.62538123900049, -72.51764079099962)"
2016,"WA","Washington","Physical Activity","Exercise","During the past month, did you participate in any physical activities? (variable calculated from one or more BRFSS questions)","Yes","Female","Sex","6,303",80.7,79.4,81.9,"1","%","Crude Prevalence","","","BRFSS","CLASS15","TOPIC23",53,"SEX2","CAT2","_TOTINDA","RESP046","    (47.52227862900048, -120.47001078999972)"
2016,"WI","Wisconsin","Physical Activity","Exercise","During the past month, did you participate in any physical activities? (variable calculated from one or more BRFSS questions)","Yes","Female","Sex","2,215",78.3,76.3,80.4,"1","%","Crude Prevalence","","","BRFSS","CLASS15","TOPIC23",55,"SEX2","CAT2","_TOTINDA","RESP046","    (44.39319117400049, -89.81637074199966)"
2016,"WV","West Virginia","Physical Activity","Exercise","During the past month, did you participate in any physical activities? (variable calculated from one or more BRFSS questions)","Yes","Female","Sex","2,722",68.2,66.6,69.9,"1","%","Crude Prevalence","","","BRFSS","CLASS15","TOPIC23",54,"SEX2","CAT2","_TOTINDA","RESP046","    (38.66551020200046, -80.71264013499967)"
2016,"WY","Wyoming","Physical Activity","Exercise","During the past month, did you participate in any physical activities? (variable calculated from one or more BRFSS questions)","Yes","Female","Sex","1,847",75.5,72.9,78.2,"1","%","Crude Prevalence","","","BRFSS","CLASS15","TOPIC23",56,"SEX2","CAT2","_TOTINDA","RESP046","    (43.23554134300048, -108.10983035299967)"
2015,"AK","Alaska","Demographics","Disability status","Adults who are limited in any activities because of physical, mental, or emotional problems","Yes","Female","Sex","488",20.9,18.1,23.6,"1","%","Crude Prevalence","","","BRFSS","CLASS05","TOPIC19",2,"SEX2","CAT2","QLACTLM2","RESP046","    (64.845079957001, -147.722059036)"
2015,"AK","Alaska","Physical Activity","Aerobic Activity","Participated in 150 minutes or more of Aerobic Physical Activity per week (variable calculated from one or more BRFSS questions)","Yes","Female","Sex","1,053",58.5,54.3,62.7,"1","%","Crude Prevalence","","","BRFSS","CLASS15","TOPIC01",2,"SEX2","CAT2","_PAINDX1","RESP046","    (64.845079957001, -147.722059036)"
2015,"AK","Alaska","Physical Activity","Exercise","During the past month, did you participate in any physical activities? (variable calculated from one or more BRFSS questions)","Yes","Female","Sex","1,442",76.8,73,80.5,"1","%","Crude Prevalence","","","BRFSS","CLASS15","TOPIC23",2,"SEX2","CAT2","_TOTINDA","RESP046","    (64.845079957001, -147.722059036)"
2015,"AK","Alaska","Physical Activity","Physical Activity Index","Participated in enough Aerobic and Muscle Strengthening exercises to meet guidelines (variable calculated from one or more BRFSS questions)","Yes","Female","Sex","370",21.4,17.9,24.8,"1","%","Crude Prevalence","","","BRFSS","CLASS15","TOPIC45",2,"SEX2","CAT2","_PASTAE1","RESP046","    (64.845079957001, -147.722059036)"
2015,"AK","Alaska","Physical Activity","Strength Activity","Participated in muscle strengthening exercises two or more times per week (variable calculated from one or more BRFSS questions).","Yes","Female","Sex","503",29.7,25.7,33.7,"1","%","Crude Prevalence","","","BRFSS","CLASS15","TOPIC56",2,"SEX2","CAT2","_PASTRNG","RESP046","    (64.845079957001, -147.722059036)"
2015,"AL","Alabama","Demographics","Disability status","Adults who are limited in any activities because of physical, mental, or emotional problems","Yes","Female","Sex","1,572",29.5,27.7,31.2,"1","%","Crude Prevalence","","","BRFSS","CLASS05","TOPIC19",1,"SEX2","CAT2","QLACTLM2","RESP046","    (32.840571122, -86.631860762)"
2015,"AL","Alabama","Physical Activity","Aerobic Activity","Participated in 150 minutes or more of Aerobic Physical Activity per week (variable calculated from one or more BRFSS questions)","Yes","Female","Sex","1,809",42.6,40.5,44.7,"1","%","Crude Prevalence","","","BRFSS","CLASS15","TOPIC01",1,"SEX2","CAT2","_PAINDX1","RESP046","    (32.840571122, -86.631860762)"
2015,"AL","Alabama","Physical Activity","Exercise","During the past month, did you participate in any physical activities? (variable calculated from one or more BRFSS questions)","Yes","Female","Sex","2,879",66.3,64.3,68.2,"1","%","Crude Prevalence","","","BRFSS","CLASS15","TOPIC23",1,"SEX2","CAT2","_TOTINDA","RESP046","    (32.840571122, -86.631860762)"
2015,"AL","Alabama","Physical Activity","Physical Activity Index","Participated in enough Aerobic and Muscle Strengthening exercises to meet guidelines (variable calculated from one or more BRFSS questions)","Yes","Female","Sex","568",14.3,12.8,15.8,"1","%","Crude Prevalence","","","BRFSS","CLASS15","TOPIC45",1,"SEX2","CAT2","_PASTAE1","RESP046","    (32.840571122, -86.631860762)"
2015,"AL","Alabama","Physical Activity","Strength Activity","Participated in muscle strengthening exercises two or more times per week (variable calculated from one or more BRFSS questions).","Yes","Female","Sex","864",21.7,20,23.5,"1","%","Crude Prevalence","","","BRFSS","CLASS15","TOPIC56",1,"SEX2","CAT2","_PASTRNG","RESP046","    (32.840571122, -86.631860762)"
2015,"AR","Arkansas","Demographics","Disability status","Adults who are limited in any activities because of physical, mental, or emotional problems","Yes","Female","Sex","1,073",28.1,25.5,30.7,"1","%","Crude Prevalence","","","BRFSS","CLASS05","TOPIC19",5,"SEX2","CAT2","QLACTLM2","RESP046","    (34.748650124, -92.274490743)"
2015,"AR","Arkansas","Physical Activity","Aerobic Activity","Participated in 150 minutes or more of Aerobic Physical Activity per week (variable calculated from one or more BRFSS questions)","Yes","Female","Sex","1,179",41.3,38.1,44.4,"1","%","Crude Prevalence","","","BRFSS","CLASS15","TOPIC01",5,"SEX2","CAT2","_PAINDX1","RESP046","    (34.748650124, -92.274490743)"
2015,"AR","Arkansas","Physical Activity","Exercise","During the past month, did you participate in any physical activities? (variable calculated from one or more BRFSS questions)","Yes","Female","Sex","1,801",62.1,59.1,65.1,"1","%","Crude Prevalence","","","BRFSS","CLASS15","TOPIC23",5,"SEX2","CAT2","_TOTINDA","RESP046","    (34.748650124, -92.274490743)"
2015,"AR","Arkansas","Physical Activity","Physical Activity Index","Participated in enough Aerobic and Muscle Strengthening exercises to meet guidelines (variable calculated from one or more BRFSS questions)","Yes","Female","Sex","323",12.5,10.3,14.6,"1","%","Crude Prevalence","","","BRFSS","CLASS15","TOPIC45",5,"SEX2","CAT2","_PASTAE1","RESP046","    (34.748650124, -92.274490743)"
2015,"AR","Arkansas","Physical Activity","Strength Activity","Participated in muscle strengthening exercises two or more times per week (variable calculated from one or more BRFSS questions).","Yes","Female","Sex","530",19,16.4,21.5,"1","%","Crude Prevalence","","","BRFSS","CLASS15","TOPIC56",5,"SEX2","CAT2","_PASTRNG","RESP046","    (34.748650124, -92.274490743)"
2015,"AZ","Arizona","Physical Activity","Aerobic Activity","Participated in 150 minutes or more of Aerobic Physical Activity per week (variable calculated from one or more BRFSS questions)","Yes","Female","Sex","2,283",53.9,51.6,56.3,"1","%","Crude Prevalence","","","BRFSS","CLASS15","TOPIC01",4,"SEX2","CAT2","_PAINDX1","RESP046","    (34.86597028, -111.763811277)"
2015,"AZ","Arizona","Physical Activity","Exercise","During the past month, did you participate in any physical activities? (variable calculated from one or more BRFSS questions)","Yes","Female","Sex","3,194",74.7,72.7,76.7,"1","%","Crude Prevalence","","","BRFSS","CLASS15","TOPIC23",4,"SEX2","CAT2","_TOTINDA","RESP046","    (34.86597028, -111.763811277)"
2015,"AZ","Arizona","Physical Activity","Physical Activity Index","Participated in enough Aerobic and Muscle Strengthening exercises to meet guidelines (variable calculated from one or more BRFSS questions)","Yes","Female","Sex","811",20.2,18.4,22.2,"1","%","Crude Prevalence","","","BRFSS","CLASS15","TOPIC45",4,"SEX2","CAT2","_PASTAE1","RESP046","    (34.86597028, -111.763811277)"
2015,"AZ","Arizona","Physical Activity","Strength Activity","Participated in muscle strengthening exercises two or more times per week (variable calculated from one or more BRFSS questions).","Yes","Female","Sex","1,131",26.7,24.7,28.8,"1","%","Crude Prevalence","","","BRFSS","CLASS15","TOPIC56",4,"SEX2","CAT2","_PASTRNG","RESP046","    (34.86597028, -111.763811277)"
2015,"AZ","Arizona","Demographics","Disability status","Adults who are limited in any activities because of physical, mental, or emotional problems","Yes","Female","Sex","1,154",21.2,19.5,22.9,"1","%","Crude Prevalence","","","BRFSS","CLASS05","TOPIC19",4,"SEX2","CAT2","QLACTLM2","RESP046","    (34.86597028, -111.763811277)"
2015,"CA","California","Physical Activity","Strength Activity","Participated in muscle strengthening exercises two or more times per week (variable calculated from one or more BRFSS questions).","Yes","Female","Sex","1,635",28.4,26.8,30,"1","%","Crude Prevalence","","","BRFSS","CLASS15","TOPIC56",6,"SEX2","CAT2","_PASTRNG","RESP046","    (37.638640123, -120.999999538)"
2015,"CA","California","Physical Activity","Exercise","During the past month, did you participate in any physical activities? (variable calculated from one or more BRFSS questions)","Yes","Female","Sex","4,522",79.7,78.3,81,"1","%","Crude Prevalence","","","BRFSS","CLASS15","TOPIC23",6,"SEX2","CAT2","_TOTINDA","RESP046","    (37.638640123, -120.999999538)"
2015,"CA","California","Physical Activity","Physical Activity Index","Participated in enough Aerobic and Muscle Strengthening exercises to meet guidelines (variable calculated from one or more BRFSS questions)","Yes","Female","Sex","1,199",20,18.7,21.4,"1","%","Crude Prevalence","","","BRFSS","CLASS15","TOPIC45",6,"SEX2","CAT2","_PASTAE1","RESP046","    (37.638640123, -120.999999538)"
2015,"CA","California","Physical Activity","Aerobic Activity","Participated in 150 minutes or more of Aerobic Physical Activity per week (variable calculated from one or more BRFSS questions)","Yes","Female","Sex","3,278",58,56.2,59.7,"1","%","Crude Prevalence","","","BRFSS","CLASS15","TOPIC01",6,"SEX2","CAT2","_PAINDX1","RESP046","    (37.638640123, -120.999999538)"
2015,"CA","California","Demographics","Disability status","Adults who are limited in any activities because of physical, mental, or emotional problems","Yes","Female","Sex","1,460",19.7,18.5,20.9,"1","%","Crude Prevalence","","","BRFSS","CLASS05","TOPIC19",6,"SEX2","CAT2","QLACTLM2","RESP046","    (37.638640123, -120.999999538)"
2015,"CO","Colorado","Physical Activity","Exercise","During the past month, did you participate in any physical activities? (variable calculated from one or more BRFSS questions)","Yes","Female","Sex","5,359",82,80.6,83.4,"1","%","Crude Prevalence","","","BRFSS","CLASS15","TOPIC23",8,"SEX2","CAT2","_TOTINDA","RESP046","    (38.843840757, -106.133610921)"
2015,"CO","Colorado","Physical Activity","Physical Activity Index","Participated in enough Aerobic and Muscle Strengthening exercises to meet guidelines (variable calculated from one or more BRFSS questions)","Yes","Female","Sex","1,521",25.6,23.9,27.3,"1","%","Crude Prevalence","","","BRFSS","CLASS15","TOPIC45",8,"SEX2","CAT2","_PASTAE1","RESP046","    (38.843840757, -106.133610921)"
2015,"CO","Colorado","Physical Activity","Strength Activity","Participated in muscle strengthening exercises two or more times per week (variable calculated from one or more BRFSS questions).","Yes","Female","Sex","1,998",32.7,30.9,34.5,"1","%","Crude Prevalence","","","BRFSS","CLASS15","TOPIC56",8,"SEX2","CAT2","_PASTRNG","RESP046","    (38.843840757, -106.133610921)"
2015,"CO","Colorado","Physical Activity","Aerobic Activity","Participated in 150 minutes or more of Aerobic Physical Activity per week (variable calculated from one or more BRFSS questions)","Yes","Female","Sex","3,932",61.2,59.3,63.1,"1","%","Crude Prevalence","","","BRFSS","CLASS15","TOPIC01",8,"SEX2","CAT2","_PAINDX1","RESP046","    (38.843840757, -106.133610921)"
2015,"CO","Colorado","Demographics","Disability status","Adults who are limited in any activities because of physical, mental, or emotional problems","Yes","Female","Sex","1,746",20.9,19.5,22.3,"1","%","Crude Prevalence","","","BRFSS","CLASS05","TOPIC19",8,"SEX2","CAT2","QLACTLM2","RESP046","    (38.843840757, -106.133610921)"
2015,"CT","Connecticut","Physical Activity","Aerobic Activity","Participated in 150 minutes or more of Aerobic Physical Activity per week (variable calculated from one or more BRFSS questions)","Yes","Female","Sex","3,100",52.2,50.3,54.1,"1","%","Crude Prevalence","","","BRFSS","CLASS15","TOPIC01",9,"SEX2","CAT2","_PAINDX1","RESP046","    (41.56266102, -72.649840952)"
2015,"CT","Connecticut","Physical Activity","Exercise","During the past month, did you participate in any physical activities? (variable calculated from one or more BRFSS questions)","Yes","Female","Sex","4,525",74.7,73.1,76.4,"1","%","Crude Prevalence","","","BRFSS","CLASS15","TOPIC23",9,"SEX2","CAT2","_TOTINDA","RESP046","    (41.56266102, -72.649840952)"
2015,"CT","Connecticut","Physical Activity","Physical Activity Index","Participated in enough Aerobic and Muscle Strengthening exercises to meet guidelines (variable calculated from one or more BRFSS questions)","Yes","Female","Sex","1,099",19.4,17.8,20.9,"1","%","Crude Prevalence","","","BRFSS","CLASS15","TOPIC45",9,"SEX2","CAT2","_PASTAE1","RESP046","    (41.56266102, -72.649840952)"
2015,"CT","Connecticut","Physical Activity","Strength Activity","Participated in muscle strengthening exercises two or more times per week (variable calculated from one or more BRFSS questions).","Yes","Female","Sex","1,609",27.8,26,29.5,"1","%","Crude Prevalence","","","BRFSS","CLASS15","TOPIC56",9,"SEX2","CAT2","_PASTRNG","RESP046","    (41.56266102, -72.649840952)"
2015,"CT","Connecticut","Demographics","Disability status","Adults who are limited in any activities because of physical, mental, or emotional problems","Yes","Female","Sex","1,635",20.6,19.2,21.9,"1","%","Crude Prevalence","","","BRFSS","CLASS05","TOPIC19",9,"SEX2","CAT2","QLACTLM2","RESP046","    (41.56266102, -72.649840952)"
2015,"DC","District of Columbia","Physical Activity","Aerobic Activity","Participated in 150 minutes or more of Aerobic Physical Activity per week (variable calculated from one or more BRFSS questions)","Yes","Female","Sex","1,156",58.6,54.3,63,"1","%","Crude Prevalence","","","BRFSS","CLASS15","TOPIC01",11,"SEX2","CAT2","_PAINDX1","RESP046","    (38.890371385, -77.031961127)"
2015,"DC","District of Columbia","Physical Activity","Exercise","During the past month, did you participate in any physical activities? (variable calculated from one or more BRFSS questions)","Yes","Female","Sex","1,652",79.3,75.9,82.6,"1","%","Crude Prevalence","","","BRFSS","CLASS15","TOPIC23",11,"SEX2","CAT2","_TOTINDA","RESP046","    (38.890371385, -77.031961127)"
2015,"DC","District of Columbia","Demographics","Disability status","Adults who are limited in any activities because of physical, mental, or emotional problems","Yes","Female","Sex","578",19.6,16.5,22.6,"1","%","Crude Prevalence","","","BRFSS","CLASS05","TOPIC19",11,"SEX2","CAT2","QLACTLM2","RESP046","    (38.890371385, -77.031961127)"
2015,"DC","District of Columbia","Physical Activity","Strength Activity","Participated in muscle strengthening exercises two or more times per week (variable calculated from one or more BRFSS questions).","Yes","Female","Sex","651",28.2,24.4,32.1,"1","%","Crude Prevalence","","","BRFSS","CLASS15","TOPIC56",11,"SEX2","CAT2","_PASTRNG","RESP046","    (38.890371385, -77.031961127)"
2015,"DC","District of Columbia","Physical Activity","Physical Activity Index","Participated in enough Aerobic and Muscle Strengthening exercises to meet guidelines (variable calculated from one or more BRFSS questions)","Yes","Female","Sex","460",21.5,17.9,25.1,"1","%","Crude Prevalence","","","BRFSS","CLASS15","TOPIC45",11,"SEX2","CAT2","_PASTAE1","RESP046","    (38.890371385, -77.031961127)"
2015,"DE","Delaware","Physical Activity","Physical Activity Index","Participated in enough Aerobic and Muscle Strengthening exercises to meet guidelines (variable calculated from one or more BRFSS questions)","Yes","Female","Sex","346",19.2,16.7,21.6,"1","%","Crude Prevalence","","","BRFSS","CLASS15","TOPIC45",10,"SEX2","CAT2","_PASTAE1","RESP046","    (39.008830667, -75.577741168)"
2015,"DE","Delaware","Physical Activity","Strength Activity","Participated in muscle strengthening exercises two or more times per week (variable calculated from one or more BRFSS questions).","Yes","Female","Sex","517",27,24.2,29.7,"1","%","Crude Prevalence","","","BRFSS","CLASS15","TOPIC56",10,"SEX2","CAT2","_PASTRNG","RESP046","    (39.008830667, -75.577741168)"
2015,"DE","Delaware","Physical Activity","Aerobic Activity","Participated in 150 minutes or more of Aerobic Physical Activity per week (variable calculated from one or more BRFSS questions)","Yes","Female","Sex","1,002",47.9,44.8,51,"1","%","Crude Prevalence","","","BRFSS","CLASS15","TOPIC01",10,"SEX2","CAT2","_PAINDX1","RESP046","    (39.008830667, -75.577741168)"
2015,"DE","Delaware","Physical Activity","Exercise","During the past month, did you participate in any physical activities? (variable calculated from one or more BRFSS questions)","Yes","Female","Sex","1,464",69.1,66.2,72,"1","%","Crude Prevalence","","","BRFSS","CLASS15","TOPIC23",10,"SEX2","CAT2","_TOTINDA","RESP046","    (39.008830667, -75.577741168)"
2015,"DE","Delaware","Demographics","Disability status","Adults who are limited in any activities because of physical, mental, or emotional problems","Yes","Female","Sex","574",21.8,19.3,24.4,"1","%","Crude Prevalence","","","BRFSS","CLASS05","TOPIC19",10,"SEX2","CAT2","QLACTLM2","RESP046","    (39.008830667, -75.577741168)"
2015,"FL","Florida","Physical Activity","Exercise","During the past month, did you participate in any physical activities? (variable calculated from one or more BRFSS questions)","Yes","Female","Sex","3,667",73,71.3,74.8,"1","%","Crude Prevalence","","","BRFSS","CLASS15","TOPIC23",12,"SEX2","CAT2","_TOTINDA","RESP046","    (28.932040377, -81.928960539)"
2015,"FL","Florida","Physical Activity","Physical Activity Index","Participated in enough Aerobic and Muscle Strengthening exercises to meet guidelines (variable calculated from one or more BRFSS questions)","Yes","Female","Sex","914",19.4,17.7,21,"1","%","Crude Prevalence","","","BRFSS","CLASS15","TOPIC45",12,"SEX2","CAT2","_PASTAE1","RESP046","    (28.932040377, -81.928960539)"
2015,"FL","Florida","Physical Activity","Strength Activity","Participated in muscle strengthening exercises two or more times per week (variable calculated from one or more BRFSS questions).","Yes","Female","Sex","1,325",26.9,25.1,28.7,"1","%","Crude Prevalence","","","BRFSS","CLASS15","TOPIC56",12,"SEX2","CAT2","_PASTRNG","RESP046","    (28.932040377, -81.928960539)"
2015,"FL","Florida","Physical Activity","Aerobic Activity","Participated in 150 minutes or more of Aerobic Physical Activity per week (variable calculated from one or more BRFSS questions)","Yes","Female","Sex","2,573",51.2,49.2,53.3,"1","%","Crude Prevalence","","","BRFSS","CLASS15","TOPIC01",12,"SEX2","CAT2","_PAINDX1","RESP046","    (28.932040377, -81.928960539)"
2015,"FL","Florida","Demographics","Disability status","Adults who are limited in any activities because of physical, mental, or emotional problems","Yes","Female","Sex","1,444",21.5,20,23,"1","%","Crude Prevalence","","","BRFSS","CLASS05","TOPIC19",12,"SEX2","CAT2","QLACTLM2","RESP046","    (28.932040377, -81.928960539)"
2015,"GA","Georgia","Physical Activity","Physical Activity Index","Participated in enough Aerobic and Muscle Strengthening exercises to meet guidelines (variable calculated from one or more BRFSS questions)","Yes","Female","Sex","368",15.5,13.4,17.6,"1","%","Crude Prevalence","","","BRFSS","CLASS15","TOPIC45",13,"SEX2","CAT2","_PASTAE1","RESP046","    (32.839681093, -83.627580346)"
2015,"GA","Georgia","Physical Activity","Aerobic Activity","Participated in 150 minutes or more of Aerobic Physical Activity per week (variable calculated from one or more BRFSS questions)","Yes","Female","Sex","1,128",45.2,42.4,48,"1","%","Crude Prevalence","","","BRFSS","CLASS15","TOPIC01",13,"SEX2","CAT2","_PAINDX1","RESP046","    (32.839681093, -83.627580346)"
2015,"GA","Georgia","Physical Activity","Exercise","During the past month, did you participate in any physical activities? (variable calculated from one or more BRFSS questions)","Yes","Female","Sex","1,748",70.4,67.9,72.9,"1","%","Crude Prevalence","","","BRFSS","CLASS15","TOPIC23",13,"SEX2","CAT2","_TOTINDA","RESP046","    (32.839681093, -83.627580346)"
2015,"GA","Georgia","Physical Activity","Strength Activity","Participated in muscle strengthening exercises two or more times per week (variable calculated from one or more BRFSS questions).","Yes","Female","Sex","602",24.8,22.4,27.2,"1","%","Crude Prevalence","","","BRFSS","CLASS15","TOPIC56",13,"SEX2","CAT2","_PASTRNG","RESP046","    (32.839681093, -83.627580346)"
2015,"GA","Georgia","Demographics","Disability status","Adults who are limited in any activities because of physical, mental, or emotional problems","Yes","Female","Sex","731",20.5,18.6,22.5,"1","%","Crude Prevalence","","","BRFSS","CLASS05","TOPIC19",13,"SEX2","CAT2","QLACTLM2","RESP046","    (32.839681093, -83.627580346)"
2015,"GU","Guam","Demographics","Disability status","Adults who are limited in any activities because of physical, mental, or emotional problems","Yes","Female","Sex","140",14.8,11.6,18.1,"1","%","Crude Prevalence","","","BRFSS","CLASS05","TOPIC19",66,"SEX2","CAT2","QLACTLM2","RESP046","    (13.444304, 144.793731)"
2015,"GU","Guam","Physical Activity","Aerobic Activity","Participated in 150 minutes or more of Aerobic Physical Activity per week (variable calculated from one or more BRFSS questions)","Yes","Female","Sex","359",44.4,39.2,49.7,"1","%","Crude Prevalence","","","BRFSS","CLASS15","TOPIC01",66,"SEX2","CAT2","_PAINDX1","RESP046","    (13.444304, 144.793731)"
2015,"GU","Guam","Physical Activity","Exercise","During the past month, did you participate in any physical activities? (variable calculated from one or more BRFSS questions)","Yes","Female","Sex","537",65.2,60.3,70.2,"1","%","Crude Prevalence","","","BRFSS","CLASS15","TOPIC23",66,"SEX2","CAT2","_TOTINDA","RESP046","    (13.444304, 144.793731)"
2015,"GU","Guam","Physical Activity","Physical Activity Index","Participated in enough Aerobic and Muscle Strengthening exercises to meet guidelines (variable calculated from one or more BRFSS questions)","Yes","Female","Sex","137",16,12.3,19.6,"1","%","Crude Prevalence","","","BRFSS","CLASS15","TOPIC45",66,"SEX2","CAT2","_PASTAE1","RESP046","    (13.444304, 144.793731)"
2015,"GU","Guam","Physical Activity","Strength Activity","Participated in muscle strengthening exercises two or more times per week (variable calculated from one or more BRFSS questions).","Yes","Female","Sex","195",22.5,18.5,26.5,"1","%","Crude Prevalence","","","BRFSS","CLASS15","TOPIC56",66,"SEX2","CAT2","_PASTRNG","RESP046","    (13.444304, 144.793731)"
2015,"HI","Hawaii","Physical Activity","Strength Activity","Participated in muscle strengthening exercises two or more times per week (variable calculated from one or more BRFSS questions).","Yes","Female","Sex","1,001",28.5,26.3,30.6,"1","%","Crude Prevalence","","","BRFSS","CLASS15","TOPIC56",15,"SEX2","CAT2","_PASTRNG","RESP046","    (21.304850435, -157.857749403)"
2015,"HI","Hawaii","Physical Activity","Physical Activity Index","Participated in enough Aerobic and Muscle Strengthening exercises to meet guidelines (variable calculated from one or more BRFSS questions)","Yes","Female","Sex","740",21,19.1,23,"1","%","Crude Prevalence","","","BRFSS","CLASS15","TOPIC45",15,"SEX2","CAT2","_PASTAE1","RESP046","    (21.304850435, -157.857749403)"
2015,"HI","Hawaii","Demographics","Disability status","Adults who are limited in any activities because of physical, mental, or emotional problems","Yes","Female","Sex","734",15.9,14.4,17.5,"1","%","Crude Prevalence","","","BRFSS","CLASS05","TOPIC19",15,"SEX2","CAT2","QLACTLM2","RESP046","    (21.304850435, -157.857749403)"
2015,"HI","Hawaii","Physical Activity","Aerobic Activity","Participated in 150 minutes or more of Aerobic Physical Activity per week (variable calculated from one or more BRFSS questions)","Yes","Female","Sex","1,987",54.6,52.3,57,"1","%","Crude Prevalence","","","BRFSS","CLASS15","TOPIC01",15,"SEX2","CAT2","_PAINDX1","RESP046","    (21.304850435, -157.857749403)"
2015,"HI","Hawaii","Physical Activity","Exercise","During the past month, did you participate in any physical activities? (variable calculated from one or more BRFSS questions)","Yes","Female","Sex","2,649",74.5,72.3,76.6,"1","%","Crude Prevalence","","","BRFSS","CLASS15","TOPIC23",15,"SEX2","CAT2","_TOTINDA","RESP046","    (21.304850435, -157.857749403)"
2015,"IA","Iowa","Demographics","Disability status","Adults who are limited in any activities because of physical, mental, or emotional problems","Yes","Female","Sex","803",18.9,17.3,20.5,"1","%","Crude Prevalence","","","BRFSS","CLASS05","TOPIC19",19,"SEX2","CAT2","QLACTLM2","RESP046","    (42.469400913, -93.816490556)"
2015,"IA","Iowa","Physical Activity","Physical Activity Index","Participated in enough Aerobic and Muscle Strengthening exercises to meet guidelines (variable calculated from one or more BRFSS questions)","Yes","Female","Sex","564",19.4,17.5,21.3,"1","%","Crude Prevalence","","","BRFSS","CLASS15","TOPIC45",19,"SEX2","CAT2","_PASTAE1","RESP046","    (42.469400913, -93.816490556)"
2015,"IA","Iowa","Physical Activity","Strength Activity","Participated in muscle strengthening exercises two or more times per week (variable calculated from one or more BRFSS questions).","Yes","Female","Sex","826",28.3,26.1,30.5,"1","%","Crude Prevalence","","","BRFSS","CLASS15","TOPIC56",19,"SEX2","CAT2","_PASTRNG","RESP046","    (42.469400913, -93.816490556)"
2015,"IA","Iowa","Physical Activity","Aerobic Activity","Participated in 150 minutes or more of Aerobic Physical Activity per week (variable calculated from one or more BRFSS questions)","Yes","Female","Sex","1,588",49.5,47.1,51.9,"1","%","Crude Prevalence","","","BRFSS","CLASS15","TOPIC01",19,"SEX2","CAT2","_PAINDX1","RESP046","    (42.469400913, -93.816490556)"
2015,"IA","Iowa","Physical Activity","Exercise","During the past month, did you participate in any physical activities? (variable calculated from one or more BRFSS questions)","Yes","Female","Sex","2,375",74.4,72.4,76.4,"1","%","Crude Prevalence","","","BRFSS","CLASS15","TOPIC23",19,"SEX2","CAT2","_TOTINDA","RESP046","    (42.469400913, -93.816490556)"
2015,"ID","Idaho","Physical Activity","Exercise","During the past month, did you participate in any physical activities? (variable calculated from one or more BRFSS questions)","Yes","Female","Sex","2,360",79.4,77.3,81.5,"1","%","Crude Prevalence","","","BRFSS","CLASS15","TOPIC23",16,"SEX2","CAT2","_TOTINDA","RESP046","    (43.682630005, -114.363730042)"
2015,"ID","Idaho","Physical Activity","Physical Activity Index","Participated in enough Aerobic and Muscle Strengthening exercises to meet guidelines (variable calculated from one or more BRFSS questions)","Yes","Female","Sex","574",21.2,19,23.5,"1","%","Crude Prevalence","","","BRFSS","CLASS15","TOPIC45",16,"SEX2","CAT2","_PASTAE1","RESP046","    (43.682630005, -114.363730042)"
2015,"ID","Idaho","Physical Activity","Strength Activity","Participated in muscle strengthening exercises two or more times per week (variable calculated from one or more BRFSS questions).","Yes","Female","Sex","802",28.5,26,30.9,"1","%","Crude Prevalence","","","BRFSS","CLASS15","TOPIC56",16,"SEX2","CAT2","_PASTRNG","RESP046","    (43.682630005, -114.363730042)"
2015,"ID","Idaho","Physical Activity","Aerobic Activity","Participated in 150 minutes or more of Aerobic Physical Activity per week (variable calculated from one or more BRFSS questions)","Yes","Female","Sex","1,691",57.8,55.1,60.4,"1","%","Crude Prevalence","","","BRFSS","CLASS15","TOPIC01",16,"SEX2","CAT2","_PAINDX1","RESP046","    (43.682630005, -114.363730042)"
2015,"ID","Idaho","Demographics","Disability status","Adults who are limited in any activities because of physical, mental, or emotional problems","Yes","Female","Sex","931",24,21.9,26.1,"1","%","Crude Prevalence","","","BRFSS","CLASS05","TOPIC19",16,"SEX2","CAT2","QLACTLM2","RESP046","    (43.682630005, -114.363730042)"
2015,"IL","Illinois","Physical Activity","Physical Activity Index","Participated in enough Aerobic and Muscle Strengthening exercises to meet guidelines (variable calculated from one or more BRFSS questions)","Yes","Female","Sex","517",19,17.1,21,"1","%","Crude Prevalence","","","BRFSS","CLASS15","TOPIC45",17,"SEX2","CAT2","_PASTAE1","RESP046","    (40.485010283, -88.997710178)"
2015,"IL","Illinois","Physical Activity","Strength Activity","Participated in muscle strengthening exercises two or more times per week (variable calculated from one or more BRFSS questions).","Yes","Female","Sex","734",27.3,25.1,29.5,"1","%","Crude Prevalence","","","BRFSS","CLASS15","TOPIC56",17,"SEX2","CAT2","_PASTRNG","RESP046","    (40.485010283, -88.997710178)"
2015,"IL","Illinois","Physical Activity","Aerobic Activity","Participated in 150 minutes or more of Aerobic Physical Activity per week (variable calculated from one or more BRFSS questions)","Yes","Female","Sex","1,421",49.6,47.2,52.1,"1","%","Crude Prevalence","","","BRFSS","CLASS15","TOPIC01",17,"SEX2","CAT2","_PAINDX1","RESP046","    (40.485010283, -88.997710178)"
2015,"IL","Illinois","Physical Activity","Exercise","During the past month, did you participate in any physical activities? (variable calculated from one or more BRFSS questions)","Yes","Female","Sex","2,013",74.5,72.4,76.6,"1","%","Crude Prevalence","","","BRFSS","CLASS15","TOPIC23",17,"SEX2","CAT2","_TOTINDA","RESP046","    (40.485010283, -88.997710178)"
2015,"IL","Illinois","Demographics","Disability status","Adults who are limited in any activities because of physical, mental, or emotional problems","Yes","Female","Sex","672",19.2,17.4,21,"1","%","Crude Prevalence","","","BRFSS","CLASS05","TOPIC19",17,"SEX2","CAT2","QLACTLM2","RESP046","    (40.485010283, -88.997710178)"
2015,"IN","Indiana","Physical Activity","Strength Activity","Participated in muscle strengthening exercises two or more times per week (variable calculated from one or more BRFSS questions).","Yes","Female","Sex","686",23,20.7,25.4,"1","%","Crude Prevalence","","","BRFSS","CLASS15","TOPIC56",18,"SEX2","CAT2","_PASTRNG","RESP046","    (39.766910452, -86.149960194)"
2015,"IN","Indiana","Physical Activity","Aerobic Activity","Participated in 150 minutes or more of Aerobic Physical Activity per week (variable calculated from one or more BRFSS questions)","Yes","Female","Sex","1,422",44.4,41.7,47,"1","%","Crude Prevalence","","","BRFSS","CLASS15","TOPIC01",18,"SEX2","CAT2","_PAINDX1","RESP046","    (39.766910452, -86.149960194)"
2015,"IN","Indiana","Physical Activity","Exercise","During the past month, did you participate in any physical activities? (variable calculated from one or more BRFSS questions)","Yes","Female","Sex","2,198",69,66.6,71.4,"1","%","Crude Prevalence","","","BRFSS","CLASS15","TOPIC23",18,"SEX2","CAT2","_TOTINDA","RESP046","    (39.766910452, -86.149960194)"
2015,"IN","Indiana","Physical Activity","Physical Activity Index","Participated in enough Aerobic and Muscle Strengthening exercises to meet guidelines (variable calculated from one or more BRFSS questions)","Yes","Female","Sex","453",14.9,12.8,16.9,"1","%","Crude Prevalence","","","BRFSS","CLASS15","TOPIC45",18,"SEX2","CAT2","_PASTAE1","RESP046","    (39.766910452, -86.149960194)"
2015,"IN","Indiana","Demographics","Disability status","Adults who are limited in any activities because of physical, mental, or emotional problems","Yes","Female","Sex","869",21.1,19.1,23.1,"1","%","Crude Prevalence","","","BRFSS","CLASS05","TOPIC19",18,"SEX2","CAT2","QLACTLM2","RESP046","    (39.766910452, -86.149960194)"
2015,"KS","Kansas","Demographics","Disability status","Adults who are limited in any activities because of physical, mental, or emotional problems","Yes","Female","Sex","3,039",21.2,20.4,22.1,"1","%","Crude Prevalence","","","BRFSS","CLASS05","TOPIC19",20,"SEX2","CAT2","QLACTLM2","RESP046","    (38.3477403, -98.200781227)"
2015,"KS","Kansas","Physical Activity","Physical Activity Index","Participated in enough Aerobic and Muscle Strengthening exercises to meet guidelines (variable calculated from one or more BRFSS questions)","Yes","Female","Sex","1,902",17.5,16.6,18.4,"1","%","Crude Prevalence","","","BRFSS","CLASS15","TOPIC45",20,"SEX2","CAT2","_PASTAE1","RESP046","    (38.3477403, -98.200781227)"
2015,"KS","Kansas","Physical Activity","Strength Activity","Participated in muscle strengthening exercises two or more times per week (variable calculated from one or more BRFSS questions).","Yes","Female","Sex","2,832",25.6,24.6,26.7,"1","%","Crude Prevalence","","","BRFSS","CLASS15","TOPIC56",20,"SEX2","CAT2","_PASTRNG","RESP046","    (38.3477403, -98.200781227)"
2015,"KS","Kansas","Physical Activity","Aerobic Activity","Participated in 150 minutes or more of Aerobic Physical Activity per week (variable calculated from one or more BRFSS questions)","Yes","Female","Sex","5,566",49.3,48.1,50.5,"1","%","Crude Prevalence","","","BRFSS","CLASS15","TOPIC01",20,"SEX2","CAT2","_PAINDX1","RESP046","    (38.3477403, -98.200781227)"
2015,"KS","Kansas","Physical Activity","Exercise","During the past month, did you participate in any physical activities? (variable calculated from one or more BRFSS questions)","Yes","Female","Sex","8,388",72.9,71.9,73.9,"1","%","Crude Prevalence","","","BRFSS","CLASS15","TOPIC23",20,"SEX2","CAT2","_TOTINDA","RESP046","    (38.3477403, -98.200781227)"
2015,"KY","Kentucky","Demographics","Disability status","Adults who are limited in any activities because of physical, mental, or emotional problems","Yes","Female","Sex","1,691",28.2,26.2,30.3,"1","%","Crude Prevalence","","","BRFSS","CLASS05","TOPIC19",21,"SEX2","CAT2","QLACTLM2","RESP046","    (37.645970271, -84.774971048)"
2015,"KY","Kentucky","Physical Activity","Aerobic Activity","Participated in 150 minutes or more of Aerobic Physical Activity per week (variable calculated from one or more BRFSS questions)","Yes","Female","Sex","2,013",43.9,41.5,46.3,"1","%","Crude Prevalence","","","BRFSS","CLASS15","TOPIC01",21,"SEX2","CAT2","_PAINDX1","RESP046","    (37.645970271, -84.774971048)"
2015,"KY","Kentucky","Physical Activity","Exercise","During the past month, did you participate in any physical activities? (variable calculated from one or more BRFSS questions)","Yes","Female","Sex","3,253",67,64.9,69.1,"1","%","Crude Prevalence","","","BRFSS","CLASS15","TOPIC23",21,"SEX2","CAT2","_TOTINDA","RESP046","    (37.645970271, -84.774971048)"
2015,"KY","Kentucky","Physical Activity","Physical Activity Index","Participated in enough Aerobic and Muscle Strengthening exercises to meet guidelines (variable calculated from one or more BRFSS questions)","Yes","Female","Sex","608",15.5,13.7,17.4,"1","%","Crude Prevalence","","","BRFSS","CLASS15","TOPIC45",21,"SEX2","CAT2","_PASTAE1","RESP046","    (37.645970271, -84.774971048)"
2015,"KY","Kentucky","Physical Activity","Strength Activity","Participated in muscle strengthening exercises two or more times per week (variable calculated from one or more BRFSS questions).","Yes","Female","Sex","1,056",23.4,21.3,25.4,"1","%","Crude Prevalence","","","BRFSS","CLASS15","TOPIC56",21,"SEX2","CAT2","_PASTRNG","RESP046","    (37.645970271, -84.774971048)"
2015,"LA","Louisiana","Demographics","Disability status","Adults who are limited in any activities because of physical, mental, or emotional problems","Yes","Female","Sex","833",24.6,22.6,26.6,"1","%","Crude Prevalence","","","BRFSS","CLASS05","TOPIC19",22,"SEX2","CAT2","QLACTLM2","RESP046","    (31.312660644, -92.445680071)"
2015,"LA","Louisiana","Physical Activity","Aerobic Activity","Participated in 150 minutes or more of Aerobic Physical Activity per week (variable calculated from one or more BRFSS questions)","Yes","Female","Sex","1,053",42.6,40,45.2,"1","%","Crude Prevalence","","","BRFSS","CLASS15","TOPIC01",22,"SEX2","CAT2","_PAINDX1","RESP046","    (31.312660644, -92.445680071)"
2015,"LA","Louisiana","Physical Activity","Exercise","During the past month, did you participate in any physical activities? (variable calculated from one or more BRFSS questions)","Yes","Female","Sex","1,653",65.3,62.9,67.7,"1","%","Crude Prevalence","","","BRFSS","CLASS15","TOPIC23",22,"SEX2","CAT2","_TOTINDA","RESP046","    (31.312660644, -92.445680071)"
2015,"LA","Louisiana","Physical Activity","Physical Activity Index","Participated in enough Aerobic and Muscle Strengthening exercises to meet guidelines (variable calculated from one or more BRFSS questions)","Yes","Female","Sex","338",15,13,16.9,"1","%","Crude Prevalence","","","BRFSS","CLASS15","TOPIC45",22,"SEX2","CAT2","_PASTAE1","RESP046","    (31.312660644, -92.445680071)"
2015,"LA","Louisiana","Physical Activity","Strength Activity","Participated in muscle strengthening exercises two or more times per week (variable calculated from one or more BRFSS questions).","Yes","Female","Sex","521",21.4,19.3,23.6,"1","%","Crude Prevalence","","","BRFSS","CLASS15","TOPIC56",22,"SEX2","CAT2","_PASTRNG","RESP046","    (31.312660644, -92.445680071)"
2015,"MA","Massachusetts","Physical Activity","Physical Activity Index","Participated in enough Aerobic and Muscle Strengthening exercises to meet guidelines (variable calculated from one or more BRFSS questions)","Yes","Female","Sex","833",20.4,18.7,22,"1","%","Crude Prevalence","","","BRFSS","CLASS15","TOPIC45",25,"SEX2","CAT2","_PASTAE1","RESP046","    (42.27687047, -72.082690675)"
2015,"MA","Massachusetts","Physical Activity","Aerobic Activity","Participated in 150 minutes or more of Aerobic Physical Activity per week (variable calculated from one or more BRFSS questions)","Yes","Female","Sex","2,182",49.6,47.5,51.7,"1","%","Crude Prevalence","","","BRFSS","CLASS15","TOPIC01",25,"SEX2","CAT2","_PAINDX1","RESP046","    (42.27687047, -72.082690675)"
2015,"MA","Massachusetts","Physical Activity","Exercise","During the past month, did you participate in any physical activities? (variable calculated from one or more BRFSS questions)","Yes","Female","Sex","3,264",72,70.1,73.9,"1","%","Crude Prevalence","","","BRFSS","CLASS15","TOPIC23",25,"SEX2","CAT2","_TOTINDA","RESP046","    (42.27687047, -72.082690675)"
2015,"MA","Massachusetts","Physical Activity","Strength Activity","Participated in muscle strengthening exercises two or more times per week (variable calculated from one or more BRFSS questions).","Yes","Female","Sex","1,253",29.3,27.5,31.2,"1","%","Crude Prevalence","","","BRFSS","CLASS15","TOPIC56",25,"SEX2","CAT2","_PASTRNG","RESP046","    (42.27687047, -72.082690675)"
2015,"MA","Massachusetts","Demographics","Disability status","Adults who are limited in any activities because of physical, mental, or emotional problems","Yes","Female","Sex","1,181",20.3,18.7,21.8,"1","%","Crude Prevalence","","","BRFSS","CLASS05","TOPIC19",25,"SEX2","CAT2","QLACTLM2","RESP046","    (42.27687047, -72.082690675)"
2015,"MD","Maryland","Physical Activity","Strength Activity","Participated in muscle strengthening exercises two or more times per week (variable calculated from one or more BRFSS questions).","Yes","Female","Sex","1,657",26.2,23.9,28.6,"1","%","Crude Prevalence","","","BRFSS","CLASS15","TOPIC56",24,"SEX2","CAT2","_PASTRNG","RESP046","    (39.290580964, -76.609260111)"
2015,"MD","Maryland","Physical Activity","Physical Activity Index","Participated in enough Aerobic and Muscle Strengthening exercises to meet guidelines (variable calculated from one or more BRFSS questions)","Yes","Female","Sex","1,144",18.9,16.8,21,"1","%","Crude Prevalence","","","BRFSS","CLASS15","TOPIC45",24,"SEX2","CAT2","_PASTAE1","RESP046","    (39.290580964, -76.609260111)"
2015,"MD","Maryland","Physical Activity","Aerobic Activity","Participated in 150 minutes or more of Aerobic Physical Activity per week (variable calculated from one or more BRFSS questions)","Yes","Female","Sex","3,381",52,49.4,54.5,"1","%","Crude Prevalence","","","BRFSS","CLASS15","TOPIC01",24,"SEX2","CAT2","_PAINDX1","RESP046","    (39.290580964, -76.609260111)"
2015,"MD","Maryland","Physical Activity","Exercise","During the past month, did you participate in any physical activities? (variable calculated from one or more BRFSS questions)","Yes","Female","Sex","4,987",74,71.8,76.2,"1","%","Crude Prevalence","","","BRFSS","CLASS15","TOPIC23",24,"SEX2","CAT2","_TOTINDA","RESP046","    (39.290580964, -76.609260111)"
2015,"MD","Maryland","Demographics","Disability status","Adults who are limited in any activities because of physical, mental, or emotional problems","Yes","Female","Sex","1,769",18.7,16.8,20.5,"1","%","Crude Prevalence","","","BRFSS","CLASS05","TOPIC19",24,"SEX2","CAT2","QLACTLM2","RESP046","    (39.290580964, -76.609260111)"
2015,"ME","Maine","Physical Activity","Physical Activity Index","Participated in enough Aerobic and Muscle Strengthening exercises to meet guidelines (variable calculated from one or more BRFSS questions)","Yes","Female","Sex","926",18.2,16.6,19.8,"1","%","Crude Prevalence","","","BRFSS","CLASS15","TOPIC45",23,"SEX2","CAT2","_PASTAE1","RESP046","    (45.254228894001, -68.985031336)"
2015,"ME","Maine","Physical Activity","Strength Activity","Participated in muscle strengthening exercises two or more times per week (variable calculated from one or more BRFSS questions).","Yes","Female","Sex","1,316",26.4,24.5,28.2,"1","%","Crude Prevalence","","","BRFSS","CLASS15","TOPIC56",23,"SEX2","CAT2","_PASTRNG","RESP046","    (45.254228894001, -68.985031336)"
2015,"ME","Maine","Physical Activity","Exercise","During the past month, did you participate in any physical activities? (variable calculated from one or more BRFSS questions)","Yes","Female","Sex","3,774",76.1,74.5,77.8,"1","%","Crude Prevalence","","","BRFSS","CLASS15","TOPIC23",23,"SEX2","CAT2","_TOTINDA","RESP046","    (45.254228894001, -68.985031336)"
2015,"ME","Maine","Physical Activity","Aerobic Activity","Participated in 150 minutes or more of Aerobic Physical Activity per week (variable calculated from one or more BRFSS questions)","Yes","Female","Sex","2,673",54.5,52.4,56.6,"1","%","Crude Prevalence","","","BRFSS","CLASS15","TOPIC01",23,"SEX2","CAT2","_PAINDX1","RESP046","    (45.254228894001, -68.985031336)"
2015,"ME","Maine","Demographics","Disability status","Adults who are limited in any activities because of physical, mental, or emotional problems","Yes","Female","Sex","1,495",25,23.3,26.7,"1","%","Crude Prevalence","","","BRFSS","CLASS05","TOPIC19",23,"SEX2","CAT2","QLACTLM2","RESP046","    (45.254228894001, -68.985031336)"
2015,"MI","Michigan","Physical Activity","Aerobic Activity","Participated in 150 minutes or more of Aerobic Physical Activity per week (variable calculated from one or more BRFSS questions)","Yes","Female","Sex","2,432",51.1,49.3,52.9,"1","%","Crude Prevalence","","","BRFSS","CLASS15","TOPIC01",26,"SEX2","CAT2","_PAINDX1","RESP046","    (44.661319543001, -84.71439027)"
2015,"MI","Michigan","Physical Activity","Exercise","During the past month, did you participate in any physical activities? (variable calculated from one or more BRFSS questions)","Yes","Female","Sex","3,548",72.8,71.1,74.4,"1","%","Crude Prevalence","","","BRFSS","CLASS15","TOPIC23",26,"SEX2","CAT2","_TOTINDA","RESP046","    (44.661319543001, -84.71439027)"
2015,"MI","Michigan","Physical Activity","Physical Activity Index","Participated in enough Aerobic and Muscle Strengthening exercises to meet guidelines (variable calculated from one or more BRFSS questions)","Yes","Female","Sex","859",18.1,16.7,19.6,"1","%","Crude Prevalence","","","BRFSS","CLASS15","TOPIC45",26,"SEX2","CAT2","_PASTAE1","RESP046","    (44.661319543001, -84.71439027)"
2015,"MI","Michigan","Physical Activity","Strength Activity","Participated in muscle strengthening exercises two or more times per week (variable calculated from one or more BRFSS questions).","Yes","Female","Sex","1,225",25.9,24.3,27.5,"1","%","Crude Prevalence","","","BRFSS","CLASS15","TOPIC56",26,"SEX2","CAT2","_PASTRNG","RESP046","    (44.661319543001, -84.71439027)"
2015,"MI","Michigan","Demographics","Disability status","Adults who are limited in any activities because of physical, mental, or emotional problems","Yes","Female","Sex","1,298",24,22.5,25.4,"1","%","Crude Prevalence","","","BRFSS","CLASS05","TOPIC19",26,"SEX2","CAT2","QLACTLM2","RESP046","    (44.661319543001, -84.71439027)"
2015,"MN","Minnesota","Physical Activity","Aerobic Activity","Participated in 150 minutes or more of Aerobic Physical Activity per week (variable calculated from one or more BRFSS questions)","Yes","Female","Sex","4,699",55.5,54.1,56.8,"1","%","Crude Prevalence","","","BRFSS","CLASS15","TOPIC01",27,"SEX2","CAT2","_PAINDX1","RESP046","    (46.355648736, -94.794200503)"
2015,"MN","Minnesota","Physical Activity","Exercise","During the past month, did you participate in any physical activities? (variable calculated from one or more BRFSS questions)","Yes","Female","Sex","6,799",78.7,77.6,79.8,"1","%","Crude Prevalence","","","BRFSS","CLASS15","TOPIC23",27,"SEX2","CAT2","_TOTINDA","RESP046","    (46.355648736, -94.794200503)"
2015,"MN","Minnesota","Physical Activity","Physical Activity Index","Participated in enough Aerobic and Muscle Strengthening exercises to meet guidelines (variable calculated from one or more BRFSS questions)","Yes","Female","Sex","1,729",21.2,20.1,22.4,"1","%","Crude Prevalence","","","BRFSS","CLASS15","TOPIC45",27,"SEX2","CAT2","_PASTAE1","RESP046","    (46.355648736, -94.794200503)"
2015,"MN","Minnesota","Physical Activity","Strength Activity","Participated in muscle strengthening exercises two or more times per week (variable calculated from one or more BRFSS questions).","Yes","Female","Sex","2,486",29.9,28.6,31.1,"1","%","Crude Prevalence","","","BRFSS","CLASS15","TOPIC56",27,"SEX2","CAT2","_PASTRNG","RESP046","    (46.355648736, -94.794200503)"
2015,"MN","Minnesota","Demographics","Disability status","Adults who are limited in any activities because of physical, mental, or emotional problems","Yes","Female","Sex","1,963",18.4,17.4,19.3,"1","%","Crude Prevalence","","","BRFSS","CLASS05","TOPIC19",27,"SEX2","CAT2","QLACTLM2","RESP046","    (46.355648736, -94.794200503)"
2015,"MO","Missouri","Physical Activity","Aerobic Activity","Participated in 150 minutes or more of Aerobic Physical Activity per week (variable calculated from one or more BRFSS questions)","Yes","Female","Sex","1,862",50.4,48.1,52.7,"1","%","Crude Prevalence","","","BRFSS","CLASS15","TOPIC01",29,"SEX2","CAT2","_PAINDX1","RESP046","    (38.635790776, -92.566300053)"
2015,"MO","Missouri","Physical Activity","Exercise","During the past month, did you participate in any physical activities? (variable calculated from one or more BRFSS questions)","Yes","Female","Sex","2,778",72.8,70.9,74.8,"1","%","Crude Prevalence","","","BRFSS","CLASS15","TOPIC23",29,"SEX2","CAT2","_TOTINDA","RESP046","    (38.635790776, -92.566300053)"
2015,"MO","Missouri","Physical Activity","Physical Activity Index","Participated in enough Aerobic and Muscle Strengthening exercises to meet guidelines (variable calculated from one or more BRFSS questions)","Yes","Female","Sex","574",17.2,15.4,19,"1","%","Crude Prevalence","","","BRFSS","CLASS15","TOPIC45",29,"SEX2","CAT2","_PASTAE1","RESP046","    (38.635790776, -92.566300053)"
2015,"MO","Missouri","Physical Activity","Strength Activity","Participated in muscle strengthening exercises two or more times per week (variable calculated from one or more BRFSS questions).","Yes","Female","Sex","883",25.3,23.3,27.3,"1","%","Crude Prevalence","","","BRFSS","CLASS15","TOPIC56",29,"SEX2","CAT2","_PASTRNG","RESP046","    (38.635790776, -92.566300053)"
2015,"MO","Missouri","Demographics","Disability status","Adults who are limited in any activities because of physical, mental, or emotional problems","Yes","Female","Sex","1,270",26.7,24.7,28.7,"1","%","Crude Prevalence","","","BRFSS","CLASS05","TOPIC19",29,"SEX2","CAT2","QLACTLM2","RESP046","    (38.635790776, -92.566300053)"
2015,"MS","Mississippi","Physical Activity","Aerobic Activity","Participated in 150 minutes or more of Aerobic Physical Activity per week (variable calculated from one or more BRFSS questions)","Yes","Female","Sex","1,248",35.6,33.2,38,"1","%","Crude Prevalence","","","BRFSS","CLASS15","TOPIC01",28,"SEX2","CAT2","_PAINDX1","RESP046","    (32.745510099, -89.538030825)"
2015,"MS","Mississippi","Physical Activity","Exercise","During the past month, did you participate in any physical activities? (variable calculated from one or more BRFSS questions)","Yes","Female","Sex","2,176",60.7,58.4,63.1,"1","%","Crude Prevalence","","","BRFSS","CLASS15","TOPIC23",28,"SEX2","CAT2","_TOTINDA","RESP046","    (32.745510099, -89.538030825)"
2015,"MS","Mississippi","Physical Activity","Physical Activity Index","Participated in enough Aerobic and Muscle Strengthening exercises to meet guidelines (variable calculated from one or more BRFSS questions)","Yes","Female","Sex","350",11.7,10,13.5,"1","%","Crude Prevalence","","","BRFSS","CLASS15","TOPIC45",28,"SEX2","CAT2","_PASTAE1","RESP046","    (32.745510099, -89.538030825)"
2015,"MS","Mississippi","Physical Activity","Strength Activity","Participated in muscle strengthening exercises two or more times per week (variable calculated from one or more BRFSS questions).","Yes","Female","Sex","645",20.5,18.4,22.6,"1","%","Crude Prevalence","","","BRFSS","CLASS15","TOPIC56",28,"SEX2","CAT2","_PASTRNG","RESP046","    (32.745510099, -89.538030825)"
2015,"MS","Mississippi","Demographics","Disability status","Adults who are limited in any activities because of physical, mental, or emotional problems","Yes","Female","Sex","1,202",26.6,24.6,28.5,"1","%","Crude Prevalence","","","BRFSS","CLASS05","TOPIC19",28,"SEX2","CAT2","QLACTLM2","RESP046","    (32.745510099, -89.538030825)"
2015,"MT","Montana","Physical Activity","Exercise","During the past month, did you participate in any physical activities? (variable calculated from one or more BRFSS questions)","Yes","Female","Sex","2,399",77.6,75.5,79.7,"1","%","Crude Prevalence","","","BRFSS","CLASS15","TOPIC23",30,"SEX2","CAT2","_TOTINDA","RESP046","    (47.066528972, -109.424420645)"
2015,"MT","Montana","Physical Activity","Strength Activity","Participated in muscle strengthening exercises two or more times per week (variable calculated from one or more BRFSS questions).","Yes","Female","Sex","890",31.2,28.7,33.7,"1","%","Crude Prevalence","","","BRFSS","CLASS15","TOPIC56",30,"SEX2","CAT2","_PASTRNG","RESP046","    (47.066528972, -109.424420645)"
2015,"MT","Montana","Physical Activity","Physical Activity Index","Participated in enough Aerobic and Muscle Strengthening exercises to meet guidelines (variable calculated from one or more BRFSS questions)","Yes","Female","Sex","653",23.5,21.2,25.8,"1","%","Crude Prevalence","","","BRFSS","CLASS15","TOPIC45",30,"SEX2","CAT2","_PASTAE1","RESP046","    (47.066528972, -109.424420645)"
2015,"MT","Montana","Physical Activity","Aerobic Activity","Participated in 150 minutes or more of Aerobic Physical Activity per week (variable calculated from one or more BRFSS questions)","Yes","Female","Sex","1,746",57.7,55.1,60.4,"1","%","Crude Prevalence","","","BRFSS","CLASS15","TOPIC01",30,"SEX2","CAT2","_PAINDX1","RESP046","    (47.066528972, -109.424420645)"
2015,"MT","Montana","Demographics","Disability status","Adults who are limited in any activities because of physical, mental, or emotional problems","Yes","Female","Sex","917",25.1,22.9,27.3,"1","%","Crude Prevalence","","","BRFSS","CLASS05","TOPIC19",30,"SEX2","CAT2","QLACTLM2","RESP046","    (47.066528972, -109.424420645)"
2015,"NC","North Carolina","Physical Activity","Exercise","During the past month, did you participate in any physical activities? (variable calculated from one or more BRFSS questions)","Yes","Female","Sex","2,602",72.9,71.1,74.6,"1","%","Crude Prevalence","","","BRFSS","CLASS15","TOPIC23",37,"SEX2","CAT2","_TOTINDA","RESP046","    (35.466220975, -79.159250463)"
2015,"NC","North Carolina","Physical Activity","Physical Activity Index","Participated in enough Aerobic and Muscle Strengthening exercises to meet guidelines (variable calculated from one or more BRFSS questions)","Yes","Female","Sex","539",16,14.5,17.4,"1","%","Crude Prevalence","","","BRFSS","CLASS15","TOPIC45",37,"SEX2","CAT2","_PASTAE1","RESP046","    (35.466220975, -79.159250463)"
2015,"NC","North Carolina","Physical Activity","Strength Activity","Participated in muscle strengthening exercises two or more times per week (variable calculated from one or more BRFSS questions).","Yes","Female","Sex","826",24.2,22.4,25.9,"1","%","Crude Prevalence","","","BRFSS","CLASS15","TOPIC56",37,"SEX2","CAT2","_PASTRNG","RESP046","    (35.466220975, -79.159250463)"
2015,"NC","North Carolina","Physical Activity","Aerobic Activity","Participated in 150 minutes or more of Aerobic Physical Activity per week (variable calculated from one or more BRFSS questions)","Yes","Female","Sex","1,650",46.8,44.7,48.8,"1","%","Crude Prevalence","","","BRFSS","CLASS15","TOPIC01",37,"SEX2","CAT2","_PAINDX1","RESP046","    (35.466220975, -79.159250463)"
2015,"NC","North Carolina","Demographics","Disability status","Adults who are limited in any activities because of physical, mental, or emotional problems","Yes","Female","Sex","966",23.2,21.6,24.8,"1","%","Crude Prevalence","","","BRFSS","CLASS05","TOPIC19",37,"SEX2","CAT2","QLACTLM2","RESP046","    (35.466220975, -79.159250463)"
2015,"ND","North Dakota","Demographics","Disability status","Adults who are limited in any activities because of physical, mental, or emotional problems","Yes","Female","Sex","604",19,16.9,21,"1","%","Crude Prevalence","","","BRFSS","CLASS05","TOPIC19",38,"SEX2","CAT2","QLACTLM2","RESP046","    (47.475319779, -100.118421049)"
2015,"ND","North Dakota","Physical Activity","Aerobic Activity","Participated in 150 minutes or more of Aerobic Physical Activity per week (variable calculated from one or more BRFSS questions)","Yes","Female","Sex","1,236",48.9,46.1,51.6,"1","%","Crude Prevalence","","","BRFSS","CLASS15","TOPIC01",38,"SEX2","CAT2","_PAINDX1","RESP046","    (47.475319779, -100.118421049)"
2015,"ND","North Dakota","Physical Activity","Physical Activity Index","Participated in enough Aerobic and Muscle Strengthening exercises to meet guidelines (variable calculated from one or more BRFSS questions)","Yes","Female","Sex","373",17,14.8,19.2,"1","%","Crude Prevalence","","","BRFSS","CLASS15","TOPIC45",38,"SEX2","CAT2","_PASTAE1","RESP046","    (47.475319779, -100.118421049)"
2015,"ND","North Dakota","Physical Activity","Strength Activity","Participated in muscle strengthening exercises two or more times per week (variable calculated from one or more BRFSS questions).","Yes","Female","Sex","587",25.4,23,27.9,"1","%","Crude Prevalence","","","BRFSS","CLASS15","TOPIC56",38,"SEX2","CAT2","_PASTRNG","RESP046","    (47.475319779, -100.118421049)"
2015,"ND","North Dakota","Physical Activity","Exercise","During the past month, did you participate in any physical activities? (variable calculated from one or more BRFSS questions)","Yes","Female","Sex","1,862",74.6,72.4,76.9,"1","%","Crude Prevalence","","","BRFSS","CLASS15","TOPIC23",38,"SEX2","CAT2","_TOTINDA","RESP046","    (47.475319779, -100.118421049)"
2015,"NE","Nebraska","Physical Activity","Aerobic Activity","Participated in 150 minutes or more of Aerobic Physical Activity per week (variable calculated from one or more BRFSS questions)","Yes","Female","Sex","4,653",51.4,49.8,53.1,"1","%","Crude Prevalence","","","BRFSS","CLASS15","TOPIC01",31,"SEX2","CAT2","_PAINDX1","RESP046","    (41.641040988001, -99.365720623)"
2015,"NE","Nebraska","Physical Activity","Exercise","During the past month, did you participate in any physical activities? (variable calculated from one or more BRFSS questions)","Yes","Female","Sex","6,730",74.6,73.2,76,"1","%","Crude Prevalence","","","BRFSS","CLASS15","TOPIC23",31,"SEX2","CAT2","_TOTINDA","RESP046","    (41.641040988001, -99.365720623)"
2015,"NE","Nebraska","Physical Activity","Physical Activity Index","Participated in enough Aerobic and Muscle Strengthening exercises to meet guidelines (variable calculated from one or more BRFSS questions)","Yes","Female","Sex","1,511",20.3,18.8,21.7,"1","%","Crude Prevalence","","","BRFSS","CLASS15","TOPIC45",31,"SEX2","CAT2","_PASTAE1","RESP046","    (41.641040988001, -99.365720623)"
2015,"NE","Nebraska","Physical Activity","Strength Activity","Participated in muscle strengthening exercises two or more times per week (variable calculated from one or more BRFSS questions).","Yes","Female","Sex","2,167",27.7,26.2,29.3,"1","%","Crude Prevalence","","","BRFSS","CLASS15","TOPIC56",31,"SEX2","CAT2","_PASTRNG","RESP046","    (41.641040988001, -99.365720623)"
2015,"NE","Nebraska","Demographics","Disability status","Adults who are limited in any activities because of physical, mental, or emotional problems","Yes","Female","Sex","2,235",19.1,17.9,20.2,"1","%","Crude Prevalence","","","BRFSS","CLASS05","TOPIC19",31,"SEX2","CAT2","QLACTLM2","RESP046","    (41.641040988001, -99.365720623)"
2015,"NH","New Hampshire","Physical Activity","Aerobic Activity","Participated in 150 minutes or more of Aerobic Physical Activity per week (variable calculated from one or more BRFSS questions)","Yes","Female","Sex","2,058",57.4,55,59.8,"1","%","Crude Prevalence","","","BRFSS","CLASS15","TOPIC01",33,"SEX2","CAT2","_PAINDX1","RESP046","    (43.655950113, -71.50036092)"
2015,"NH","New Hampshire","Physical Activity","Exercise","During the past month, did you participate in any physical activities? (variable calculated from one or more BRFSS questions)","Yes","Female","Sex","2,827",77,75.2,78.9,"1","%","Crude Prevalence","","","BRFSS","CLASS15","TOPIC23",33,"SEX2","CAT2","_TOTINDA","RESP046","    (43.655950113, -71.50036092)"
2015,"NH","New Hampshire","Physical Activity","Physical Activity Index","Participated in enough Aerobic and Muscle Strengthening exercises to meet guidelines (variable calculated from one or more BRFSS questions)","Yes","Female","Sex","749",22.4,20.3,24.5,"1","%","Crude Prevalence","","","BRFSS","CLASS15","TOPIC45",33,"SEX2","CAT2","_PASTAE1","RESP046","    (43.655950113, -71.50036092)"
2015,"NH","New Hampshire","Physical Activity","Strength Activity","Participated in muscle strengthening exercises two or more times per week (variable calculated from one or more BRFSS questions).","Yes","Female","Sex","1,026",29.1,26.9,31.4,"1","%","Crude Prevalence","","","BRFSS","CLASS15","TOPIC56",33,"SEX2","CAT2","_PASTRNG","RESP046","    (43.655950113, -71.50036092)"
2015,"NH","New Hampshire","Demographics","Disability status","Adults who are limited in any activities because of physical, mental, or emotional problems","Yes","Female","Sex","1,031",21.3,19.6,23,"1","%","Crude Prevalence","","","BRFSS","CLASS05","TOPIC19",33,"SEX2","CAT2","QLACTLM2","RESP046","    (43.655950113, -71.50036092)"
2015,"NJ","New Jersey","Physical Activity","Physical Activity Index","Participated in enough Aerobic and Muscle Strengthening exercises to meet guidelines (variable calculated from one or more BRFSS questions)","Yes","Female","Sex","1,039",17.3,15.7,18.8,"1","%","Crude Prevalence","","","BRFSS","CLASS15","TOPIC45",34,"SEX2","CAT2","_PASTAE1","RESP046","    (40.130570048, -74.273691288)"
2015,"NJ","New Jersey","Physical Activity","Strength Activity","Participated in muscle strengthening exercises two or more times per week (variable calculated from one or more BRFSS questions).","Yes","Female","Sex","1,574",26.2,24.4,28.1,"1","%","Crude Prevalence","","","BRFSS","CLASS15","TOPIC56",34,"SEX2","CAT2","_PASTRNG","RESP046","    (40.130570048, -74.273691288)"
2015,"NJ","New Jersey","Physical Activity","Aerobic Activity","Participated in 150 minutes or more of Aerobic Physical Activity per week (variable calculated from one or more BRFSS questions)","Yes","Female","Sex","2,849",46.9,44.8,49,"1","%","Crude Prevalence","","","BRFSS","CLASS15","TOPIC01",34,"SEX2","CAT2","_PAINDX1","RESP046","    (40.130570048, -74.273691288)"
2015,"NJ","New Jersey","Physical Activity","Exercise","During the past month, did you participate in any physical activities? (variable calculated from one or more BRFSS questions)","Yes","Female","Sex","4,349",70.6,68.7,72.4,"1","%","Crude Prevalence","","","BRFSS","CLASS15","TOPIC23",34,"SEX2","CAT2","_TOTINDA","RESP046","    (40.130570048, -74.273691288)"
2015,"NJ","New Jersey","Demographics","Disability status","Adults who are limited in any activities because of physical, mental, or emotional problems","Yes","Female","Sex","1,460",18.4,17,19.8,"1","%","Crude Prevalence","","","BRFSS","CLASS05","TOPIC19",34,"SEX2","CAT2","QLACTLM2","RESP046","    (40.130570048, -74.273691288)"
2015,"NM","New Mexico","Physical Activity","Exercise","During the past month, did you participate in any physical activities? (variable calculated from one or more BRFSS questions)","Yes","Female","Sex","2,633",76.3,74.2,78.4,"1","%","Crude Prevalence","","","BRFSS","CLASS15","TOPIC23",35,"SEX2","CAT2","_TOTINDA","RESP046","    (34.520880952, -106.240580985)"
2015,"NM","New Mexico","Physical Activity","Physical Activity Index","Participated in enough Aerobic and Muscle Strengthening exercises to meet guidelines (variable calculated from one or more BRFSS questions)","Yes","Female","Sex","687",21,18.9,23.2,"1","%","Crude Prevalence","","","BRFSS","CLASS15","TOPIC45",35,"SEX2","CAT2","_PASTAE1","RESP046","    (34.520880952, -106.240580985)"
2015,"NM","New Mexico","Physical Activity","Strength Activity","Participated in muscle strengthening exercises two or more times per week (variable calculated from one or more BRFSS questions).","Yes","Female","Sex","968",29.3,26.9,31.6,"1","%","Crude Prevalence","","","BRFSS","CLASS15","TOPIC56",35,"SEX2","CAT2","_PASTRNG","RESP046","    (34.520880952, -106.240580985)"
2015,"NM","New Mexico","Demographics","Disability status","Adults who are limited in any activities because of physical, mental, or emotional problems","Yes","Female","Sex","1,062",23.1,21.1,25,"1","%","Crude Prevalence","","","BRFSS","CLASS05","TOPIC19",35,"SEX2","CAT2","QLACTLM2","RESP046","    (34.520880952, -106.240580985)"
2015,"NM","New Mexico","Physical Activity","Aerobic Activity","Participated in 150 minutes or more of Aerobic Physical Activity per week (variable calculated from one or more BRFSS questions)","Yes","Female","Sex","1,912",54.4,51.7,57,"1","%","Crude Prevalence","","","BRFSS","CLASS15","TOPIC01",35,"SEX2","CAT2","_PAINDX1","RESP046","    (34.520880952, -106.240580985)"
2015,"NV","Nevada","Physical Activity","Aerobic Activity","Participated in 150 minutes or more of Aerobic Physical Activity per week (variable calculated from one or more BRFSS questions)","Yes","Female","Sex","873",51.2,47.2,55.2,"1","%","Crude Prevalence","","","BRFSS","CLASS15","TOPIC01",32,"SEX2","CAT2","_PAINDX1","RESP046","    (39.49324039, -117.071840564)"
2015,"NV","Nevada","Physical Activity","Exercise","During the past month, did you participate in any physical activities? (variable calculated from one or more BRFSS questions)","Yes","Female","Sex","1,193",71.6,68,75.2,"1","%","Crude Prevalence","","","BRFSS","CLASS15","TOPIC23",32,"SEX2","CAT2","_TOTINDA","RESP046","    (39.49324039, -117.071840564)"
2015,"NV","Nevada","Physical Activity","Physical Activity Index","Participated in enough Aerobic and Muscle Strengthening exercises to meet guidelines (variable calculated from one or more BRFSS questions)","Yes","Female","Sex","313",19.4,16.2,22.6,"1","%","Crude Prevalence","","","BRFSS","CLASS15","TOPIC45",32,"SEX2","CAT2","_PASTAE1","RESP046","    (39.49324039, -117.071840564)"
2015,"NV","Nevada","Physical Activity","Strength Activity","Participated in muscle strengthening exercises two or more times per week (variable calculated from one or more BRFSS questions).","Yes","Female","Sex","428",27.1,23.5,30.7,"1","%","Crude Prevalence","","","BRFSS","CLASS15","TOPIC56",32,"SEX2","CAT2","_PASTRNG","RESP046","    (39.49324039, -117.071840564)"
2015,"NV","Nevada","Demographics","Disability status","Adults who are limited in any activities because of physical, mental, or emotional problems","Yes","Female","Sex","462",20.8,17.8,23.8,"1","%","Crude Prevalence","","","BRFSS","CLASS05","TOPIC19",32,"SEX2","CAT2","QLACTLM2","RESP046","    (39.49324039, -117.071840564)"
2015,"NY","New York","Physical Activity","Physical Activity Index","Participated in enough Aerobic and Muscle Strengthening exercises to meet guidelines (variable calculated from one or more BRFSS questions)","Yes","Female","Sex","1,008",17.2,15.7,18.6,"1","%","Crude Prevalence","","","BRFSS","CLASS15","TOPIC45",36,"SEX2","CAT2","_PASTAE1","RESP046","    (42.827001032, -75.543970427)"
2015,"NY","New York","Physical Activity","Exercise","During the past month, did you participate in any physical activities? (variable calculated from one or more BRFSS questions)","Yes","Female","Sex","4,409",68.3,66.8,69.9,"1","%","Crude Prevalence","","","BRFSS","CLASS15","TOPIC23",36,"SEX2","CAT2","_TOTINDA","RESP046","    (42.827001032, -75.543970427)"
2015,"NY","New York","Physical Activity","Aerobic Activity","Participated in 150 minutes or more of Aerobic Physical Activity per week (variable calculated from one or more BRFSS questions)","Yes","Female","Sex","2,905",45.8,44,47.5,"1","%","Crude Prevalence","","","BRFSS","CLASS15","TOPIC01",36,"SEX2","CAT2","_PAINDX1","RESP046","    (42.827001032, -75.543970427)"
2015,"NY","New York","Physical Activity","Strength Activity","Participated in muscle strengthening exercises two or more times per week (variable calculated from one or more BRFSS questions).","Yes","Female","Sex","1,554",25.1,23.6,26.7,"1","%","Crude Prevalence","","","BRFSS","CLASS15","TOPIC56",36,"SEX2","CAT2","_PASTRNG","RESP046","    (42.827001032, -75.543970427)"
2015,"NY","New York","Demographics","Disability status","Adults who are limited in any activities because of physical, mental, or emotional problems","Yes","Female","Sex","1,645",19.4,18.2,20.7,"1","%","Crude Prevalence","","","BRFSS","CLASS05","TOPIC19",36,"SEX2","CAT2","QLACTLM2","RESP046","    (42.827001032, -75.543970427)"
2015,"OH","Ohio","Demographics","Disability status","Adults who are limited in any activities because of physical, mental, or emotional problems","Yes","Female","Sex","1,904",22.1,20.4,23.7,"1","%","Crude Prevalence","","","BRFSS","CLASS05","TOPIC19",39,"SEX2","CAT2","QLACTLM2","RESP046","    (40.060210141, -82.404260056)"
2015,"OH","Ohio","Physical Activity","Strength Activity","Participated in muscle strengthening exercises two or more times per week (variable calculated from one or more BRFSS questions).","Yes","Female","Sex","1,448",25.2,23.4,27.1,"1","%","Crude Prevalence","","","BRFSS","CLASS15","TOPIC56",39,"SEX2","CAT2","_PASTRNG","RESP046","    (40.060210141, -82.404260056)"
2015,"OH","Ohio","Physical Activity","Aerobic Activity","Participated in 150 minutes or more of Aerobic Physical Activity per week (variable calculated from one or more BRFSS questions)","Yes","Female","Sex","3,020",49.5,47.4,51.7,"1","%","Crude Prevalence","","","BRFSS","CLASS15","TOPIC01",39,"SEX2","CAT2","_PAINDX1","RESP046","    (40.060210141, -82.404260056)"
2015,"OH","Ohio","Physical Activity","Exercise","During the past month, did you participate in any physical activities? (variable calculated from one or more BRFSS questions)","Yes","Female","Sex","4,476",71.9,70.1,73.7,"1","%","Crude Prevalence","","","BRFSS","CLASS15","TOPIC23",39,"SEX2","CAT2","_TOTINDA","RESP046","    (40.060210141, -82.404260056)"
2015,"OH","Ohio","Physical Activity","Physical Activity Index","Participated in enough Aerobic and Muscle Strengthening exercises to meet guidelines (variable calculated from one or more BRFSS questions)","Yes","Female","Sex","945",18,16.3,19.7,"1","%","Crude Prevalence","","","BRFSS","CLASS15","TOPIC45",39,"SEX2","CAT2","_PASTAE1","RESP046","    (40.060210141, -82.404260056)"
2015,"OK","Oklahoma","Physical Activity","Physical Activity Index","Participated in enough Aerobic and Muscle Strengthening exercises to meet guidelines (variable calculated from one or more BRFSS questions)","Yes","Female","Sex","498",14.1,12.4,15.8,"1","%","Crude Prevalence","","","BRFSS","CLASS15","TOPIC45",40,"SEX2","CAT2","_PASTAE1","RESP046","    (35.472031356, -97.521070214)"
2015,"OK","Oklahoma","Physical Activity","Strength Activity","Participated in muscle strengthening exercises two or more times per week (variable calculated from one or more BRFSS questions).","Yes","Female","Sex","777",21,19.1,22.9,"1","%","Crude Prevalence","","","BRFSS","CLASS15","TOPIC56",40,"SEX2","CAT2","_PASTRNG","RESP046","    (35.472031356, -97.521070214)"
2015,"OK","Oklahoma","Physical Activity","Aerobic Activity","Participated in 150 minutes or more of Aerobic Physical Activity per week (variable calculated from one or more BRFSS questions)","Yes","Female","Sex","1,767",47,44.7,49.4,"1","%","Crude Prevalence","","","BRFSS","CLASS15","TOPIC01",40,"SEX2","CAT2","_PAINDX1","RESP046","    (35.472031356, -97.521070214)"
2015,"OK","Oklahoma","Physical Activity","Exercise","During the past month, did you participate in any physical activities? (variable calculated from one or more BRFSS questions)","Yes","Female","Sex","2,556",66.9,64.7,69,"1","%","Crude Prevalence","","","BRFSS","CLASS15","TOPIC23",40,"SEX2","CAT2","_TOTINDA","RESP046","    (35.472031356, -97.521070214)"
2015,"OK","Oklahoma","Demographics","Disability status","Adults who are limited in any activities because of physical, mental, or emotional problems","Yes","Female","Sex","1,324",27.1,25.3,29,"1","%","Crude Prevalence","","","BRFSS","CLASS05","TOPIC19",40,"SEX2","CAT2","QLACTLM2","RESP046","    (35.472031356, -97.521070214)"
2015,"OR","Oregon","Physical Activity","Aerobic Activity","Participated in 150 minutes or more of Aerobic Physical Activity per week (variable calculated from one or more BRFSS questions)","Yes","Female","Sex","1,647",60.9,58.3,63.4,"1","%","Crude Prevalence","","","BRFSS","CLASS15","TOPIC01",41,"SEX2","CAT2","_PAINDX1","RESP046","    (44.567449424, -120.155031326)"
2015,"OR","Oregon","Physical Activity","Exercise","During the past month, did you participate in any physical activities? (variable calculated from one or more BRFSS questions)","Yes","Female","Sex","2,220",81.7,79.7,83.7,"1","%","Crude Prevalence","","","BRFSS","CLASS15","TOPIC23",41,"SEX2","CAT2","_TOTINDA","RESP046","    (44.567449424, -120.155031326)"
2015,"OR","Oregon","Physical Activity","Strength Activity","Participated in muscle strengthening exercises two or more times per week (variable calculated from one or more BRFSS questions).","Yes","Female","Sex","782",28.8,26.5,31,"1","%","Crude Prevalence","","","BRFSS","CLASS15","TOPIC56",41,"SEX2","CAT2","_PASTRNG","RESP046","    (44.567449424, -120.155031326)"
2015,"OR","Oregon","Physical Activity","Physical Activity Index","Participated in enough Aerobic and Muscle Strengthening exercises to meet guidelines (variable calculated from one or more BRFSS questions)","Yes","Female","Sex","572",21.3,19.2,23.3,"1","%","Crude Prevalence","","","BRFSS","CLASS15","TOPIC45",41,"SEX2","CAT2","_PASTAE1","RESP046","    (44.567449424, -120.155031326)"
2015,"OR","Oregon","Demographics","Disability status","Adults who are limited in any activities because of physical, mental, or emotional problems","Yes","Female","Sex","892",27.3,25.3,29.4,"1","%","Crude Prevalence","","","BRFSS","CLASS05","TOPIC19",41,"SEX2","CAT2","QLACTLM2","RESP046","    (44.567449424, -120.155031326)"
2015,"PA","Pennsylvania","Demographics","Disability status","Adults who are limited in any activities because of physical, mental, or emotional problems","Yes","Female","Sex","744",21.1,19.2,22.9,"1","%","Crude Prevalence","","","BRFSS","CLASS05","TOPIC19",42,"SEX2","CAT2","QLACTLM2","RESP046","    (40.793730152, -77.860700294)"
2015,"PA","Pennsylvania","Physical Activity","Aerobic Activity","Participated in 150 minutes or more of Aerobic Physical Activity per week (variable calculated from one or more BRFSS questions)","Yes","Female","Sex","1,426",47.6,45.1,50.2,"1","%","Crude Prevalence","","","BRFSS","CLASS15","TOPIC01",42,"SEX2","CAT2","_PAINDX1","RESP046","    (40.793730152, -77.860700294)"
2015,"PA","Pennsylvania","Physical Activity","Exercise","During the past month, did you participate in any physical activities? (variable calculated from one or more BRFSS questions)","Yes","Female","Sex","2,093",70.4,68.2,72.7,"1","%","Crude Prevalence","","","BRFSS","CLASS15","TOPIC23",42,"SEX2","CAT2","_TOTINDA","RESP046","    (40.793730152, -77.860700294)"
2015,"PA","Pennsylvania","Physical Activity","Physical Activity Index","Participated in enough Aerobic and Muscle Strengthening exercises to meet guidelines (variable calculated from one or more BRFSS questions)","Yes","Female","Sex","480",16,14.2,17.8,"1","%","Crude Prevalence","","","BRFSS","CLASS15","TOPIC45",42,"SEX2","CAT2","_PASTAE1","RESP046","    (40.793730152, -77.860700294)"
2015,"PA","Pennsylvania","Physical Activity","Strength Activity","Participated in muscle strengthening exercises two or more times per week (variable calculated from one or more BRFSS questions).","Yes","Female","Sex","695",24.1,21.9,26.3,"1","%","Crude Prevalence","","","BRFSS","CLASS15","TOPIC56",42,"SEX2","CAT2","_PASTRNG","RESP046","    (40.793730152, -77.860700294)"
2015,"PR","Puerto Rico","Demographics","Disability status","Adults who are limited in any activities because of physical, mental, or emotional problems","Yes","Female","Sex","718",18,16.6,19.5,"1","%","Crude Prevalence","","","BRFSS","CLASS05","TOPIC19",72,"SEX2","CAT2","QLACTLM2","RESP046","    (18.220833, -66.590149)"
2015,"PR","Puerto Rico","Physical Activity","Physical Activity Index","Participated in enough Aerobic and Muscle Strengthening exercises to meet guidelines (variable calculated from one or more BRFSS questions)","Yes","Female","Sex","186",6.4,5.3,7.5,"1","%","Crude Prevalence","","","BRFSS","CLASS15","TOPIC45",72,"SEX2","CAT2","_PASTAE1","RESP046","    (18.220833, -66.590149)"
2015,"PR","Puerto Rico","Physical Activity","Aerobic Activity","Participated in 150 minutes or more of Aerobic Physical Activity per week (variable calculated from one or more BRFSS questions)","Yes","Female","Sex","988",30.6,28.7,32.5,"1","%","Crude Prevalence","","","BRFSS","CLASS15","TOPIC01",72,"SEX2","CAT2","_PAINDX1","RESP046","    (18.220833, -66.590149)"
2015,"PR","Puerto Rico","Physical Activity","Exercise","During the past month, did you participate in any physical activities? (variable calculated from one or more BRFSS questions)","Yes","Female","Sex","1,563",47.3,45.3,49.4,"1","%","Crude Prevalence","","","BRFSS","CLASS15","TOPIC23",72,"SEX2","CAT2","_TOTINDA","RESP046","    (18.220833, -66.590149)"
2015,"PR","Puerto Rico","Physical Activity","Strength Activity","Participated in muscle strengthening exercises two or more times per week (variable calculated from one or more BRFSS questions).","Yes","Female","Sex","236",7.9,6.7,9.1,"1","%","Crude Prevalence","","","BRFSS","CLASS15","TOPIC56",72,"SEX2","CAT2","_PASTRNG","RESP046","    (18.220833, -66.590149)"
2015,"RI","Rhode Island","Physical Activity","Aerobic Activity","Participated in 150 minutes or more of Aerobic Physical Activity per week (variable calculated from one or more BRFSS questions)","Yes","Female","Sex","1,565",48.7,46.1,51.4,"1","%","Crude Prevalence","","","BRFSS","CLASS15","TOPIC01",44,"SEX2","CAT2","_PAINDX1","RESP046","    (41.708280193, -71.522470314)"
2015,"RI","Rhode Island","Physical Activity","Exercise","During the past month, did you participate in any physical activities? (variable calculated from one or more BRFSS questions)","Yes","Female","Sex","2,319",70.4,68,72.8,"1","%","Crude Prevalence","","","BRFSS","CLASS15","TOPIC23",44,"SEX2","CAT2","_TOTINDA","RESP046","    (41.708280193, -71.522470314)"
2015,"RI","Rhode Island","Physical Activity","Physical Activity Index","Participated in enough Aerobic and Muscle Strengthening exercises to meet guidelines (variable calculated from one or more BRFSS questions)","Yes","Female","Sex","543",18.1,16.1,20.2,"1","%","Crude Prevalence","","","BRFSS","CLASS15","TOPIC45",44,"SEX2","CAT2","_PASTAE1","RESP046","    (41.708280193, -71.522470314)"
2015,"RI","Rhode Island","Physical Activity","Strength Activity","Participated in muscle strengthening exercises two or more times per week (variable calculated from one or more BRFSS questions).","Yes","Female","Sex","803",25.4,23.2,27.7,"1","%","Crude Prevalence","","","BRFSS","CLASS15","TOPIC56",44,"SEX2","CAT2","_PASTRNG","RESP046","    (41.708280193, -71.522470314)"
2015,"RI","Rhode Island","Demographics","Disability status","Adults who are limited in any activities because of physical, mental, or emotional problems","Yes","Female","Sex","875",18.8,17.2,20.5,"1","%","Crude Prevalence","","","BRFSS","CLASS05","TOPIC19",44,"SEX2","CAT2","QLACTLM2","RESP046","    (41.708280193, -71.522470314)"
2015,"SC","South Carolina","Demographics","Disability status","Adults who are limited in any activities because of physical, mental, or emotional problems","Yes","Female","Sex","1,818",24.1,22.6,25.5,"1","%","Crude Prevalence","","","BRFSS","CLASS05","TOPIC19",45,"SEX2","CAT2","QLACTLM2","RESP046","    (33.998821303, -81.045371207)"
2015,"SC","South Carolina","Physical Activity","Strength Activity","Participated in muscle strengthening exercises two or more times per week (variable calculated from one or more BRFSS questions).","Yes","Female","Sex","1,406",24.4,22.8,25.9,"1","%","Crude Prevalence","","","BRFSS","CLASS15","TOPIC56",45,"SEX2","CAT2","_PASTRNG","RESP046","    (33.998821303, -81.045371207)"
2015,"SC","South Carolina","Physical Activity","Aerobic Activity","Participated in 150 minutes or more of Aerobic Physical Activity per week (variable calculated from one or more BRFSS questions)","Yes","Female","Sex","2,911",48,46.3,49.8,"1","%","Crude Prevalence","","","BRFSS","CLASS15","TOPIC01",45,"SEX2","CAT2","_PAINDX1","RESP046","    (33.998821303, -81.045371207)"
2015,"SC","South Carolina","Physical Activity","Exercise","During the past month, did you participate in any physical activities? (variable calculated from one or more BRFSS questions)","Yes","Female","Sex","4,428",70.8,69.2,72.5,"1","%","Crude Prevalence","","","BRFSS","CLASS15","TOPIC23",45,"SEX2","CAT2","_TOTINDA","RESP046","    (33.998821303, -81.045371207)"
2015,"SC","South Carolina","Physical Activity","Physical Activity Index","Participated in enough Aerobic and Muscle Strengthening exercises to meet guidelines (variable calculated from one or more BRFSS questions)","Yes","Female","Sex","943",16.9,15.5,18.3,"1","%","Crude Prevalence","","","BRFSS","CLASS15","TOPIC45",45,"SEX2","CAT2","_PASTAE1","RESP046","    (33.998821303, -81.045371207)"
2015,"SD","South Dakota","Physical Activity","Physical Activity Index","Participated in enough Aerobic and Muscle Strengthening exercises to meet guidelines (variable calculated from one or more BRFSS questions)","Yes","Female","Sex","660",18.3,15.9,20.6,"1","%","Crude Prevalence","","","BRFSS","CLASS15","TOPIC45",46,"SEX2","CAT2","_PASTAE1","RESP046","    (44.353130053, -100.373530637)"
2015,"SD","South Dakota","Physical Activity","Strength Activity","Participated in muscle strengthening exercises two or more times per week (variable calculated from one or more BRFSS questions).","Yes","Female","Sex","942",25.2,22.6,27.7,"1","%","Crude Prevalence","","","BRFSS","CLASS15","TOPIC56",46,"SEX2","CAT2","_PASTRNG","RESP046","    (44.353130053, -100.373530637)"
2015,"SD","South Dakota","Physical Activity","Aerobic Activity","Participated in 150 minutes or more of Aerobic Physical Activity per week (variable calculated from one or more BRFSS questions)","Yes","Female","Sex","2,200",56.9,54,59.7,"1","%","Crude Prevalence","","","BRFSS","CLASS15","TOPIC01",46,"SEX2","CAT2","_PAINDX1","RESP046","    (44.353130053, -100.373530637)"
2015,"SD","South Dakota","Physical Activity","Exercise","During the past month, did you participate in any physical activities? (variable calculated from one or more BRFSS questions)","Yes","Female","Sex","3,108",79,76.8,81.2,"1","%","Crude Prevalence","","","BRFSS","CLASS15","TOPIC23",46,"SEX2","CAT2","_TOTINDA","RESP046","    (44.353130053, -100.373530637)"
2015,"SD","South Dakota","Demographics","Disability status","Adults who are limited in any activities because of physical, mental, or emotional problems","Yes","Female","Sex","1,066",21.4,19.4,23.5,"1","%","Crude Prevalence","","","BRFSS","CLASS05","TOPIC19",46,"SEX2","CAT2","QLACTLM2","RESP046","    (44.353130053, -100.373530637)"
2015,"TN","Tennessee","Demographics","Disability status","Adults who are limited in any activities because of physical, mental, or emotional problems","Yes","Female","Sex","1,139",25.8,23.7,27.9,"1","%","Crude Prevalence","","","BRFSS","CLASS05","TOPIC19",47,"SEX2","CAT2","QLACTLM2","RESP046","    (35.68094058, -85.774490914)"
2015,"TN","Tennessee","Physical Activity","Strength Activity","Participated in muscle strengthening exercises two or more times per week (variable calculated from one or more BRFSS questions).","Yes","Female","Sex","719",24.3,21.9,26.6,"1","%","Crude Prevalence","","","BRFSS","CLASS15","TOPIC56",47,"SEX2","CAT2","_PASTRNG","RESP046","    (35.68094058, -85.774490914)"
2015,"TN","Tennessee","Physical Activity","Physical Activity Index","Participated in enough Aerobic and Muscle Strengthening exercises to meet guidelines (variable calculated from one or more BRFSS questions)","Yes","Female","Sex","463",16.7,14.6,18.9,"1","%","Crude Prevalence","","","BRFSS","CLASS15","TOPIC45",47,"SEX2","CAT2","_PASTAE1","RESP046","    (35.68094058, -85.774490914)"
2015,"TN","Tennessee","Physical Activity","Aerobic Activity","Participated in 150 minutes or more of Aerobic Physical Activity per week (variable calculated from one or more BRFSS questions)","Yes","Female","Sex","1,422",44.6,41.9,47.4,"1","%","Crude Prevalence","","","BRFSS","CLASS15","TOPIC01",47,"SEX2","CAT2","_PAINDX1","RESP046","    (35.68094058, -85.774490914)"
2015,"TN","Tennessee","Physical Activity","Exercise","During the past month, did you participate in any physical activities? (variable calculated from one or more BRFSS questions)","Yes","Female","Sex","2,185",68.1,65.5,70.6,"1","%","Crude Prevalence","","","BRFSS","CLASS15","TOPIC23",47,"SEX2","CAT2","_TOTINDA","RESP046","    (35.68094058, -85.774490914)"
2015,"TX","Texas","Demographics","Disability status","Adults who are limited in any activities because of physical, mental, or emotional problems","Yes","Female","Sex","2,121",17.2,15.9,18.6,"1","%","Crude Prevalence","","","BRFSS","CLASS05","TOPIC19",48,"SEX2","CAT2","QLACTLM2","RESP046","    (31.827240407, -99.426770206)"
2015,"TX","Texas","Physical Activity","Aerobic Activity","Participated in 150 minutes or more of Aerobic Physical Activity per week (variable calculated from one or more BRFSS questions)","Yes","Female","Sex","3,397",43.8,41.5,46,"1","%","Crude Prevalence","","","BRFSS","CLASS15","TOPIC01",48,"SEX2","CAT2","_PAINDX1","RESP046","    (31.827240407, -99.426770206)"
2015,"TX","Texas","Physical Activity","Exercise","During the past month, did you participate in any physical activities? (variable calculated from one or more BRFSS questions)","Yes","Female","Sex","5,213",68.8,66.8,70.9,"1","%","Crude Prevalence","","","BRFSS","CLASS15","TOPIC23",48,"SEX2","CAT2","_TOTINDA","RESP046","    (31.827240407, -99.426770206)"
2015,"TX","Texas","Physical Activity","Physical Activity Index","Participated in enough Aerobic and Muscle Strengthening exercises to meet guidelines (variable calculated from one or more BRFSS questions)","Yes","Female","Sex","1,098",15.5,13.9,17.2,"1","%","Crude Prevalence","","","BRFSS","CLASS15","TOPIC45",48,"SEX2","CAT2","_PASTAE1","RESP046","    (31.827240407, -99.426770206)"
2015,"TX","Texas","Physical Activity","Strength Activity","Participated in muscle strengthening exercises two or more times per week (variable calculated from one or more BRFSS questions).","Yes","Female","Sex","1,708",23.6,21.7,25.5,"1","%","Crude Prevalence","","","BRFSS","CLASS15","TOPIC56",48,"SEX2","CAT2","_PASTRNG","RESP046","    (31.827240407, -99.426770206)"
2015,"UT","Utah","Physical Activity","Aerobic Activity","Participated in 150 minutes or more of Aerobic Physical Activity per week (variable calculated from one or more BRFSS questions)","Yes","Female","Sex","3,012",54.2,52.5,55.9,"1","%","Crude Prevalence","","","BRFSS","CLASS15","TOPIC01",49,"SEX2","CAT2","_PAINDX1","RESP046","    (39.360700171, -111.587130635)"
2015,"UT","Utah","Physical Activity","Exercise","During the past month, did you participate in any physical activities? (variable calculated from one or more BRFSS questions)","Yes","Female","Sex","4,416",79.1,77.8,80.5,"1","%","Crude Prevalence","","","BRFSS","CLASS15","TOPIC23",49,"SEX2","CAT2","_TOTINDA","RESP046","    (39.360700171, -111.587130635)"
2015,"UT","Utah","Physical Activity","Physical Activity Index","Participated in enough Aerobic and Muscle Strengthening exercises to meet guidelines (variable calculated from one or more BRFSS questions)","Yes","Female","Sex","1,148",22.7,21.2,24.2,"1","%","Crude Prevalence","","","BRFSS","CLASS15","TOPIC45",49,"SEX2","CAT2","_PASTAE1","RESP046","    (39.360700171, -111.587130635)"
2015,"UT","Utah","Physical Activity","Strength Activity","Participated in muscle strengthening exercises two or more times per week (variable calculated from one or more BRFSS questions).","Yes","Female","Sex","1,640",31.5,29.9,33.1,"1","%","Crude Prevalence","","","BRFSS","CLASS15","TOPIC56",49,"SEX2","CAT2","_PASTRNG","RESP046","    (39.360700171, -111.587130635)"
2015,"UT","Utah","Demographics","Disability status","Adults who are limited in any activities because of physical, mental, or emotional problems","Yes","Female","Sex","1,363",18.9,17.7,20.1,"1","%","Crude Prevalence","","","BRFSS","CLASS05","TOPIC19",49,"SEX2","CAT2","QLACTLM2","RESP046","    (39.360700171, -111.587130635)"
2015,"VA","Virginia","Physical Activity","Physical Activity Index","Participated in enough Aerobic and Muscle Strengthening exercises to meet guidelines (variable calculated from one or more BRFSS questions)","Yes","Female","Sex","875",20,18.3,21.6,"1","%","Crude Prevalence","","","BRFSS","CLASS15","TOPIC45",51,"SEX2","CAT2","_PASTAE1","RESP046","    (37.542680674, -78.457890463)"
2015,"VA","Virginia","Physical Activity","Strength Activity","Participated in muscle strengthening exercises two or more times per week (variable calculated from one or more BRFSS questions).","Yes","Female","Sex","1,303",28.5,26.6,30.3,"1","%","Crude Prevalence","","","BRFSS","CLASS15","TOPIC56",51,"SEX2","CAT2","_PASTRNG","RESP046","    (37.542680674, -78.457890463)"
2015,"VA","Virginia","Physical Activity","Aerobic Activity","Participated in 150 minutes or more of Aerobic Physical Activity per week (variable calculated from one or more BRFSS questions)","Yes","Female","Sex","2,261",48.8,46.7,50.9,"1","%","Crude Prevalence","","","BRFSS","CLASS15","TOPIC01",51,"SEX2","CAT2","_PAINDX1","RESP046","    (37.542680674, -78.457890463)"
2015,"VA","Virginia","Physical Activity","Exercise","During the past month, did you participate in any physical activities? (variable calculated from one or more BRFSS questions)","Yes","Female","Sex","3,487",74.1,72.3,76,"1","%","Crude Prevalence","","","BRFSS","CLASS15","TOPIC23",51,"SEX2","CAT2","_TOTINDA","RESP046","    (37.542680674, -78.457890463)"
2015,"VA","Virginia","Demographics","Disability status","Adults who are limited in any activities because of physical, mental, or emotional problems","Yes","Female","Sex","1,068",18.3,16.9,19.7,"1","%","Crude Prevalence","","","BRFSS","CLASS05","TOPIC19",51,"SEX2","CAT2","QLACTLM2","RESP046","    (37.542680674, -78.457890463)"
2015,"VT","Vermont","Demographics","Disability status","Adults who are limited in any activities because of physical, mental, or emotional problems","Yes","Female","Sex","844",21.3,19.6,23,"1","%","Crude Prevalence","","","BRFSS","CLASS05","TOPIC19",50,"SEX2","CAT2","QLACTLM2","RESP046","    (43.625381239, -72.517640791)"
2015,"VT","Vermont","Physical Activity","Aerobic Activity","Participated in 150 minutes or more of Aerobic Physical Activity per week (variable calculated from one or more BRFSS questions)","Yes","Female","Sex","1,957",58.6,56.3,60.9,"1","%","Crude Prevalence","","","BRFSS","CLASS15","TOPIC01",50,"SEX2","CAT2","_PAINDX1","RESP046","    (43.625381239, -72.517640791)"
2015,"VT","Vermont","Physical Activity","Exercise","During the past month, did you participate in any physical activities? (variable calculated from one or more BRFSS questions)","Yes","Female","Sex","2,683",77.8,75.9,79.7,"1","%","Crude Prevalence","","","BRFSS","CLASS15","TOPIC23",50,"SEX2","CAT2","_TOTINDA","RESP046","    (43.625381239, -72.517640791)"
2015,"VT","Vermont","Physical Activity","Physical Activity Index","Participated in enough Aerobic and Muscle Strengthening exercises to meet guidelines (variable calculated from one or more BRFSS questions)","Yes","Female","Sex","693",21.7,19.8,23.6,"1","%","Crude Prevalence","","","BRFSS","CLASS15","TOPIC45",50,"SEX2","CAT2","_PASTAE1","RESP046","    (43.625381239, -72.517640791)"
2015,"VT","Vermont","Physical Activity","Strength Activity","Participated in muscle strengthening exercises two or more times per week (variable calculated from one or more BRFSS questions).","Yes","Female","Sex","948",28.8,26.7,30.8,"1","%","Crude Prevalence","","","BRFSS","CLASS15","TOPIC56",50,"SEX2","CAT2","_PASTRNG","RESP046","    (43.625381239, -72.517640791)"
2015,"WA","Washington","Physical Activity","Exercise","During the past month, did you participate in any physical activities? (variable calculated from one or more BRFSS questions)","Yes","Female","Sex","6,815",80.4,79.2,81.6,"1","%","Crude Prevalence","","","BRFSS","CLASS15","TOPIC23",53,"SEX2","CAT2","_TOTINDA","RESP046","    (47.522278629, -120.47001079)"
2015,"WA","Washington","Physical Activity","Physical Activity Index","Participated in enough Aerobic and Muscle Strengthening exercises to meet guidelines (variable calculated from one or more BRFSS questions)","Yes","Female","Sex","1,715",21,19.8,22.3,"1","%","Crude Prevalence","","","BRFSS","CLASS15","TOPIC45",53,"SEX2","CAT2","_PASTAE1","RESP046","    (47.522278629, -120.47001079)"
2015,"WA","Washington","Physical Activity","Strength Activity","Participated in muscle strengthening exercises two or more times per week (variable calculated from one or more BRFSS questions).","Yes","Female","Sex","2,352",29.3,27.9,30.7,"1","%","Crude Prevalence","","","BRFSS","CLASS15","TOPIC56",53,"SEX2","CAT2","_PASTRNG","RESP046","    (47.522278629, -120.47001079)"
2015,"WA","Washington","Physical Activity","Aerobic Activity","Participated in 150 minutes or more of Aerobic Physical Activity per week (variable calculated from one or more BRFSS questions)","Yes","Female","Sex","4,956",58,56.4,59.6,"1","%","Crude Prevalence","","","BRFSS","CLASS15","TOPIC01",53,"SEX2","CAT2","_PAINDX1","RESP046","    (47.522278629, -120.47001079)"
2015,"WA","Washington","Demographics","Disability status","Adults who are limited in any activities because of physical, mental, or emotional problems","Yes","Female","Sex","2,741",25.6,24.3,26.8,"1","%","Crude Prevalence","","","BRFSS","CLASS05","TOPIC19",53,"SEX2","CAT2","QLACTLM2","RESP046","    (47.522278629, -120.47001079)"
2015,"WI","Wisconsin","Physical Activity","Physical Activity Index","Participated in enough Aerobic and Muscle Strengthening exercises to meet guidelines (variable calculated from one or more BRFSS questions)","Yes","Female","Sex","562",18.7,16.7,20.8,"1","%","Crude Prevalence","","","BRFSS","CLASS15","TOPIC45",55,"SEX2","CAT2","_PASTAE1","RESP046","    (44.393191174, -89.816370742)"
2015,"WI","Wisconsin","Physical Activity","Strength Activity","Participated in muscle strengthening exercises two or more times per week (variable calculated from one or more BRFSS questions).","Yes","Female","Sex","782",26.3,24,28.6,"1","%","Crude Prevalence","","","BRFSS","CLASS15","TOPIC56",55,"SEX2","CAT2","_PASTRNG","RESP046","    (44.393191174, -89.816370742)"
2015,"WI","Wisconsin","Physical Activity","Aerobic Activity","Participated in 150 minutes or more of Aerobic Physical Activity per week (variable calculated from one or more BRFSS questions)","Yes","Female","Sex","1,729",56.7,54.2,59.3,"1","%","Crude Prevalence","","","BRFSS","CLASS15","TOPIC01",55,"SEX2","CAT2","_PAINDX1","RESP046","    (44.393191174, -89.816370742)"
2015,"WI","Wisconsin","Physical Activity","Exercise","During the past month, did you participate in any physical activities? (variable calculated from one or more BRFSS questions)","Yes","Female","Sex","2,369",78.6,76.5,80.7,"1","%","Crude Prevalence","","","BRFSS","CLASS15","TOPIC23",55,"SEX2","CAT2","_TOTINDA","RESP046","    (44.393191174, -89.816370742)"
2015,"WI","Wisconsin","Demographics","Disability status","Adults who are limited in any activities because of physical, mental, or emotional problems","Yes","Female","Sex","844",20,18.2,21.9,"1","%","Crude Prevalence","","","BRFSS","CLASS05","TOPIC19",55,"SEX2","CAT2","QLACTLM2","RESP046","    (44.393191174, -89.816370742)"
2015,"WV","West Virginia","Physical Activity","Physical Activity Index","Participated in enough Aerobic and Muscle Strengthening exercises to meet guidelines (variable calculated from one or more BRFSS questions)","Yes","Female","Sex","371",12.9,11.4,14.4,"1","%","Crude Prevalence","","","BRFSS","CLASS15","TOPIC45",54,"SEX2","CAT2","_PASTAE1","RESP046","    (38.665510202, -80.712640135)"
2015,"WV","West Virginia","Physical Activity","Strength Activity","Participated in muscle strengthening exercises two or more times per week (variable calculated from one or more BRFSS questions).","Yes","Female","Sex","567",18.7,17.1,20.4,"1","%","Crude Prevalence","","","BRFSS","CLASS15","TOPIC56",54,"SEX2","CAT2","_PASTRNG","RESP046","    (38.665510202, -80.712640135)"
2015,"WV","West Virginia","Physical Activity","Aerobic Activity","Participated in 150 minutes or more of Aerobic Physical Activity per week (variable calculated from one or more BRFSS questions)","Yes","Female","Sex","1,410",46,43.9,48.1,"1","%","Crude Prevalence","","","BRFSS","CLASS15","TOPIC01",54,"SEX2","CAT2","_PAINDX1","RESP046","    (38.665510202, -80.712640135)"
2015,"WV","West Virginia","Physical Activity","Exercise","During the past month, did you participate in any physical activities? (variable calculated from one or more BRFSS questions)","Yes","Female","Sex","2,105",67,65,68.9,"1","%","Crude Prevalence","","","BRFSS","CLASS15","TOPIC23",54,"SEX2","CAT2","_TOTINDA","RESP046","    (38.665510202, -80.712640135)"
2015,"WV","West Virginia","Demographics","Disability status","Adults who are limited in any activities because of physical, mental, or emotional problems","Yes","Female","Sex","1,003",28.3,26.6,30.1,"1","%","Crude Prevalence","","","BRFSS","CLASS05","TOPIC19",54,"SEX2","CAT2","QLACTLM2","RESP046","    (38.665510202, -80.712640135)"
2015,"WY","Wyoming","Physical Activity","Physical Activity Index","Participated in enough Aerobic and Muscle Strengthening exercises to meet guidelines (variable calculated from one or more BRFSS questions)","Yes","Female","Sex","537",22.6,19.9,25.3,"1","%","Crude Prevalence","","","BRFSS","CLASS15","TOPIC45",56,"SEX2","CAT2","_PASTAE1","RESP046","    (43.235541343, -108.109830353)"
2015,"WY","Wyoming","Physical Activity","Strength Activity","Participated in muscle strengthening exercises two or more times per week (variable calculated from one or more BRFSS questions).","Yes","Female","Sex","749",29.9,27,32.8,"1","%","Crude Prevalence","","","BRFSS","CLASS15","TOPIC56",56,"SEX2","CAT2","_PASTRNG","RESP046","    (43.235541343, -108.109830353)"
2015,"WY","Wyoming","Physical Activity","Exercise","During the past month, did you participate in any physical activities? (variable calculated from one or more BRFSS questions)","Yes","Female","Sex","2,126",73.2,70.5,75.8,"1","%","Crude Prevalence","","","BRFSS","CLASS15","TOPIC23",56,"SEX2","CAT2","_TOTINDA","RESP046","    (43.235541343, -108.109830353)"
2015,"WY","Wyoming","Demographics","Disability status","Adults who are limited in any activities because of physical, mental, or emotional problems","Yes","Female","Sex","840",22.5,20.1,24.8,"1","%","Crude Prevalence","","","BRFSS","CLASS05","TOPIC19",56,"SEX2","CAT2","QLACTLM2","RESP046","    (43.235541343, -108.109830353)"
2015,"WY","Wyoming","Physical Activity","Aerobic Activity","Participated in 150 minutes or more of Aerobic Physical Activity per week (variable calculated from one or more BRFSS questions)","Yes","Female","Sex","1,560",53.4,50.4,56.4,"1","%","Crude Prevalence","","","BRFSS","CLASS15","TOPIC01",56,"SEX2","CAT2","_PAINDX1","RESP046","    (43.235541343, -108.109830353)"
2014,"AK","Alaska","Physical Activity","Exercise","During the past month, did you participate in any physical activities? (variable calculated from one or more BRFSS questions)","Yes","Female","Sex","1,948",79.7,77.3,82,"484","%","Crude Prevalence","","","BRFSS","CLASS15","Topic23",2,"SEX2","CAT2","_TOTINDA","RESP046","    (64.845079957001, -147.722059036)"
2014,"AK","Alaska","Demographics","Disability status","Adults who are limited in any activities because of physical, mental, or emotional problems","Yes","Female","Sex","560",20.5,18.3,22.7,"2,286","%","Crude Prevalence","","","BRFSS","CLASS05","Topic19",2,"SEX2","CAT2","QLACTLM2","RESP046","    (64.845079957001, -147.722059036)"
2014,"AL","Alabama","Physical Activity","Exercise","During the past month, did you participate in any physical activities? (variable calculated from one or more BRFSS questions)","Yes","Female","Sex","3,713",69.2,67.5,70.9,"485","%","Crude Prevalence","","","BRFSS","CLASS15","Topic23",1,"SEX2","CAT2","_TOTINDA","RESP046","    (32.840571122, -86.631860762)"
2014,"AL","Alabama","Demographics","Disability status","Adults who are limited in any activities because of physical, mental, or emotional problems","Yes","Female","Sex","1,937",29.6,28,31.3,"2,291","%","Crude Prevalence","","","BRFSS","CLASS05","Topic19",1,"SEX2","CAT2","QLACTLM2","RESP046","    (32.840571122, -86.631860762)"
2014,"AR","Arkansas","Physical Activity","Exercise","During the past month, did you participate in any physical activities? (variable calculated from one or more BRFSS questions)","Yes","Female","Sex","2,099",67.7,65.3,70,"484","%","Crude Prevalence","","","BRFSS","CLASS15","Topic23",5,"SEX2","CAT2","_TOTINDA","RESP046","    (34.748650124, -92.274490743)"
2014,"AR","Arkansas","Demographics","Disability status","Adults who are limited in any activities because of physical, mental, or emotional problems","Yes","Female","Sex","1,027",27,24.7,29.3,"2,290","%","Crude Prevalence","","","BRFSS","CLASS05","Topic19",5,"SEX2","CAT2","QLACTLM2","RESP046","    (34.748650124, -92.274490743)"
2014,"AZ","Arizona","Physical Activity","Exercise","During the past month, did you participate in any physical activities? (variable calculated from one or more BRFSS questions)","Yes","Female","Sex","6,711",76.8,75.3,78.3,"483","%","Crude Prevalence","","","BRFSS","CLASS15","Topic23",4,"SEX2","CAT2","_TOTINDA","RESP046","    (34.86597028, -111.763811277)"
2014,"AZ","Arizona","Demographics","Disability status","Adults who are limited in any activities because of physical, mental, or emotional problems","Yes","Female","Sex","2,351",22.6,21.1,24,"2,297","%","Crude Prevalence","","","BRFSS","CLASS05","Topic19",4,"SEX2","CAT2","QLACTLM2","RESP046","    (34.86597028, -111.763811277)"
2014,"CA","California","Physical Activity","Exercise","During the past month, did you participate in any physical activities? (variable calculated from one or more BRFSS questions)","Yes","Female","Sex","3,211",77,75.3,78.7,"484","%","Crude Prevalence","","","BRFSS","CLASS15","Topic23",6,"SEX2","CAT2","_TOTINDA","RESP046","    (37.638640123, -120.999999538)"
2014,"CA","California","Demographics","Disability status","Adults who are limited in any activities because of physical, mental, or emotional problems","Yes","Female","Sex","1,100",21.1,19.6,22.7,"2,297","%","Crude Prevalence","","","BRFSS","CLASS05","Topic19",6,"SEX2","CAT2","QLACTLM2","RESP046","    (37.638640123, -120.999999538)"
2014,"CO","Colorado","Physical Activity","Exercise","During the past month, did you participate in any physical activities? (variable calculated from one or more BRFSS questions)","Yes","Female","Sex","6,141",82,80.8,83.2,"485","%","Crude Prevalence","","","BRFSS","CLASS15","Topic23",8,"SEX2","CAT2","_TOTINDA","RESP046","    (38.843840757, -106.133610921)"
2014,"CO","Colorado","Demographics","Disability status","Adults who are limited in any activities because of physical, mental, or emotional problems","Yes","Female","Sex","1,831",21.3,20.1,22.5,"2,294","%","Crude Prevalence","","","BRFSS","CLASS05","Topic19",8,"SEX2","CAT2","QLACTLM2","RESP046","    (38.843840757, -106.133610921)"
2014,"CT","Connecticut","Physical Activity","Exercise","During the past month, did you participate in any physical activities? (variable calculated from one or more BRFSS questions)","Yes","Female","Sex","3,467",76.8,74.9,78.7,"484","%","Crude Prevalence","","","BRFSS","CLASS15","Topic23",9,"SEX2","CAT2","_TOTINDA","RESP046","    (41.56266102, -72.649840952)"
2014,"CT","Connecticut","Demographics","Disability status","Adults who are limited in any activities because of physical, mental, or emotional problems","Yes","Female","Sex","986",21,19.3,22.8,"2,284","%","Crude Prevalence","","","BRFSS","CLASS05","Topic19",9,"SEX2","CAT2","QLACTLM2","RESP046","    (41.56266102, -72.649840952)"
2014,"DC","District of Columbia","Physical Activity","Exercise","During the past month, did you participate in any physical activities? (variable calculated from one or more BRFSS questions)","Yes","Female","Sex","1,916",77,73.8,80.3,"478","%","Crude Prevalence","","","BRFSS","CLASS15","Topic23",11,"SEX2","CAT2","_TOTINDA","RESP046","    (38.890371385, -77.031961127)"
2014,"DC","District of Columbia","Demographics","Disability status","Adults who are limited in any activities because of physical, mental, or emotional problems","Yes","Female","Sex","538",15.9,13.6,18.2,"2,277","%","Crude Prevalence","","","BRFSS","CLASS05","Topic19",11,"SEX2","CAT2","QLACTLM2","RESP046","    (38.890371385, -77.031961127)"
2014,"DE","Delaware","Physical Activity","Exercise","During the past month, did you participate in any physical activities? (variable calculated from one or more BRFSS questions)","Yes","Female","Sex","1,815",73.1,70.7,75.5,"484","%","Crude Prevalence","","","BRFSS","CLASS15","Topic23",10,"SEX2","CAT2","_TOTINDA","RESP046","    (39.008830667, -75.577741168)"
2014,"DE","Delaware","Demographics","Disability status","Adults who are limited in any activities because of physical, mental, or emotional problems","Yes","Female","Sex","630",21.5,19.5,23.6,"2,287","%","Crude Prevalence","","","BRFSS","CLASS05","Topic19",10,"SEX2","CAT2","QLACTLM2","RESP046","    (39.008830667, -75.577741168)"
2014,"FL","Florida","Physical Activity","Exercise","During the past month, did you participate in any physical activities? (variable calculated from one or more BRFSS questions)","Yes","Female","Sex","4,329",73.4,71.8,75,"485","%","Crude Prevalence","","","BRFSS","CLASS15","Topic23",12,"SEX2","CAT2","_TOTINDA","RESP046","    (28.932040377, -81.928960539)"
2014,"FL","Florida","Demographics","Disability status","Adults who are limited in any activities because of physical, mental, or emotional problems","Yes","Female","Sex","1,502",22.8,21.4,24.3,"2,296","%","Crude Prevalence","","","BRFSS","CLASS05","Topic19",12,"SEX2","CAT2","QLACTLM2","RESP046","    (28.932040377, -81.928960539)"
2014,"GA","Georgia","Physical Activity","Exercise","During the past month, did you participate in any physical activities? (variable calculated from one or more BRFSS questions)","Yes","Female","Sex","2,817",74.2,72.3,76,"484","%","Crude Prevalence","","","BRFSS","CLASS15","Topic23",13,"SEX2","CAT2","_TOTINDA","RESP046","    (32.839681093, -83.627580346)"
2014,"GA","Georgia","Demographics","Disability status","Adults who are limited in any activities because of physical, mental, or emotional problems","Yes","Female","Sex","990",21.7,20,23.4,"2,291","%","Crude Prevalence","","","BRFSS","CLASS05","Topic19",13,"SEX2","CAT2","QLACTLM2","RESP046","    (32.839681093, -83.627580346)"
2014,"GU","Guam","Physical Activity","Exercise","During the past month, did you participate in any physical activities? (variable calculated from one or more BRFSS questions)","Yes","Female","Sex","1,004",68.8,65.4,72.2,"481","%","Crude Prevalence","","","BRFSS","CLASS15","Topic23",66,"SEX2","CAT2","_TOTINDA","RESP046","    (13.444304, 144.793731)"
2014,"GU","Guam","Demographics","Disability status","Adults who are limited in any activities because of physical, mental, or emotional problems","Yes","Female","Sex","190",13.2,10.5,15.8,"2,264","%","Crude Prevalence","","","BRFSS","CLASS05","Topic19",66,"SEX2","CAT2","QLACTLM2","RESP046","    (13.444304, 144.793731)"
2014,"HI","Hawaii","Physical Activity","Exercise","During the past month, did you participate in any physical activities? (variable calculated from one or more BRFSS questions)","Yes","Female","Sex","2,948",76.8,74.8,78.8,"485","%","Crude Prevalence","","","BRFSS","CLASS15","Topic23",15,"SEX2","CAT2","_TOTINDA","RESP046","    (21.304850435, -157.857749403)"
2014,"HI","Hawaii","Demographics","Disability status","Adults who are limited in any activities because of physical, mental, or emotional problems","Yes","Female","Sex","710",15.9,14.3,17.5,"2,295","%","Crude Prevalence","","","BRFSS","CLASS05","Topic19",15,"SEX2","CAT2","QLACTLM2","RESP046","    (21.304850435, -157.857749403)"
2014,"IA","Iowa","Physical Activity","Exercise","During the past month, did you participate in any physical activities? (variable calculated from one or more BRFSS questions)","Yes","Female","Sex","3,484",75.9,74.3,77.5,"484","%","Crude Prevalence","","","BRFSS","CLASS15","Topic23",19,"SEX2","CAT2","_TOTINDA","RESP046","    (42.469400913, -93.816490556)"
2014,"IA","Iowa","Demographics","Disability status","Adults who are limited in any activities because of physical, mental, or emotional problems","Yes","Female","Sex","1,112",20.7,19.2,22.1,"2,290","%","Crude Prevalence","","","BRFSS","CLASS05","Topic19",19,"SEX2","CAT2","QLACTLM2","RESP046","    (42.469400913, -93.816490556)"
2014,"ID","Idaho","Physical Activity","Exercise","During the past month, did you participate in any physical activities? (variable calculated from one or more BRFSS questions)","Yes","Female","Sex","2,530",81.4,79.4,83.3,"482","%","Crude Prevalence","","","BRFSS","CLASS15","Topic23",16,"SEX2","CAT2","_TOTINDA","RESP046","    (43.682630005, -114.363730042)"
2014,"ID","Idaho","Demographics","Disability status","Adults who are limited in any activities because of physical, mental, or emotional problems","Yes","Female","Sex","829",22,20,23.9,"2,278","%","Crude Prevalence","","","BRFSS","CLASS05","Topic19",16,"SEX2","CAT2","QLACTLM2","RESP046","    (43.682630005, -114.363730042)"
2014,"IL","Illinois","Physical Activity","Exercise","During the past month, did you participate in any physical activities? (variable calculated from one or more BRFSS questions)","Yes","Female","Sex","2,123",74.3,72.1,76.5,"483","%","Crude Prevalence","","","BRFSS","CLASS15","Topic23",17,"SEX2","CAT2","_TOTINDA","RESP046","    (40.485010283, -88.997710178)"
2014,"IL","Illinois","Demographics","Disability status","Adults who are limited in any activities because of physical, mental, or emotional problems","Yes","Female","Sex","614",18.3,16.5,20.1,"2,286","%","Crude Prevalence","","","BRFSS","CLASS05","Topic19",17,"SEX2","CAT2","QLACTLM2","RESP046","    (40.485010283, -88.997710178)"
2014,"IN","Indiana","Physical Activity","Exercise","During the past month, did you participate in any physical activities? (variable calculated from one or more BRFSS questions)","Yes","Female","Sex","4,784",71.9,70.4,73.4,"484","%","Crude Prevalence","","","BRFSS","CLASS15","Topic23",18,"SEX2","CAT2","_TOTINDA","RESP046","    (39.766910452, -86.149960194)"
2014,"IN","Indiana","Demographics","Disability status","Adults who are limited in any activities because of physical, mental, or emotional problems","Yes","Female","Sex","1,807",24,22.6,25.4,"2,292","%","Crude Prevalence","","","BRFSS","CLASS05","Topic19",18,"SEX2","CAT2","QLACTLM2","RESP046","    (39.766910452, -86.149960194)"
2014,"KS","Kansas","Physical Activity","Exercise","During the past month, did you participate in any physical activities? (variable calculated from one or more BRFSS questions)","Yes","Female","Sex","5,751",74.3,73.1,75.5,"485","%","Crude Prevalence","","","BRFSS","CLASS15","Topic23",20,"SEX2","CAT2","_TOTINDA","RESP046","    (38.3477403, -98.200781227)"
2014,"KS","Kansas","Demographics","Disability status","Adults who are limited in any activities because of physical, mental, or emotional problems","Yes","Female","Sex","1,940",22,20.9,23.1,"2,298","%","Crude Prevalence","","","BRFSS","CLASS05","Topic19",20,"SEX2","CAT2","QLACTLM2","RESP046","    (38.3477403, -98.200781227)"
2014,"KY","Kentucky","Physical Activity","Exercise","During the past month, did you participate in any physical activities? (variable calculated from one or more BRFSS questions)","Yes","Female","Sex","4,829",69.5,67.7,71.3,"485","%","Crude Prevalence","","","BRFSS","CLASS15","Topic23",21,"SEX2","CAT2","_TOTINDA","RESP046","    (37.645970271, -84.774971048)"
2014,"KY","Kentucky","Demographics","Disability status","Adults who are limited in any activities because of physical, mental, or emotional problems","Yes","Female","Sex","2,249",26.6,24.9,28.2,"2,293","%","Crude Prevalence","","","BRFSS","CLASS05","Topic19",21,"SEX2","CAT2","QLACTLM2","RESP046","    (37.645970271, -84.774971048)"
2014,"LA","Louisiana","Physical Activity","Exercise","During the past month, did you participate in any physical activities? (variable calculated from one or more BRFSS questions)","Yes","Female","Sex","2,745",67.3,65.5,69.1,"484","%","Crude Prevalence","","","BRFSS","CLASS15","Topic23",22,"SEX2","CAT2","_TOTINDA","RESP046","    (31.312660644, -92.445680071)"
2014,"LA","Louisiana","Demographics","Disability status","Adults who are limited in any activities because of physical, mental, or emotional problems","Yes","Female","Sex","1,126",23.9,22.4,25.5,"2,294","%","Crude Prevalence","","","BRFSS","CLASS05","Topic19",22,"SEX2","CAT2","QLACTLM2","RESP046","    (31.312660644, -92.445680071)"
2014,"MA","Massachusetts","Physical Activity","Exercise","During the past month, did you participate in any physical activities? (variable calculated from one or more BRFSS questions)","Yes","Female","Sex","7,136",78.1,76.7,79.5,"483","%","Crude Prevalence","","","BRFSS","CLASS15","Topic23",25,"SEX2","CAT2","_TOTINDA","RESP046","    (42.27687047, -72.082690675)"
2014,"MA","Massachusetts","Demographics","Disability status","Adults who are limited in any activities because of physical, mental, or emotional problems","Yes","Female","Sex","2,475",23.5,22.1,24.9,"2,298","%","Crude Prevalence","","","BRFSS","CLASS05","Topic19",25,"SEX2","CAT2","QLACTLM2","RESP046","    (42.27687047, -72.082690675)"
2014,"MD","Maryland","Physical Activity","Exercise","During the past month, did you participate in any physical activities? (variable calculated from one or more BRFSS questions)","Yes","Female","Sex","5,839",76.2,74.3,78,"485","%","Crude Prevalence","","","BRFSS","CLASS15","Topic23",24,"SEX2","CAT2","_TOTINDA","RESP046","    (39.290580964, -76.609260111)"
2014,"MD","Maryland","Demographics","Disability status","Adults who are limited in any activities because of physical, mental, or emotional problems","Yes","Female","Sex","1,768",18.9,17.4,20.4,"2,298","%","Crude Prevalence","","","BRFSS","CLASS05","Topic19",24,"SEX2","CAT2","QLACTLM2","RESP046","    (39.290580964, -76.609260111)"
2014,"ME","Maine","Physical Activity","Exercise","During the past month, did you participate in any physical activities? (variable calculated from one or more BRFSS questions)","Yes","Female","Sex","4,170",79.8,78.3,81.2,"480","%","Crude Prevalence","","","BRFSS","CLASS15","Topic23",23,"SEX2","CAT2","_TOTINDA","RESP046","    (45.254228894001, -68.985031336)"
2014,"ME","Maine","Demographics","Disability status","Adults who are limited in any activities because of physical, mental, or emotional problems","Yes","Female","Sex","1,448",24.7,23.1,26.2,"2,283","%","Crude Prevalence","","","BRFSS","CLASS05","Topic19",23,"SEX2","CAT2","QLACTLM2","RESP046","    (45.254228894001, -68.985031336)"
2014,"MI","Michigan","Physical Activity","Exercise","During the past month, did you participate in any physical activities? (variable calculated from one or more BRFSS questions)","Yes","Female","Sex","3,548",72.8,71.1,74.5,"485","%","Crude Prevalence","","","BRFSS","CLASS15","Topic23",26,"SEX2","CAT2","_TOTINDA","RESP046","    (44.661319543001, -84.71439027)"
2014,"MI","Michigan","Demographics","Disability status","Adults who are limited in any activities because of physical, mental, or emotional problems","Yes","Female","Sex","1,266",22.7,21.3,24.2,"2,299","%","Crude Prevalence","","","BRFSS","CLASS05","Topic19",26,"SEX2","CAT2","QLACTLM2","RESP046","    (44.661319543001, -84.71439027)"
2014,"MN","Minnesota","Physical Activity","Exercise","During the past month, did you participate in any physical activities? (variable calculated from one or more BRFSS questions)","Yes","Female","Sex","7,004",78.6,77.5,79.7,"485","%","Crude Prevalence","","","BRFSS","CLASS15","Topic23",27,"SEX2","CAT2","_TOTINDA","RESP046","    (46.355648736, -94.794200503)"
2014,"MN","Minnesota","Demographics","Disability status","Adults who are limited in any activities because of physical, mental, or emotional problems","Yes","Female","Sex","1,728",17.5,16.6,18.5,"2,300","%","Crude Prevalence","","","BRFSS","CLASS05","Topic19",27,"SEX2","CAT2","QLACTLM2","RESP046","    (46.355648736, -94.794200503)"
2014,"MO","Missouri","Physical Activity","Exercise","During the past month, did you participate in any physical activities? (variable calculated from one or more BRFSS questions)","Yes","Female","Sex","2,930",73.2,71.2,75.2,"485","%","Crude Prevalence","","","BRFSS","CLASS15","Topic23",29,"SEX2","CAT2","_TOTINDA","RESP046","    (38.635790776, -92.566300053)"
2014,"MO","Missouri","Demographics","Disability status","Adults who are limited in any activities because of physical, mental, or emotional problems","Yes","Female","Sex","1,325",25.4,23.5,27.3,"2,294","%","Crude Prevalence","","","BRFSS","CLASS05","Topic19",29,"SEX2","CAT2","QLACTLM2","RESP046","    (38.635790776, -92.566300053)"
2014,"MS","Mississippi","Physical Activity","Exercise","During the past month, did you participate in any physical activities? (variable calculated from one or more BRFSS questions)","Yes","Female","Sex","1,707",63.9,61.3,66.5,"482","%","Crude Prevalence","","","BRFSS","CLASS15","Topic23",28,"SEX2","CAT2","_TOTINDA","RESP046","    (32.745510099, -89.538030825)"
2014,"MS","Mississippi","Demographics","Disability status","Adults who are limited in any activities because of physical, mental, or emotional problems","Yes","Female","Sex","809",26.9,24.6,29.2,"2,272","%","Crude Prevalence","","","BRFSS","CLASS05","Topic19",28,"SEX2","CAT2","QLACTLM2","RESP046","    (32.745510099, -89.538030825)"
2014,"MT","Montana","Physical Activity","Exercise","During the past month, did you participate in any physical activities? (variable calculated from one or more BRFSS questions)","Yes","Female","Sex","3,239",80.4,78.6,82.2,"483","%","Crude Prevalence","","","BRFSS","CLASS15","Topic23",30,"SEX2","CAT2","_TOTINDA","RESP046","    (47.066528972, -109.424420645)"
2014,"MT","Montana","Demographics","Disability status","Adults who are limited in any activities because of physical, mental, or emotional problems","Yes","Female","Sex","1,187",24.5,22.6,26.4,"2,280","%","Crude Prevalence","","","BRFSS","CLASS05","Topic19",30,"SEX2","CAT2","QLACTLM2","RESP046","    (47.066528972, -109.424420645)"
2014,"NC","North Carolina","Physical Activity","Exercise","During the past month, did you participate in any physical activities? (variable calculated from one or more BRFSS questions)","Yes","Female","Sex","3,092",75.5,73.9,77.1,"484","%","Crude Prevalence","","","BRFSS","CLASS15","Topic23",37,"SEX2","CAT2","_TOTINDA","RESP046","    (35.466220975, -79.159250463)"
2014,"NC","North Carolina","Demographics","Disability status","Adults who are limited in any activities because of physical, mental, or emotional problems","Yes","Female","Sex","1,093",22.8,21.3,24.3,"2,293","%","Crude Prevalence","","","BRFSS","CLASS05","Topic19",37,"SEX2","CAT2","QLACTLM2","RESP046","    (35.466220975, -79.159250463)"
2014,"ND","North Dakota","Physical Activity","Exercise","During the past month, did you participate in any physical activities? (variable calculated from one or more BRFSS questions)","Yes","Female","Sex","3,482",78.8,77,80.7,"482","%","Crude Prevalence","","","BRFSS","CLASS15","Topic23",38,"SEX2","CAT2","_TOTINDA","RESP046","    (47.475319779, -100.118421049)"
2014,"ND","North Dakota","Demographics","Disability status","Adults who are limited in any activities because of physical, mental, or emotional problems","Yes","Female","Sex","904",17.3,15.6,19,"2,259","%","Crude Prevalence","","","BRFSS","CLASS05","Topic19",38,"SEX2","CAT2","QLACTLM2","RESP046","    (47.475319779, -100.118421049)"
2014,"NE","Nebraska","Physical Activity","Exercise","During the past month, did you participate in any physical activities? (variable calculated from one or more BRFSS questions)","Yes","Female","Sex","9,664",78.6,77.5,79.8,"485","%","Crude Prevalence","","","BRFSS","CLASS15","Topic23",31,"SEX2","CAT2","_TOTINDA","RESP046","    (41.641040988001, -99.365720623)"
2014,"NE","Nebraska","Demographics","Disability status","Adults who are limited in any activities because of physical, mental, or emotional problems","Yes","Female","Sex","2,911",18.5,17.5,19.5,"2,298","%","Crude Prevalence","","","BRFSS","CLASS05","Topic19",31,"SEX2","CAT2","QLACTLM2","RESP046","    (41.641040988001, -99.365720623)"
2014,"NH","New Hampshire","Physical Activity","Exercise","During the past month, did you participate in any physical activities? (variable calculated from one or more BRFSS questions)","Yes","Female","Sex","2,754",79.7,77.8,81.6,"483","%","Crude Prevalence","","","BRFSS","CLASS15","Topic23",33,"SEX2","CAT2","_TOTINDA","RESP046","    (43.655950113, -71.50036092)"
2014,"NH","New Hampshire","Demographics","Disability status","Adults who are limited in any activities because of physical, mental, or emotional problems","Yes","Female","Sex","889",20.8,19,22.6,"2,273","%","Crude Prevalence","","","BRFSS","CLASS05","Topic19",33,"SEX2","CAT2","QLACTLM2","RESP046","    (43.655950113, -71.50036092)"
2014,"NJ","New Jersey","Physical Activity","Exercise","During the past month, did you participate in any physical activities? (variable calculated from one or more BRFSS questions)","Yes","Female","Sex","5,587",73.7,72.1,75.2,"484","%","Crude Prevalence","","","BRFSS","CLASS15","Topic23",34,"SEX2","CAT2","_TOTINDA","RESP046","    (40.130570048, -74.273691288)"
2014,"NJ","New Jersey","Demographics","Disability status","Adults who are limited in any activities because of physical, mental, or emotional problems","Yes","Female","Sex","1,570",17.4,16.2,18.7,"2,297","%","Crude Prevalence","","","BRFSS","CLASS05","Topic19",34,"SEX2","CAT2","QLACTLM2","RESP046","    (40.130570048, -74.273691288)"
2014,"NM","New Mexico","Physical Activity","Exercise","During the past month, did you participate in any physical activities? (variable calculated from one or more BRFSS questions)","Yes","Female","Sex","3,850",73.9,72,75.8,"484","%","Crude Prevalence","","","BRFSS","CLASS15","Topic23",35,"SEX2","CAT2","_TOTINDA","RESP046","    (34.520880952, -106.240580985)"
2014,"NM","New Mexico","Demographics","Disability status","Adults who are limited in any activities because of physical, mental, or emotional problems","Yes","Female","Sex","1,291",23.1,21.4,24.8,"2,289","%","Crude Prevalence","","","BRFSS","CLASS05","Topic19",35,"SEX2","CAT2","QLACTLM2","RESP046","    (34.520880952, -106.240580985)"
2014,"NV","Nevada","Physical Activity","Exercise","During the past month, did you participate in any physical activities? (variable calculated from one or more BRFSS questions)","Yes","Female","Sex","1,619",75.1,72.1,78.1,"484","%","Crude Prevalence","","","BRFSS","CLASS15","Topic23",32,"SEX2","CAT2","_TOTINDA","RESP046","    (39.49324039, -117.071840564)"
2014,"NV","Nevada","Demographics","Disability status","Adults who are limited in any activities because of physical, mental, or emotional problems","Yes","Female","Sex","601",21.2,18.6,23.8,"2,288","%","Crude Prevalence","","","BRFSS","CLASS05","Topic19",32,"SEX2","CAT2","QLACTLM2","RESP046","    (39.49324039, -117.071840564)"
2014,"NY","New York","Physical Activity","Exercise","During the past month, did you participate in any physical activities? (variable calculated from one or more BRFSS questions)","Yes","Female","Sex","2,943",73.2,71.3,75,"484","%","Crude Prevalence","","","BRFSS","CLASS15","Topic23",36,"SEX2","CAT2","_TOTINDA","RESP046","    (42.827001032, -75.543970427)"
2014,"NY","New York","Demographics","Disability status","Adults who are limited in any activities because of physical, mental, or emotional problems","Yes","Female","Sex","884",19.6,18.1,21.2,"2,291","%","Crude Prevalence","","","BRFSS","CLASS05","Topic19",36,"SEX2","CAT2","QLACTLM2","RESP046","    (42.827001032, -75.543970427)"
2014,"OH","Ohio","Physical Activity","Exercise","During the past month, did you participate in any physical activities? (variable calculated from one or more BRFSS questions)","Yes","Female","Sex","4,614",74,72.3,75.6,"484","%","Crude Prevalence","","","BRFSS","CLASS15","Topic23",39,"SEX2","CAT2","_TOTINDA","RESP046","    (40.060210141, -82.404260056)"
2014,"OH","Ohio","Demographics","Disability status","Adults who are limited in any activities because of physical, mental, or emotional problems","Yes","Female","Sex","1,779",24.4,22.7,26,"2,297","%","Crude Prevalence","","","BRFSS","CLASS05","Topic19",39,"SEX2","CAT2","QLACTLM2","RESP046","    (40.060210141, -82.404260056)"
2014,"OK","Oklahoma","Physical Activity","Exercise","During the past month, did you participate in any physical activities? (variable calculated from one or more BRFSS questions)","Yes","Female","Sex","3,319",69.6,68,71.2,"485","%","Crude Prevalence","","","BRFSS","CLASS15","Topic23",40,"SEX2","CAT2","_TOTINDA","RESP046","    (35.472031356, -97.521070214)"
2014,"OK","Oklahoma","Demographics","Disability status","Adults who are limited in any activities because of physical, mental, or emotional problems","Yes","Female","Sex","1,564",26.7,25.2,28.3,"2,297","%","Crude Prevalence","","","BRFSS","CLASS05","Topic19",40,"SEX2","CAT2","QLACTLM2","RESP046","    (35.472031356, -97.521070214)"
2014,"OR","Oregon","Physical Activity","Exercise","During the past month, did you participate in any physical activities? (variable calculated from one or more BRFSS questions)","Yes","Female","Sex","2,466",82.8,81,84.7,"483","%","Crude Prevalence","","","BRFSS","CLASS15","Topic23",41,"SEX2","CAT2","_TOTINDA","RESP046","    (44.567449424, -120.155031326)"
2014,"OR","Oregon","Demographics","Disability status","Adults who are limited in any activities because of physical, mental, or emotional problems","Yes","Female","Sex","930",27.6,25.5,29.7,"2,286","%","Crude Prevalence","","","BRFSS","CLASS05","Topic19",41,"SEX2","CAT2","QLACTLM2","RESP046","    (44.567449424, -120.155031326)"
2014,"PA","Pennsylvania","Physical Activity","Exercise","During the past month, did you participate in any physical activities? (variable calculated from one or more BRFSS questions)","Yes","Female","Sex","4,690",75.5,74,77,"482","%","Crude Prevalence","","","BRFSS","CLASS15","Topic23",42,"SEX2","CAT2","_TOTINDA","RESP046","    (40.793730152, -77.860700294)"
2014,"PA","Pennsylvania","Demographics","Disability status","Adults who are limited in any activities because of physical, mental, or emotional problems","Yes","Female","Sex","1,630",22.5,21,23.9,"2,293","%","Crude Prevalence","","","BRFSS","CLASS05","Topic19",42,"SEX2","CAT2","QLACTLM2","RESP046","    (40.793730152, -77.860700294)"
2014,"PR","Puerto Rico","Physical Activity","Exercise","During the past month, did you participate in any physical activities? (variable calculated from one or more BRFSS questions)","Yes","Female","Sex","2,052",53.7,51.7,55.7,"452","%","Crude Prevalence","","","BRFSS","CLASS15","Topic23",72,"SEX2","CAT2","_TOTINDA","RESP046","    (18.220833, -66.590149)"
2014,"PR","Puerto Rico","Demographics","Disability status","Adults who are limited in any activities because of physical, mental, or emotional problems","Yes","Female","Sex","808",18.9,17.4,20.3,"2,129","%","Crude Prevalence","","","BRFSS","CLASS05","Topic19",72,"SEX2","CAT2","QLACTLM2","RESP046","    (18.220833, -66.590149)"
2014,"RI","Rhode Island","Physical Activity","Exercise","During the past month, did you participate in any physical activities? (variable calculated from one or more BRFSS questions)","Yes","Female","Sex","2,813",74.9,73,76.8,"482","%","Crude Prevalence","","","BRFSS","CLASS15","Topic23",44,"SEX2","CAT2","_TOTINDA","RESP046","    (41.708280193, -71.522470314)"
2014,"RI","Rhode Island","Demographics","Disability status","Adults who are limited in any activities because of physical, mental, or emotional problems","Yes","Female","Sex","898",20.6,18.8,22.5,"2,282","%","Crude Prevalence","","","BRFSS","CLASS05","Topic19",44,"SEX2","CAT2","QLACTLM2","RESP046","    (41.708280193, -71.522470314)"
2014,"SC","South Carolina","Physical Activity","Exercise","During the past month, did you participate in any physical activities? (variable calculated from one or more BRFSS questions)","Yes","Female","Sex","4,520",72.2,70.6,73.7,"485","%","Crude Prevalence","","","BRFSS","CLASS15","Topic23",45,"SEX2","CAT2","_TOTINDA","RESP046","    (33.998821303, -81.045371207)"
2014,"SC","South Carolina","Demographics","Disability status","Adults who are limited in any activities because of physical, mental, or emotional problems","Yes","Female","Sex","1,766",24.7,23.2,26.1,"2,299","%","Crude Prevalence","","","BRFSS","CLASS05","Topic19",45,"SEX2","CAT2","QLACTLM2","RESP046","    (33.998821303, -81.045371207)"
2014,"SD","South Dakota","Physical Activity","Exercise","During the past month, did you participate in any physical activities? (variable calculated from one or more BRFSS questions)","Yes","Female","Sex","3,235",77.2,74.7,79.6,"484","%","Crude Prevalence","","","BRFSS","CLASS15","Topic23",46,"SEX2","CAT2","_TOTINDA","RESP046","    (44.353130053, -100.373530637)"
2014,"SD","South Dakota","Demographics","Disability status","Adults who are limited in any activities because of physical, mental, or emotional problems","Yes","Female","Sex","958",21.1,18.9,23.2,"2,287","%","Crude Prevalence","","","BRFSS","CLASS05","Topic19",46,"SEX2","CAT2","QLACTLM2","RESP046","    (44.353130053, -100.373530637)"
2014,"TN","Tennessee","Physical Activity","Exercise","During the past month, did you participate in any physical activities? (variable calculated from one or more BRFSS questions)","Yes","Female","Sex","2,144",69.7,67.5,72,"484","%","Crude Prevalence","","","BRFSS","CLASS15","Topic23",47,"SEX2","CAT2","_TOTINDA","RESP046","    (35.68094058, -85.774490914)"
2014,"TN","Tennessee","Demographics","Disability status","Adults who are limited in any activities because of physical, mental, or emotional problems","Yes","Female","Sex","999",27.4,25.2,29.6,"2,284","%","Crude Prevalence","","","BRFSS","CLASS05","Topic19",47,"SEX2","CAT2","QLACTLM2","RESP046","    (35.68094058, -85.774490914)"
2014,"TX","Texas","Physical Activity","Exercise","During the past month, did you participate in any physical activities? (variable calculated from one or more BRFSS questions)","Yes","Female","Sex","6,454",70,68.3,71.7,"485","%","Crude Prevalence","","","BRFSS","CLASS15","Topic23",48,"SEX2","CAT2","_TOTINDA","RESP046","    (31.827240407, -99.426770206)"
2014,"TX","Texas","Demographics","Disability status","Adults who are limited in any activities because of physical, mental, or emotional problems","Yes","Female","Sex","2,208",18.6,17.3,19.9,"2,297","%","Crude Prevalence","","","BRFSS","CLASS05","Topic19",48,"SEX2","CAT2","QLACTLM2","RESP046","    (31.827240407, -99.426770206)"
2014,"UT","Utah","Physical Activity","Exercise","During the past month, did you participate in any physical activities? (variable calculated from one or more BRFSS questions)","Yes","Female","Sex","6,550",81.9,80.9,83,"485","%","Crude Prevalence","","","BRFSS","CLASS15","Topic23",49,"SEX2","CAT2","_TOTINDA","RESP046","    (39.360700171, -111.587130635)"
2014,"UT","Utah","Demographics","Disability status","Adults who are limited in any activities because of physical, mental, or emotional problems","Yes","Female","Sex","1,821",20.1,19.1,21.2,"2,297","%","Crude Prevalence","","","BRFSS","CLASS05","Topic19",49,"SEX2","CAT2","QLACTLM2","RESP046","    (39.360700171, -111.587130635)"
2014,"VA","Virginia","Physical Activity","Exercise","During the past month, did you participate in any physical activities? (variable calculated from one or more BRFSS questions)","Yes","Female","Sex","3,990",74.2,72.6,75.8,"484","%","Crude Prevalence","","","BRFSS","CLASS15","Topic23",51,"SEX2","CAT2","_TOTINDA","RESP046","    (37.542680674, -78.457890463)"
2014,"VA","Virginia","Demographics","Disability status","Adults who are limited in any activities because of physical, mental, or emotional problems","Yes","Female","Sex","1,270",20.9,19.4,22.4,"2,295","%","Crude Prevalence","","","BRFSS","CLASS05","Topic19",51,"SEX2","CAT2","QLACTLM2","RESP046","    (37.542680674, -78.457890463)"
2014,"VT","Vermont","Physical Activity","Exercise","During the past month, did you participate in any physical activities? (variable calculated from one or more BRFSS questions)","Yes","Female","Sex","2,867",80.2,78.7,81.7,"481","%","Crude Prevalence","","","BRFSS","CLASS15","Topic23",50,"SEX2","CAT2","_TOTINDA","RESP046","    (43.625381239, -72.517640791)"
2014,"VT","Vermont","Demographics","Disability status","Adults who are limited in any activities because of physical, mental, or emotional problems","Yes","Female","Sex","846",22.9,21.3,24.6,"2,261","%","Crude Prevalence","","","BRFSS","CLASS05","Topic19",50,"SEX2","CAT2","QLACTLM2","RESP046","    (43.625381239, -72.517640791)"
2014,"WA","Washington","Physical Activity","Exercise","During the past month, did you participate in any physical activities? (variable calculated from one or more BRFSS questions)","Yes","Female","Sex","4,745",81.6,80.1,83,"485","%","Crude Prevalence","","","BRFSS","CLASS15","Topic23",53,"SEX2","CAT2","_TOTINDA","RESP046","    (47.522278629, -120.47001079)"
2014,"WA","Washington","Demographics","Disability status","Adults who are limited in any activities because of physical, mental, or emotional problems","Yes","Female","Sex","1,747",25.4,23.9,26.9,"2,296","%","Crude Prevalence","","","BRFSS","CLASS05","Topic19",53,"SEX2","CAT2","QLACTLM2","RESP046","    (47.522278629, -120.47001079)"
2014,"WI","Wisconsin","Physical Activity","Exercise","During the past month, did you participate in any physical activities? (variable calculated from one or more BRFSS questions)","Yes","Female","Sex","2,979",77.1,75,79.2,"483","%","Crude Prevalence","","","BRFSS","CLASS15","Topic23",55,"SEX2","CAT2","_TOTINDA","RESP046","    (44.393191174, -89.816370742)"
2014,"WI","Wisconsin","Demographics","Disability status","Adults who are limited in any activities because of physical, mental, or emotional problems","Yes","Female","Sex","925",22.2,20.3,24.1,"2,287","%","Crude Prevalence","","","BRFSS","CLASS05","Topic19",55,"SEX2","CAT2","QLACTLM2","RESP046","    (44.393191174, -89.816370742)"
2014,"WV","West Virginia","Physical Activity","Exercise","During the past month, did you participate in any physical activities? (variable calculated from one or more BRFSS questions)","Yes","Female","Sex","2,415",67.8,66,69.7,"481","%","Crude Prevalence","","","BRFSS","CLASS15","Topic23",54,"SEX2","CAT2","_TOTINDA","RESP046","    (38.665510202, -80.712640135)"
2014,"WV","West Virginia","Demographics","Disability status","Adults who are limited in any activities because of physical, mental, or emotional problems","Yes","Female","Sex","1,102",29.5,27.7,31.3,"2,278","%","Crude Prevalence","","","BRFSS","CLASS05","Topic19",54,"SEX2","CAT2","QLACTLM2","RESP046","    (38.665510202, -80.712640135)"
2014,"WY","Wyoming","Physical Activity","Exercise","During the past month, did you participate in any physical activities? (variable calculated from one or more BRFSS questions)","Yes","Female","Sex","2,804",77.5,75.2,79.8,"482","%","Crude Prevalence","","","BRFSS","CLASS15","Topic23",56,"SEX2","CAT2","_TOTINDA","RESP046","    (43.235541343, -108.109830353)"
2014,"WY","Wyoming","Demographics","Disability status","Adults who are limited in any activities because of physical, mental, or emotional problems","Yes","Female","Sex","971",21.6,19.3,23.8,"2,286","%","Crude Prevalence","","","BRFSS","CLASS05","Topic19",56,"SEX2","CAT2","QLACTLM2","RESP046","    (43.235541343, -108.109830353)"
2013,"AK","Alaska","Physical Activity","Strength Activity","Participated in muscle strengthening exercises two or more times per week (variable calculated from one or more BRFSS questions).","Yes","Female","Sex","672",34,30.9,37,"5","%","Crude Prevalence","","","BRFSS","CLASS15","Topic56",2,"SEX2","CAT2","_PASTRNG","RESP046","    (64.845079957001, -147.722059036)"
2013,"AK","Alaska","Physical Activity","Physical Activity Index","Participated in enough Aerobic and Muscle Strengthening exercises to meet guidelines (variable calculated from one or more BRFSS questions)","Yes","Female","Sex","486",23.9,21.1,26.7,"5","%","Crude Prevalence","","","BRFSS","CLASS15","TOPIC45",2,"SEX2","CAT2","_PASTAE1","RESP046","    (64.845079957001, -147.722059036)"
2013,"AK","Alaska","Physical Activity","Exercise","During the past month, did you participate in any physical activities? (variable calculated from one or more BRFSS questions)","Yes","Female","Sex","1,772",78.3,75.8,80.7,"5","%","Crude Prevalence","","","BRFSS","CLASS15","Topic23",2,"SEX2","CAT2","_TOTINDA","RESP046","    (64.845079957001, -147.722059036)"
2013,"AK","Alaska","Physical Activity","Aerobic Activity","Participated in 150 minutes or more of Aerobic Physical Activity per week (variable calculated from one or more BRFSS questions)","Yes","Female","Sex","1,272",55.9,52.8,59,"5","%","Crude Prevalence","","","BRFSS","CLASS15","TOPIC01",2,"SEX2","CAT2","_PAINDX1","RESP046","    (64.845079957001, -147.722059036)"
2013,"AK","Alaska","Demographics","Disability status","Adults who are limited in any activities because of physical, mental, or emotional problems","Yes","Female","Sex","569",20.3,18.1,22.6,"5","%","Crude Prevalence","","","BRFSS","CLASS05","Topic19",2,"SEX2","CAT2","QLACTLM2","RESP046","    (64.845079957001, -147.722059036)"
2013,"AL","Alabama","Demographics","Disability status","Adults who are limited in any activities because of physical, mental, or emotional problems","Yes","Female","Sex","1,463",29.4,27.5,31.3,"5","%","Crude Prevalence","","","BRFSS","CLASS05","Topic19",1,"SEX2","CAT2","QLACTLM2","RESP046","    (32.840571122, -86.631860762)"
2013,"AL","Alabama","Physical Activity","Physical Activity Index","Participated in enough Aerobic and Muscle Strengthening exercises to meet guidelines (variable calculated from one or more BRFSS questions)","Yes","Female","Sex","443",12.6,11,14.2,"5","%","Crude Prevalence","","","BRFSS","CLASS15","TOPIC45",1,"SEX2","CAT2","_PASTAE1","RESP046","    (32.840571122, -86.631860762)"
2013,"AL","Alabama","Physical Activity","Aerobic Activity","Participated in 150 minutes or more of Aerobic Physical Activity per week (variable calculated from one or more BRFSS questions)","Yes","Female","Sex","1,619",41.2,39,43.4,"5","%","Crude Prevalence","","","BRFSS","CLASS15","TOPIC01",1,"SEX2","CAT2","_PAINDX1","RESP046","    (32.840571122, -86.631860762)"
2013,"AL","Alabama","Physical Activity","Exercise","During the past month, did you participate in any physical activities? (variable calculated from one or more BRFSS questions)","Yes","Female","Sex","2,595",64.4,62.2,66.6,"5","%","Crude Prevalence","","","BRFSS","CLASS15","Topic23",1,"SEX2","CAT2","_TOTINDA","RESP046","    (32.840571122, -86.631860762)"
2013,"AL","Alabama","Physical Activity","Strength Activity","Participated in muscle strengthening exercises two or more times per week (variable calculated from one or more BRFSS questions).","Yes","Female","Sex","732",19.6,17.8,21.5,"5","%","Crude Prevalence","","","BRFSS","CLASS15","Topic56",1,"SEX2","CAT2","_PASTRNG","RESP046","    (32.840571122, -86.631860762)"
2013,"AR","Arkansas","Physical Activity","Exercise","During the past month, did you participate in any physical activities? (variable calculated from one or more BRFSS questions)","Yes","Female","Sex","1,868",63.6,61.2,66.1,"5","%","Crude Prevalence","","","BRFSS","CLASS15","Topic23",5,"SEX2","CAT2","_TOTINDA","RESP046","    (34.748650124, -92.274490743)"
2013,"AR","Arkansas","Physical Activity","Physical Activity Index","Participated in enough Aerobic and Muscle Strengthening exercises to meet guidelines (variable calculated from one or more BRFSS questions)","Yes","Female","Sex","322",12.7,10.8,14.6,"5","%","Crude Prevalence","","","BRFSS","CLASS15","TOPIC45",5,"SEX2","CAT2","_PASTAE1","RESP046","    (34.748650124, -92.274490743)"
2013,"AR","Arkansas","Physical Activity","Aerobic Activity","Participated in 150 minutes or more of Aerobic Physical Activity per week (variable calculated from one or more BRFSS questions)","Yes","Female","Sex","1,156",39.3,36.7,41.9,"5","%","Crude Prevalence","","","BRFSS","CLASS15","TOPIC01",5,"SEX2","CAT2","_PAINDX1","RESP046","    (34.748650124, -92.274490743)"
2013,"AR","Arkansas","Physical Activity","Strength Activity","Participated in muscle strengthening exercises two or more times per week (variable calculated from one or more BRFSS questions).","Yes","Female","Sex","517",18.3,16.2,20.4,"5","%","Crude Prevalence","","","BRFSS","CLASS15","Topic56",5,"SEX2","CAT2","_PASTRNG","RESP046","    (34.748650124, -92.274490743)"
2013,"AR","Arkansas","Demographics","Disability status","Adults who are limited in any activities because of physical, mental, or emotional problems","Yes","Female","Sex","990",27,24.8,29.2,"5","%","Crude Prevalence","","","BRFSS","CLASS05","Topic19",5,"SEX2","CAT2","QLACTLM2","RESP046","    (34.748650124, -92.274490743)"
2013,"AZ","Arizona","Physical Activity","Aerobic Activity","Participated in 150 minutes or more of Aerobic Physical Activity per week (variable calculated from one or more BRFSS questions)","Yes","Female","Sex","1,173",49.8,46.1,53.5,"5","%","Crude Prevalence","","","BRFSS","CLASS15","TOPIC01",4,"SEX2","CAT2","_PAINDX1","RESP046","    (34.86597028, -111.763811277)"
2013,"AZ","Arizona","Physical Activity","Exercise","During the past month, did you participate in any physical activities? (variable calculated from one or more BRFSS questions)","Yes","Female","Sex","1,655",73,69.7,76.3,"5","%","Crude Prevalence","","","BRFSS","CLASS15","Topic23",4,"SEX2","CAT2","_TOTINDA","RESP046","    (34.86597028, -111.763811277)"
2013,"AZ","Arizona","Physical Activity","Physical Activity Index","Participated in enough Aerobic and Muscle Strengthening exercises to meet guidelines (variable calculated from one or more BRFSS questions)","Yes","Female","Sex","402",20.3,17.1,23.4,"5","%","Crude Prevalence","","","BRFSS","CLASS15","TOPIC45",4,"SEX2","CAT2","_PASTAE1","RESP046","    (34.86597028, -111.763811277)"
2013,"AZ","Arizona","Physical Activity","Strength Activity","Participated in muscle strengthening exercises two or more times per week (variable calculated from one or more BRFSS questions).","Yes","Female","Sex","550",26.7,23.4,30,"5","%","Crude Prevalence","","","BRFSS","CLASS15","Topic56",4,"SEX2","CAT2","_PASTRNG","RESP046","    (34.86597028, -111.763811277)"
2013,"AZ","Arizona","Demographics","Disability status","Adults who are limited in any activities because of physical, mental, or emotional problems","Yes","Female","Sex","658",21,18.4,23.6,"5","%","Crude Prevalence","","","BRFSS","CLASS05","Topic19",4,"SEX2","CAT2","QLACTLM2","RESP046","    (34.86597028, -111.763811277)"
2013,"CA","California","Demographics","Disability status","Adults who are limited in any activities because of physical, mental, or emotional problems","Yes","Female","Sex","1,398",20.1,18.7,21.6,"5","%","Crude Prevalence","","","BRFSS","CLASS05","Topic19",6,"SEX2","CAT2","QLACTLM2","RESP046","    (37.638640123, -120.999999538)"
2013,"CA","California","Physical Activity","Strength Activity","Participated in muscle strengthening exercises two or more times per week (variable calculated from one or more BRFSS questions).","Yes","Female","Sex","1,635",27.3,25.7,29,"5","%","Crude Prevalence","","","BRFSS","CLASS15","Topic56",6,"SEX2","CAT2","_PASTRNG","RESP046","    (37.638640123, -120.999999538)"
2013,"CA","California","Physical Activity","Exercise","During the past month, did you participate in any physical activities? (variable calculated from one or more BRFSS questions)","Yes","Female","Sex","4,511",78.2,76.6,79.7,"5","%","Crude Prevalence","","","BRFSS","CLASS15","Topic23",6,"SEX2","CAT2","_TOTINDA","RESP046","    (37.638640123, -120.999999538)"
2013,"CA","California","Physical Activity","Physical Activity Index","Participated in enough Aerobic and Muscle Strengthening exercises to meet guidelines (variable calculated from one or more BRFSS questions)","Yes","Female","Sex","1,261",20.6,19.1,22,"5","%","Crude Prevalence","","","BRFSS","CLASS15","TOPIC45",6,"SEX2","CAT2","_PASTAE1","RESP046","    (37.638640123, -120.999999538)"
2013,"CA","California","Physical Activity","Aerobic Activity","Participated in 150 minutes or more of Aerobic Physical Activity per week (variable calculated from one or more BRFSS questions)","Yes","Female","Sex","3,360",55.8,53.9,57.6,"5","%","Crude Prevalence","","","BRFSS","CLASS15","TOPIC01",6,"SEX2","CAT2","_PAINDX1","RESP046","    (37.638640123, -120.999999538)"
2013,"CO","Colorado","Physical Activity","Physical Activity Index","Participated in enough Aerobic and Muscle Strengthening exercises to meet guidelines (variable calculated from one or more BRFSS questions)","Yes","Female","Sex","1,607",23.8,22.5,25.1,"5","%","Crude Prevalence","","","BRFSS","CLASS15","TOPIC45",8,"SEX2","CAT2","_PASTAE1","RESP046","    (38.843840757, -106.133610921)"
2013,"CO","Colorado","Physical Activity","Exercise","During the past month, did you participate in any physical activities? (variable calculated from one or more BRFSS questions)","Yes","Female","Sex","5,657",81.4,80.2,82.6,"5","%","Crude Prevalence","","","BRFSS","CLASS15","Topic23",8,"SEX2","CAT2","_TOTINDA","RESP046","    (38.843840757, -106.133610921)"
2013,"CO","Colorado","Physical Activity","Strength Activity","Participated in muscle strengthening exercises two or more times per week (variable calculated from one or more BRFSS questions).","Yes","Female","Sex","2,146",31.4,30,32.9,"5","%","Crude Prevalence","","","BRFSS","CLASS15","Topic56",8,"SEX2","CAT2","_PASTRNG","RESP046","    (38.843840757, -106.133610921)"
2013,"CO","Colorado","Physical Activity","Aerobic Activity","Participated in 150 minutes or more of Aerobic Physical Activity per week (variable calculated from one or more BRFSS questions)","Yes","Female","Sex","4,129",60.1,58.5,61.6,"5","%","Crude Prevalence","","","BRFSS","CLASS15","TOPIC01",8,"SEX2","CAT2","_PAINDX1","RESP046","    (38.843840757, -106.133610921)"
2013,"CO","Colorado","Demographics","Disability status","Adults who are limited in any activities because of physical, mental, or emotional problems","Yes","Female","Sex","1,734",20,18.8,21.1,"5","%","Crude Prevalence","","","BRFSS","CLASS05","Topic19",8,"SEX2","CAT2","QLACTLM2","RESP046","    (38.843840757, -106.133610921)"
2013,"CT","Connecticut","Demographics","Disability status","Adults who are limited in any activities because of physical, mental, or emotional problems","Yes","Female","Sex","1,008",19.3,17.6,21,"5","%","Crude Prevalence","","","BRFSS","CLASS05","Topic19",9,"SEX2","CAT2","QLACTLM2","RESP046","    (41.56266102, -72.649840952)"
2013,"CT","Connecticut","Physical Activity","Exercise","During the past month, did you participate in any physical activities? (variable calculated from one or more BRFSS questions)","Yes","Female","Sex","3,102",73.5,71.5,75.6,"5","%","Crude Prevalence","","","BRFSS","CLASS15","Topic23",9,"SEX2","CAT2","_TOTINDA","RESP046","    (41.56266102, -72.649840952)"
2013,"CT","Connecticut","Physical Activity","Strength Activity","Participated in muscle strengthening exercises two or more times per week (variable calculated from one or more BRFSS questions).","Yes","Female","Sex","1,054",27,24.9,29.1,"5","%","Crude Prevalence","","","BRFSS","CLASS15","Topic56",9,"SEX2","CAT2","_PASTRNG","RESP046","    (41.56266102, -72.649840952)"
2013,"CT","Connecticut","Physical Activity","Aerobic Activity","Participated in 150 minutes or more of Aerobic Physical Activity per week (variable calculated from one or more BRFSS questions)","Yes","Female","Sex","2,085",49.5,47.2,51.9,"5","%","Crude Prevalence","","","BRFSS","CLASS15","TOPIC01",9,"SEX2","CAT2","_PAINDX1","RESP046","    (41.56266102, -72.649840952)"
2013,"CT","Connecticut","Physical Activity","Physical Activity Index","Participated in enough Aerobic and Muscle Strengthening exercises to meet guidelines (variable calculated from one or more BRFSS questions)","Yes","Female","Sex","760",19.6,17.7,21.4,"5","%","Crude Prevalence","","","BRFSS","CLASS15","TOPIC45",9,"SEX2","CAT2","_PASTAE1","RESP046","    (41.56266102, -72.649840952)"
2013,"DC","District of Columbia","Physical Activity","Aerobic Activity","Participated in 150 minutes or more of Aerobic Physical Activity per week (variable calculated from one or more BRFSS questions)","Yes","Female","Sex","1,472",55.5,52.2,58.7,"5","%","Crude Prevalence","","","BRFSS","CLASS15","TOPIC01",11,"SEX2","CAT2","_PAINDX1","RESP046","    (38.890371385, -77.031961127)"
2013,"DC","District of Columbia","Physical Activity","Exercise","During the past month, did you participate in any physical activities? (variable calculated from one or more BRFSS questions)","Yes","Female","Sex","2,091",77.8,75.2,80.5,"5","%","Crude Prevalence","","","BRFSS","CLASS15","Topic23",11,"SEX2","CAT2","_TOTINDA","RESP046","    (38.890371385, -77.031961127)"
2013,"DC","District of Columbia","Physical Activity","Strength Activity","Participated in muscle strengthening exercises two or more times per week (variable calculated from one or more BRFSS questions).","Yes","Female","Sex","789",30.1,27.1,33.1,"5","%","Crude Prevalence","","","BRFSS","CLASS15","Topic56",11,"SEX2","CAT2","_PASTRNG","RESP046","    (38.890371385, -77.031961127)"
2013,"DC","District of Columbia","Physical Activity","Physical Activity Index","Participated in enough Aerobic and Muscle Strengthening exercises to meet guidelines (variable calculated from one or more BRFSS questions)","Yes","Female","Sex","573",22.1,19.4,24.8,"5","%","Crude Prevalence","","","BRFSS","CLASS15","TOPIC45",11,"SEX2","CAT2","_PASTAE1","RESP046","    (38.890371385, -77.031961127)"
2013,"DC","District of Columbia","Demographics","Disability status","Adults who are limited in any activities because of physical, mental, or emotional problems","Yes","Female","Sex","650",18,15.8,20.2,"5","%","Crude Prevalence","","","BRFSS","CLASS05","Topic19",11,"SEX2","CAT2","QLACTLM2","RESP046","    (38.890371385, -77.031961127)"
2013,"DE","Delaware","Demographics","Disability status","Adults who are limited in any activities because of physical, mental, or emotional problems","Yes","Female","Sex","753",21.2,19.3,23.1,"5","%","Crude Prevalence","","","BRFSS","CLASS05","Topic19",10,"SEX2","CAT2","QLACTLM2","RESP046","    (39.008830667, -75.577741168)"
2013,"DE","Delaware","Physical Activity","Aerobic Activity","Participated in 150 minutes or more of Aerobic Physical Activity per week (variable calculated from one or more BRFSS questions)","Yes","Female","Sex","1,366",46.3,43.8,48.9,"5","%","Crude Prevalence","","","BRFSS","CLASS15","TOPIC01",10,"SEX2","CAT2","_PAINDX1","RESP046","    (39.008830667, -75.577741168)"
2013,"DE","Delaware","Physical Activity","Physical Activity Index","Participated in enough Aerobic and Muscle Strengthening exercises to meet guidelines (variable calculated from one or more BRFSS questions)","Yes","Female","Sex","462",17.2,15.2,19.2,"5","%","Crude Prevalence","","","BRFSS","CLASS15","TOPIC45",10,"SEX2","CAT2","_PASTAE1","RESP046","    (39.008830667, -75.577741168)"
2013,"DE","Delaware","Physical Activity","Strength Activity","Participated in muscle strengthening exercises two or more times per week (variable calculated from one or more BRFSS questions).","Yes","Female","Sex","721",26.4,24.1,28.7,"5","%","Crude Prevalence","","","BRFSS","CLASS15","Topic56",10,"SEX2","CAT2","_PASTRNG","RESP046","    (39.008830667, -75.577741168)"
2013,"DE","Delaware","Physical Activity","Exercise","During the past month, did you participate in any physical activities? (variable calculated from one or more BRFSS questions)","Yes","Female","Sex","2,041",69.7,67.5,71.9,"5","%","Crude Prevalence","","","BRFSS","CLASS15","Topic23",10,"SEX2","CAT2","_TOTINDA","RESP046","    (39.008830667, -75.577741168)"
2013,"FL","Florida","Demographics","Disability status","Adults who are limited in any activities because of physical, mental, or emotional problems","Yes","Female","Sex","5,755",22.1,20.8,23.4,"5","%","Crude Prevalence","","","BRFSS","CLASS05","Topic19",12,"SEX2","CAT2","QLACTLM2","RESP046","    (28.932040377, -81.928960539)"
2013,"FL","Florida","Physical Activity","Physical Activity Index","Participated in enough Aerobic and Muscle Strengthening exercises to meet guidelines (variable calculated from one or more BRFSS questions)","Yes","Female","Sex","2,620",16,14.8,17.2,"5","%","Crude Prevalence","","","BRFSS","CLASS15","TOPIC45",12,"SEX2","CAT2","_PASTAE1","RESP046","    (28.932040377, -81.928960539)"
2013,"FL","Florida","Physical Activity","Strength Activity","Participated in muscle strengthening exercises two or more times per week (variable calculated from one or more BRFSS questions).","Yes","Female","Sex","4,079",23.6,22.2,25,"5","%","Crude Prevalence","","","BRFSS","CLASS15","Topic56",12,"SEX2","CAT2","_PASTRNG","RESP046","    (28.932040377, -81.928960539)"
2013,"FL","Florida","Physical Activity","Exercise","During the past month, did you participate in any physical activities? (variable calculated from one or more BRFSS questions)","Yes","Female","Sex","13,200",70,68.4,71.5,"5","%","Crude Prevalence","","","BRFSS","CLASS15","Topic23",12,"SEX2","CAT2","_TOTINDA","RESP046","    (28.932040377, -81.928960539)"
2013,"FL","Florida","Physical Activity","Aerobic Activity","Participated in 150 minutes or more of Aerobic Physical Activity per week (variable calculated from one or more BRFSS questions)","Yes","Female","Sex","8,617",48.6,46.9,50.4,"5","%","Crude Prevalence","","","BRFSS","CLASS15","TOPIC01",12,"SEX2","CAT2","_PAINDX1","RESP046","    (28.932040377, -81.928960539)"
2013,"GA","Georgia","Physical Activity","Physical Activity Index","Participated in enough Aerobic and Muscle Strengthening exercises to meet guidelines (variable calculated from one or more BRFSS questions)","Yes","Female","Sex","727",17.6,16,19.1,"5","%","Crude Prevalence","","","BRFSS","CLASS15","TOPIC45",13,"SEX2","CAT2","_PASTAE1","RESP046","    (32.839681093, -83.627580346)"
2013,"GA","Georgia","Physical Activity","Exercise","During the past month, did you participate in any physical activities? (variable calculated from one or more BRFSS questions)","Yes","Female","Sex","3,161",68.9,67,70.7,"5","%","Crude Prevalence","","","BRFSS","CLASS15","Topic23",13,"SEX2","CAT2","_TOTINDA","RESP046","    (32.839681093, -83.627580346)"
2013,"GA","Georgia","Physical Activity","Aerobic Activity","Participated in 150 minutes or more of Aerobic Physical Activity per week (variable calculated from one or more BRFSS questions)","Yes","Female","Sex","2,123",47.9,45.9,49.9,"5","%","Crude Prevalence","","","BRFSS","CLASS15","TOPIC01",13,"SEX2","CAT2","_PAINDX1","RESP046","    (32.839681093, -83.627580346)"
2013,"GA","Georgia","Physical Activity","Strength Activity","Participated in muscle strengthening exercises two or more times per week (variable calculated from one or more BRFSS questions).","Yes","Female","Sex","1,052",24.8,23,26.5,"5","%","Crude Prevalence","","","BRFSS","CLASS15","Topic56",13,"SEX2","CAT2","_PASTRNG","RESP046","    (32.839681093, -83.627580346)"
2013,"GA","Georgia","Demographics","Disability status","Adults who are limited in any activities because of physical, mental, or emotional problems","Yes","Female","Sex","1,147",19.6,18.2,21.1,"5","%","Crude Prevalence","","","BRFSS","CLASS05","Topic19",13,"SEX2","CAT2","QLACTLM2","RESP046","    (32.839681093, -83.627580346)"
2013,"GU","Guam","Physical Activity","Physical Activity Index","Participated in enough Aerobic and Muscle Strengthening exercises to meet guidelines (variable calculated from one or more BRFSS questions)","Yes","Female","Sex","169",14.8,12.1,17.4,"5","%","Crude Prevalence","","","BRFSS","CLASS15","TOPIC45",66,"SEX2","CAT2","_PASTAE1","RESP046","    (13.444304, 144.793731)"
2013,"GU","Guam","Physical Activity","Aerobic Activity","Participated in 150 minutes or more of Aerobic Physical Activity per week (variable calculated from one or more BRFSS questions)","Yes","Female","Sex","466",46,41.9,50,"5","%","Crude Prevalence","","","BRFSS","CLASS15","TOPIC01",66,"SEX2","CAT2","_PAINDX1","RESP046","    (13.444304, 144.793731)"
2013,"GU","Guam","Physical Activity","Exercise","During the past month, did you participate in any physical activities? (variable calculated from one or more BRFSS questions)","Yes","Female","Sex","671",64.8,60.8,68.8,"5","%","Crude Prevalence","","","BRFSS","CLASS15","Topic23",66,"SEX2","CAT2","_TOTINDA","RESP046","    (13.444304, 144.793731)"
2013,"GU","Guam","Demographics","Disability status","Adults who are limited in any activities because of physical, mental, or emotional problems","Yes","Female","Sex","142",13.2,10.5,15.9,"5","%","Crude Prevalence","","","BRFSS","CLASS05","Topic19",66,"SEX2","CAT2","QLACTLM2","RESP046","    (13.444304, 144.793731)"
2013,"GU","Guam","Physical Activity","Strength Activity","Participated in muscle strengthening exercises two or more times per week (variable calculated from one or more BRFSS questions).","Yes","Female","Sex","235",22.3,19,25.6,"5","%","Crude Prevalence","","","BRFSS","CLASS15","Topic56",66,"SEX2","CAT2","_PASTRNG","RESP046","    (13.444304, 144.793731)"
2013,"HI","Hawaii","Physical Activity","Exercise","During the past month, did you participate in any physical activities? (variable calculated from one or more BRFSS questions)","Yes","Female","Sex","3,071",74.6,72.5,76.7,"5","%","Crude Prevalence","","","BRFSS","CLASS15","Topic23",15,"SEX2","CAT2","_TOTINDA","RESP046","    (21.304850435, -157.857749403)"
2013,"HI","Hawaii","Physical Activity","Physical Activity Index","Participated in enough Aerobic and Muscle Strengthening exercises to meet guidelines (variable calculated from one or more BRFSS questions)","Yes","Female","Sex","866",21,19.2,22.8,"5","%","Crude Prevalence","","","BRFSS","CLASS15","TOPIC45",15,"SEX2","CAT2","_PASTAE1","RESP046","    (21.304850435, -157.857749403)"
2013,"HI","Hawaii","Physical Activity","Aerobic Activity","Participated in 150 minutes or more of Aerobic Physical Activity per week (variable calculated from one or more BRFSS questions)","Yes","Female","Sex","2,348",56.6,54.2,58.9,"5","%","Crude Prevalence","","","BRFSS","CLASS15","TOPIC01",15,"SEX2","CAT2","_PAINDX1","RESP046","    (21.304850435, -157.857749403)"
2013,"HI","Hawaii","Physical Activity","Strength Activity","Participated in muscle strengthening exercises two or more times per week (variable calculated from one or more BRFSS questions).","Yes","Female","Sex","1,118",28,25.9,30,"5","%","Crude Prevalence","","","BRFSS","CLASS15","Topic56",15,"SEX2","CAT2","_PASTRNG","RESP046","    (21.304850435, -157.857749403)"
2013,"HI","Hawaii","Demographics","Disability status","Adults who are limited in any activities because of physical, mental, or emotional problems","Yes","Female","Sex","760",15.5,13.9,17.2,"5","%","Crude Prevalence","","","BRFSS","CLASS05","Topic19",15,"SEX2","CAT2","QLACTLM2","RESP046","    (21.304850435, -157.857749403)"
2013,"IA","Iowa","Demographics","Disability status","Adults who are limited in any activities because of physical, mental, or emotional problems","Yes","Female","Sex","1,134",20.1,18.6,21.5,"5","%","Crude Prevalence","","","BRFSS","CLASS05","Topic19",19,"SEX2","CAT2","QLACTLM2","RESP046","    (42.469400913, -93.816490556)"
2013,"IA","Iowa","Physical Activity","Physical Activity Index","Participated in enough Aerobic and Muscle Strengthening exercises to meet guidelines (variable calculated from one or more BRFSS questions)","Yes","Female","Sex","753",18.6,16.9,20.2,"5","%","Crude Prevalence","","","BRFSS","CLASS15","TOPIC45",19,"SEX2","CAT2","_PASTAE1","RESP046","    (42.469400913, -93.816490556)"
2013,"IA","Iowa","Physical Activity","Strength Activity","Participated in muscle strengthening exercises two or more times per week (variable calculated from one or more BRFSS questions).","Yes","Female","Sex","1,044",25,23.2,26.7,"5","%","Crude Prevalence","","","BRFSS","CLASS15","Topic56",19,"SEX2","CAT2","_PASTRNG","RESP046","    (42.469400913, -93.816490556)"
2013,"IA","Iowa","Physical Activity","Aerobic Activity","Participated in 150 minutes or more of Aerobic Physical Activity per week (variable calculated from one or more BRFSS questions)","Yes","Female","Sex","2,201",48.2,46.2,50.3,"5","%","Crude Prevalence","","","BRFSS","CLASS15","TOPIC01",19,"SEX2","CAT2","_PAINDX1","RESP046","    (42.469400913, -93.816490556)"
2013,"IA","Iowa","Physical Activity","Exercise","During the past month, did you participate in any physical activities? (variable calculated from one or more BRFSS questions)","Yes","Female","Sex","3,248",71.8,70,73.6,"5","%","Crude Prevalence","","","BRFSS","CLASS15","Topic23",19,"SEX2","CAT2","_TOTINDA","RESP046","    (42.469400913, -93.816490556)"
2013,"ID","Idaho","Demographics","Disability status","Adults who are limited in any activities because of physical, mental, or emotional problems","Yes","Female","Sex","846",21.6,19.6,23.6,"5","%","Crude Prevalence","","","BRFSS","CLASS05","Topic19",16,"SEX2","CAT2","QLACTLM2","RESP046","    (43.682630005, -114.363730042)"
2013,"ID","Idaho","Physical Activity","Aerobic Activity","Participated in 150 minutes or more of Aerobic Physical Activity per week (variable calculated from one or more BRFSS questions)","Yes","Female","Sex","1,617",54.2,51.6,56.9,"5","%","Crude Prevalence","","","BRFSS","CLASS15","TOPIC01",16,"SEX2","CAT2","_PAINDX1","RESP046","    (43.682630005, -114.363730042)"
2013,"ID","Idaho","Physical Activity","Exercise","During the past month, did you participate in any physical activities? (variable calculated from one or more BRFSS questions)","Yes","Female","Sex","2,287",76.5,74.3,78.7,"5","%","Crude Prevalence","","","BRFSS","CLASS15","Topic23",16,"SEX2","CAT2","_TOTINDA","RESP046","    (43.682630005, -114.363730042)"
2013,"ID","Idaho","Physical Activity","Strength Activity","Participated in muscle strengthening exercises two or more times per week (variable calculated from one or more BRFSS questions).","Yes","Female","Sex","829",30,27.6,32.4,"5","%","Crude Prevalence","","","BRFSS","CLASS15","Topic56",16,"SEX2","CAT2","_PASTRNG","RESP046","    (43.682630005, -114.363730042)"
2013,"ID","Idaho","Physical Activity","Physical Activity Index","Participated in enough Aerobic and Muscle Strengthening exercises to meet guidelines (variable calculated from one or more BRFSS questions)","Yes","Female","Sex","592",21.4,19.2,23.6,"5","%","Crude Prevalence","","","BRFSS","CLASS15","TOPIC45",16,"SEX2","CAT2","_PASTAE1","RESP046","    (43.682630005, -114.363730042)"
2013,"IL","Illinois","Demographics","Disability status","Adults who are limited in any activities because of physical, mental, or emotional problems","Yes","Female","Sex","721",17.5,15.8,19.3,"5","%","Crude Prevalence","","","BRFSS","CLASS05","Topic19",17,"SEX2","CAT2","QLACTLM2","RESP046","    (40.485010283, -88.997710178)"
2013,"IL","Illinois","Physical Activity","Aerobic Activity","Participated in 150 minutes or more of Aerobic Physical Activity per week (variable calculated from one or more BRFSS questions)","Yes","Female","Sex","1,580",51.5,48.9,54.1,"5","%","Crude Prevalence","","","BRFSS","CLASS15","TOPIC01",17,"SEX2","CAT2","_PAINDX1","RESP046","    (40.485010283, -88.997710178)"
2013,"IL","Illinois","Physical Activity","Exercise","During the past month, did you participate in any physical activities? (variable calculated from one or more BRFSS questions)","Yes","Female","Sex","2,231",73.3,71,75.5,"5","%","Crude Prevalence","","","BRFSS","CLASS15","Topic23",17,"SEX2","CAT2","_TOTINDA","RESP046","    (40.485010283, -88.997710178)"
2013,"IL","Illinois","Physical Activity","Strength Activity","Participated in muscle strengthening exercises two or more times per week (variable calculated from one or more BRFSS questions).","Yes","Female","Sex","755",25.6,23.4,27.9,"5","%","Crude Prevalence","","","BRFSS","CLASS15","Topic56",17,"SEX2","CAT2","_PASTRNG","RESP046","    (40.485010283, -88.997710178)"
2013,"IL","Illinois","Physical Activity","Physical Activity Index","Participated in enough Aerobic and Muscle Strengthening exercises to meet guidelines (variable calculated from one or more BRFSS questions)","Yes","Female","Sex","547",19.5,17.3,21.6,"5","%","Crude Prevalence","","","BRFSS","CLASS15","TOPIC45",17,"SEX2","CAT2","_PASTAE1","RESP046","    (40.485010283, -88.997710178)"
2013,"IN","Indiana","Demographics","Disability status","Adults who are limited in any activities because of physical, mental, or emotional problems","Yes","Female","Sex","1,570",22.1,20.8,23.4,"5","%","Crude Prevalence","","","BRFSS","CLASS05","Topic19",18,"SEX2","CAT2","QLACTLM2","RESP046","    (39.766910452, -86.149960194)"
2013,"IN","Indiana","Physical Activity","Strength Activity","Participated in muscle strengthening exercises two or more times per week (variable calculated from one or more BRFSS questions).","Yes","Female","Sex","1,172",22.1,20.6,23.6,"5","%","Crude Prevalence","","","BRFSS","CLASS15","Topic56",18,"SEX2","CAT2","_PASTRNG","RESP046","    (39.766910452, -86.149960194)"
2013,"IN","Indiana","Physical Activity","Exercise","During the past month, did you participate in any physical activities? (variable calculated from one or more BRFSS questions)","Yes","Female","Sex","3,725",66.9,65.2,68.6,"5","%","Crude Prevalence","","","BRFSS","CLASS15","Topic23",18,"SEX2","CAT2","_TOTINDA","RESP046","    (39.766910452, -86.149960194)"
2013,"IN","Indiana","Physical Activity","Physical Activity Index","Participated in enough Aerobic and Muscle Strengthening exercises to meet guidelines (variable calculated from one or more BRFSS questions)","Yes","Female","Sex","733",14,12.7,15.3,"5","%","Crude Prevalence","","","BRFSS","CLASS15","TOPIC45",18,"SEX2","CAT2","_PASTAE1","RESP046","    (39.766910452, -86.149960194)"
2013,"IN","Indiana","Physical Activity","Aerobic Activity","Participated in 150 minutes or more of Aerobic Physical Activity per week (variable calculated from one or more BRFSS questions)","Yes","Female","Sex","2,298",41.1,39.4,42.9,"5","%","Crude Prevalence","","","BRFSS","CLASS15","TOPIC01",18,"SEX2","CAT2","_PAINDX1","RESP046","    (39.766910452, -86.149960194)"
2013,"KS","Kansas","Physical Activity","Aerobic Activity","Participated in 150 minutes or more of Aerobic Physical Activity per week (variable calculated from one or more BRFSS questions)","Yes","Female","Sex","6,301",49.5,48.4,50.7,"5","%","Crude Prevalence","","","BRFSS","CLASS15","TOPIC01",20,"SEX2","CAT2","_PAINDX1","RESP046","    (38.3477403, -98.200781227)"
2013,"KS","Kansas","Physical Activity","Physical Activity Index","Participated in enough Aerobic and Muscle Strengthening exercises to meet guidelines (variable calculated from one or more BRFSS questions)","Yes","Female","Sex","1,975",16.6,15.7,17.4,"5","%","Crude Prevalence","","","BRFSS","CLASS15","TOPIC45",20,"SEX2","CAT2","_PASTAE1","RESP046","    (38.3477403, -98.200781227)"
2013,"KS","Kansas","Physical Activity","Exercise","During the past month, did you participate in any physical activities? (variable calculated from one or more BRFSS questions)","Yes","Female","Sex","9,339",73.1,72.2,74.1,"5","%","Crude Prevalence","","","BRFSS","CLASS15","Topic23",20,"SEX2","CAT2","_TOTINDA","RESP046","    (38.3477403, -98.200781227)"
2013,"KS","Kansas","Physical Activity","Strength Activity","Participated in muscle strengthening exercises two or more times per week (variable calculated from one or more BRFSS questions).","Yes","Female","Sex","2,899",23.4,22.5,24.4,"5","%","Crude Prevalence","","","BRFSS","CLASS15","Topic56",20,"SEX2","CAT2","_PASTRNG","RESP046","    (38.3477403, -98.200781227)"
2013,"KS","Kansas","Demographics","Disability status","Adults who are limited in any activities because of physical, mental, or emotional problems","Yes","Female","Sex","3,378",20.4,19.6,21.2,"5","%","Crude Prevalence","","","BRFSS","CLASS05","Topic19",20,"SEX2","CAT2","QLACTLM2","RESP046","    (38.3477403, -98.200781227)"
2013,"KY","Kentucky","Physical Activity","Physical Activity Index","Participated in enough Aerobic and Muscle Strengthening exercises to meet guidelines (variable calculated from one or more BRFSS questions)","Yes","Female","Sex","775",13.8,12.4,15.1,"5","%","Crude Prevalence","","","BRFSS","CLASS15","TOPIC45",21,"SEX2","CAT2","_PASTAE1","RESP046","    (37.645970271, -84.774971048)"
2013,"KY","Kentucky","Physical Activity","Strength Activity","Participated in muscle strengthening exercises two or more times per week (variable calculated from one or more BRFSS questions).","Yes","Female","Sex","1,210",20.6,19,22.2,"5","%","Crude Prevalence","","","BRFSS","CLASS15","Topic56",21,"SEX2","CAT2","_PASTRNG","RESP046","    (37.645970271, -84.774971048)"
2013,"KY","Kentucky","Physical Activity","Exercise","During the past month, did you participate in any physical activities? (variable calculated from one or more BRFSS questions)","Yes","Female","Sex","4,365",68.3,66.5,70.2,"5","%","Crude Prevalence","","","BRFSS","CLASS15","Topic23",21,"SEX2","CAT2","_TOTINDA","RESP046","    (37.645970271, -84.774971048)"
2013,"KY","Kentucky","Demographics","Disability status","Adults who are limited in any activities because of physical, mental, or emotional problems","Yes","Female","Sex","2,156",26.7,25.1,28.4,"5","%","Crude Prevalence","","","BRFSS","CLASS05","Topic19",21,"SEX2","CAT2","QLACTLM2","RESP046","    (37.645970271, -84.774971048)"
2013,"KY","Kentucky","Physical Activity","Aerobic Activity","Participated in 150 minutes or more of Aerobic Physical Activity per week (variable calculated from one or more BRFSS questions)","Yes","Female","Sex","2,808",44.9,43,46.9,"5","%","Crude Prevalence","","","BRFSS","CLASS15","TOPIC01",21,"SEX2","CAT2","_PAINDX1","RESP046","    (37.645970271, -84.774971048)"
2013,"LA","Louisiana","Demographics","Disability status","Adults who are limited in any activities because of physical, mental, or emotional problems","Yes","Female","Sex","987",24.2,22,26.4,"5","%","Crude Prevalence","","","BRFSS","CLASS05","Topic19",22,"SEX2","CAT2","QLACTLM2","RESP046","    (31.312660644, -92.445680071)"
2013,"LA","Louisiana","Physical Activity","Physical Activity Index","Participated in enough Aerobic and Muscle Strengthening exercises to meet guidelines (variable calculated from one or more BRFSS questions)","Yes","Female","Sex","383",14.1,11.9,16.4,"5","%","Crude Prevalence","","","BRFSS","CLASS15","TOPIC45",22,"SEX2","CAT2","_PASTAE1","RESP046","    (31.312660644, -92.445680071)"
2013,"LA","Louisiana","Physical Activity","Aerobic Activity","Participated in 150 minutes or more of Aerobic Physical Activity per week (variable calculated from one or more BRFSS questions)","Yes","Female","Sex","1,322",42.5,39.7,45.2,"5","%","Crude Prevalence","","","BRFSS","CLASS15","TOPIC01",22,"SEX2","CAT2","_PAINDX1","RESP046","    (31.312660644, -92.445680071)"
2013,"LA","Louisiana","Physical Activity","Strength Activity","Participated in muscle strengthening exercises two or more times per week (variable calculated from one or more BRFSS questions).","Yes","Female","Sex","631",21,18.6,23.4,"5","%","Crude Prevalence","","","BRFSS","CLASS15","Topic56",22,"SEX2","CAT2","_PASTRNG","RESP046","    (31.312660644, -92.445680071)"
2013,"LA","Louisiana","Physical Activity","Exercise","During the past month, did you participate in any physical activities? (variable calculated from one or more BRFSS questions)","Yes","Female","Sex","2,106",64.5,62,67.1,"5","%","Crude Prevalence","","","BRFSS","CLASS15","Topic23",22,"SEX2","CAT2","_TOTINDA","RESP046","    (31.312660644, -92.445680071)"
2013,"MA","Massachusetts","Physical Activity","Exercise","During the past month, did you participate in any physical activities? (variable calculated from one or more BRFSS questions)","Yes","Female","Sex","5,894",75.4,73.8,76.9,"5","%","Crude Prevalence","","","BRFSS","CLASS15","Topic23",25,"SEX2","CAT2","_TOTINDA","RESP046","    (42.27687047, -72.082690675)"
2013,"MA","Massachusetts","Physical Activity","Aerobic Activity","Participated in 150 minutes or more of Aerobic Physical Activity per week (variable calculated from one or more BRFSS questions)","Yes","Female","Sex","4,105",53.8,52,55.6,"5","%","Crude Prevalence","","","BRFSS","CLASS15","TOPIC01",25,"SEX2","CAT2","_PAINDX1","RESP046","    (42.27687047, -72.082690675)"
2013,"MA","Massachusetts","Physical Activity","Physical Activity Index","Participated in enough Aerobic and Muscle Strengthening exercises to meet guidelines (variable calculated from one or more BRFSS questions)","Yes","Female","Sex","1,518",21.2,19.7,22.8,"5","%","Crude Prevalence","","","BRFSS","CLASS15","TOPIC45",25,"SEX2","CAT2","_PASTAE1","RESP046","    (42.27687047, -72.082690675)"
2013,"MA","Massachusetts","Physical Activity","Strength Activity","Participated in muscle strengthening exercises two or more times per week (variable calculated from one or more BRFSS questions).","Yes","Female","Sex","2,131",28.9,27.3,30.6,"5","%","Crude Prevalence","","","BRFSS","CLASS15","Topic56",25,"SEX2","CAT2","_PASTRNG","RESP046","    (42.27687047, -72.082690675)"
2013,"MA","Massachusetts","Demographics","Disability status","Adults who are limited in any activities because of physical, mental, or emotional problems","Yes","Female","Sex","2,137",19.3,18,20.6,"5","%","Crude Prevalence","","","BRFSS","CLASS05","Topic19",25,"SEX2","CAT2","QLACTLM2","RESP046","    (42.27687047, -72.082690675)"
2013,"MD","Maryland","Demographics","Disability status","Adults who are limited in any activities because of physical, mental, or emotional problems","Yes","Female","Sex","1,730",17.5,16.3,18.8,"5","%","Crude Prevalence","","","BRFSS","CLASS05","Topic19",24,"SEX2","CAT2","QLACTLM2","RESP046","    (39.290580964, -76.609260111)"
2013,"MD","Maryland","Physical Activity","Exercise","During the past month, did you participate in any physical activities? (variable calculated from one or more BRFSS questions)","Yes","Female","Sex","5,347",72.9,71.3,74.5,"5","%","Crude Prevalence","","","BRFSS","CLASS15","Topic23",24,"SEX2","CAT2","_TOTINDA","RESP046","    (39.290580964, -76.609260111)"
2013,"MD","Maryland","Physical Activity","Physical Activity Index","Participated in enough Aerobic and Muscle Strengthening exercises to meet guidelines (variable calculated from one or more BRFSS questions)","Yes","Female","Sex","1,183",17.7,16.4,19.1,"5","%","Crude Prevalence","","","BRFSS","CLASS15","TOPIC45",24,"SEX2","CAT2","_PASTAE1","RESP046","    (39.290580964, -76.609260111)"
2013,"MD","Maryland","Physical Activity","Strength Activity","Participated in muscle strengthening exercises two or more times per week (variable calculated from one or more BRFSS questions).","Yes","Female","Sex","1,854",25.9,24.4,27.5,"5","%","Crude Prevalence","","","BRFSS","CLASS15","Topic56",24,"SEX2","CAT2","_PASTRNG","RESP046","    (39.290580964, -76.609260111)"
2013,"MD","Maryland","Physical Activity","Aerobic Activity","Participated in 150 minutes or more of Aerobic Physical Activity per week (variable calculated from one or more BRFSS questions)","Yes","Female","Sex","3,181",46.7,44.8,48.5,"5","%","Crude Prevalence","","","BRFSS","CLASS15","TOPIC01",24,"SEX2","CAT2","_PAINDX1","RESP046","    (39.290580964, -76.609260111)"
2013,"ME","Maine","Demographics","Disability status","Adults who are limited in any activities because of physical, mental, or emotional problems","Yes","Female","Sex","1,245",23.5,21.9,25,"5","%","Crude Prevalence","","","BRFSS","CLASS05","Topic19",23,"SEX2","CAT2","QLACTLM2","RESP046","    (45.254228894001, -68.985031336)"
2013,"ME","Maine","Physical Activity","Strength Activity","Participated in muscle strengthening exercises two or more times per week (variable calculated from one or more BRFSS questions).","Yes","Female","Sex","1,169",26.9,25.1,28.7,"5","%","Crude Prevalence","","","BRFSS","CLASS15","Topic56",23,"SEX2","CAT2","_PASTRNG","RESP046","    (45.254228894001, -68.985031336)"
2013,"ME","Maine","Physical Activity","Aerobic Activity","Participated in 150 minutes or more of Aerobic Physical Activity per week (variable calculated from one or more BRFSS questions)","Yes","Female","Sex","2,458",54.8,52.8,56.8,"5","%","Crude Prevalence","","","BRFSS","CLASS15","TOPIC01",23,"SEX2","CAT2","_PAINDX1","RESP046","    (45.254228894001, -68.985031336)"
2013,"ME","Maine","Physical Activity","Exercise","During the past month, did you participate in any physical activities? (variable calculated from one or more BRFSS questions)","Yes","Female","Sex","3,467",77,75.4,78.7,"5","%","Crude Prevalence","","","BRFSS","CLASS15","Topic23",23,"SEX2","CAT2","_TOTINDA","RESP046","    (45.254228894001, -68.985031336)"
2013,"ME","Maine","Physical Activity","Physical Activity Index","Participated in enough Aerobic and Muscle Strengthening exercises to meet guidelines (variable calculated from one or more BRFSS questions)","Yes","Female","Sex","829",20.1,18.4,21.8,"5","%","Crude Prevalence","","","BRFSS","CLASS15","TOPIC45",23,"SEX2","CAT2","_PASTAE1","RESP046","    (45.254228894001, -68.985031336)"
2013,"MI","Michigan","Demographics","Disability status","Adults who are limited in any activities because of physical, mental, or emotional problems","Yes","Female","Sex","1,904",23,21.7,24.3,"5","%","Crude Prevalence","","","BRFSS","CLASS05","Topic19",26,"SEX2","CAT2","QLACTLM2","RESP046","    (44.661319543001, -84.71439027)"
2013,"MI","Michigan","Physical Activity","Exercise","During the past month, did you participate in any physical activities? (variable calculated from one or more BRFSS questions)","Yes","Female","Sex","5,175",75,73.6,76.4,"5","%","Crude Prevalence","","","BRFSS","CLASS15","Topic23",26,"SEX2","CAT2","_TOTINDA","RESP046","    (44.661319543001, -84.71439027)"
2013,"MI","Michigan","Physical Activity","Aerobic Activity","Participated in 150 minutes or more of Aerobic Physical Activity per week (variable calculated from one or more BRFSS questions)","Yes","Female","Sex","3,518",51.5,49.9,53.2,"5","%","Crude Prevalence","","","BRFSS","CLASS15","TOPIC01",26,"SEX2","CAT2","_PAINDX1","RESP046","    (44.661319543001, -84.71439027)"
2013,"MI","Michigan","Physical Activity","Physical Activity Index","Participated in enough Aerobic and Muscle Strengthening exercises to meet guidelines (variable calculated from one or more BRFSS questions)","Yes","Female","Sex","1,119",17.1,15.9,18.3,"5","%","Crude Prevalence","","","BRFSS","CLASS15","TOPIC45",26,"SEX2","CAT2","_PASTAE1","RESP046","    (44.661319543001, -84.71439027)"
2013,"MI","Michigan","Physical Activity","Strength Activity","Participated in muscle strengthening exercises two or more times per week (variable calculated from one or more BRFSS questions).","Yes","Female","Sex","1,678",24.8,23.4,26.2,"5","%","Crude Prevalence","","","BRFSS","CLASS15","Topic56",26,"SEX2","CAT2","_PASTRNG","RESP046","    (44.661319543001, -84.71439027)"
2013,"MN","Minnesota","Demographics","Disability status","Adults who are limited in any activities because of physical, mental, or emotional problems","Yes","Female","Sex","1,605",17.4,15.8,19,"5","%","Crude Prevalence","","","BRFSS","CLASS05","Topic19",27,"SEX2","CAT2","QLACTLM2","RESP046","    (46.355648736, -94.794200503)"
2013,"MN","Minnesota","Physical Activity","Aerobic Activity","Participated in 150 minutes or more of Aerobic Physical Activity per week (variable calculated from one or more BRFSS questions)","Yes","Female","Sex","4,035",52.3,50.1,54.5,"5","%","Crude Prevalence","","","BRFSS","CLASS15","TOPIC01",27,"SEX2","CAT2","_PAINDX1","RESP046","    (46.355648736, -94.794200503)"
2013,"MN","Minnesota","Physical Activity","Exercise","During the past month, did you participate in any physical activities? (variable calculated from one or more BRFSS questions)","Yes","Female","Sex","5,942",76.7,74.8,78.6,"5","%","Crude Prevalence","","","BRFSS","CLASS15","Topic23",27,"SEX2","CAT2","_TOTINDA","RESP046","    (46.355648736, -94.794200503)"
2013,"MN","Minnesota","Physical Activity","Strength Activity","Participated in muscle strengthening exercises two or more times per week (variable calculated from one or more BRFSS questions).","Yes","Female","Sex","2,195",29.5,27.5,31.5,"5","%","Crude Prevalence","","","BRFSS","CLASS15","Topic56",27,"SEX2","CAT2","_PASTRNG","RESP046","    (46.355648736, -94.794200503)"
2013,"MN","Minnesota","Physical Activity","Physical Activity Index","Participated in enough Aerobic and Muscle Strengthening exercises to meet guidelines (variable calculated from one or more BRFSS questions)","Yes","Female","Sex","1,510",20.6,18.9,22.4,"5","%","Crude Prevalence","","","BRFSS","CLASS15","TOPIC45",27,"SEX2","CAT2","_PASTAE1","RESP046","    (46.355648736, -94.794200503)"
2013,"MO","Missouri","Physical Activity","Exercise","During the past month, did you participate in any physical activities? (variable calculated from one or more BRFSS questions)","Yes","Female","Sex","2,823",71.4,69.3,73.4,"5","%","Crude Prevalence","","","BRFSS","CLASS15","Topic23",29,"SEX2","CAT2","_TOTINDA","RESP046","    (38.635790776, -92.566300053)"
2013,"MO","Missouri","Physical Activity","Aerobic Activity","Participated in 150 minutes or more of Aerobic Physical Activity per week (variable calculated from one or more BRFSS questions)","Yes","Female","Sex","1,883",48.1,45.7,50.4,"5","%","Crude Prevalence","","","BRFSS","CLASS15","TOPIC01",29,"SEX2","CAT2","_PAINDX1","RESP046","    (38.635790776, -92.566300053)"
2013,"MO","Missouri","Physical Activity","Physical Activity Index","Participated in enough Aerobic and Muscle Strengthening exercises to meet guidelines (variable calculated from one or more BRFSS questions)","Yes","Female","Sex","570",16.7,14.9,18.6,"5","%","Crude Prevalence","","","BRFSS","CLASS15","TOPIC45",29,"SEX2","CAT2","_PASTAE1","RESP046","    (38.635790776, -92.566300053)"
2013,"MO","Missouri","Physical Activity","Strength Activity","Participated in muscle strengthening exercises two or more times per week (variable calculated from one or more BRFSS questions).","Yes","Female","Sex","867",23.6,21.5,25.6,"5","%","Crude Prevalence","","","BRFSS","CLASS15","Topic56",29,"SEX2","CAT2","_PASTRNG","RESP046","    (38.635790776, -92.566300053)"
2013,"MO","Missouri","Demographics","Disability status","Adults who are limited in any activities because of physical, mental, or emotional problems","Yes","Female","Sex","1,238",23.2,21.4,25.1,"5","%","Crude Prevalence","","","BRFSS","CLASS05","Topic19",29,"SEX2","CAT2","QLACTLM2","RESP046","    (38.635790776, -92.566300053)"
2013,"MS","Mississippi","Demographics","Disability status","Adults who are limited in any activities because of physical, mental, or emotional problems","Yes","Female","Sex","1,430",25.4,23.6,27.2,"5","%","Crude Prevalence","","","BRFSS","CLASS05","Topic19",28,"SEX2","CAT2","QLACTLM2","RESP046","    (32.745510099, -89.538030825)"
2013,"MS","Mississippi","Physical Activity","Exercise","During the past month, did you participate in any physical activities? (variable calculated from one or more BRFSS questions)","Yes","Female","Sex","2,575",57.7,55.6,59.9,"5","%","Crude Prevalence","","","BRFSS","CLASS15","Topic23",28,"SEX2","CAT2","_TOTINDA","RESP046","    (32.745510099, -89.538030825)"
2013,"MS","Mississippi","Physical Activity","Physical Activity Index","Participated in enough Aerobic and Muscle Strengthening exercises to meet guidelines (variable calculated from one or more BRFSS questions)","Yes","Female","Sex","423",11.3,9.8,12.8,"5","%","Crude Prevalence","","","BRFSS","CLASS15","TOPIC45",28,"SEX2","CAT2","_PASTAE1","RESP046","    (32.745510099, -89.538030825)"
2013,"MS","Mississippi","Physical Activity","Aerobic Activity","Participated in 150 minutes or more of Aerobic Physical Activity per week (variable calculated from one or more BRFSS questions)","Yes","Female","Sex","1,466",33.9,31.8,36,"5","%","Crude Prevalence","","","BRFSS","CLASS15","TOPIC01",28,"SEX2","CAT2","_PAINDX1","RESP046","    (32.745510099, -89.538030825)"
2013,"MS","Mississippi","Physical Activity","Strength Activity","Participated in muscle strengthening exercises two or more times per week (variable calculated from one or more BRFSS questions).","Yes","Female","Sex","752",18.5,16.7,20.3,"5","%","Crude Prevalence","","","BRFSS","CLASS15","Topic56",28,"SEX2","CAT2","_PASTRNG","RESP046","    (32.745510099, -89.538030825)"
2013,"MT","Montana","Physical Activity","Strength Activity","Participated in muscle strengthening exercises two or more times per week (variable calculated from one or more BRFSS questions).","Yes","Female","Sex","1,337",29.2,27.4,31.1,"5","%","Crude Prevalence","","","BRFSS","CLASS15","Topic56",30,"SEX2","CAT2","_PASTRNG","RESP046","    (47.066528972, -109.424420645)"
2013,"MT","Montana","Physical Activity","Aerobic Activity","Participated in 150 minutes or more of Aerobic Physical Activity per week (variable calculated from one or more BRFSS questions)","Yes","Female","Sex","2,765",58.4,56.4,60.4,"5","%","Crude Prevalence","","","BRFSS","CLASS15","TOPIC01",30,"SEX2","CAT2","_PAINDX1","RESP046","    (47.066528972, -109.424420645)"
2013,"MT","Montana","Physical Activity","Exercise","During the past month, did you participate in any physical activities? (variable calculated from one or more BRFSS questions)","Yes","Female","Sex","3,830",78.5,76.9,80.1,"5","%","Crude Prevalence","","","BRFSS","CLASS15","Topic23",30,"SEX2","CAT2","_TOTINDA","RESP046","    (47.066528972, -109.424420645)"
2013,"MT","Montana","Physical Activity","Physical Activity Index","Participated in enough Aerobic and Muscle Strengthening exercises to meet guidelines (variable calculated from one or more BRFSS questions)","Yes","Female","Sex","973",22.1,20.4,23.9,"5","%","Crude Prevalence","","","BRFSS","CLASS15","TOPIC45",30,"SEX2","CAT2","_PASTAE1","RESP046","    (47.066528972, -109.424420645)"
2013,"MT","Montana","Demographics","Disability status","Adults who are limited in any activities because of physical, mental, or emotional problems","Yes","Female","Sex","1,429",23,21.4,24.6,"5","%","Crude Prevalence","","","BRFSS","CLASS05","Topic19",30,"SEX2","CAT2","QLACTLM2","RESP046","    (47.066528972, -109.424420645)"
2013,"NC","North Carolina","Demographics","Disability status","Adults who are limited in any activities because of physical, mental, or emotional problems","Yes","Female","Sex","1,412",21.8,20.3,23.3,"5","%","Crude Prevalence","","","BRFSS","CLASS05","Topic19",37,"SEX2","CAT2","QLACTLM2","RESP046","    (35.466220975, -79.159250463)"
2013,"NC","North Carolina","Physical Activity","Exercise","During the past month, did you participate in any physical activities? (variable calculated from one or more BRFSS questions)","Yes","Female","Sex","3,571",72,70.3,73.7,"5","%","Crude Prevalence","","","BRFSS","CLASS15","Topic23",37,"SEX2","CAT2","_TOTINDA","RESP046","    (35.466220975, -79.159250463)"
2013,"NC","North Carolina","Physical Activity","Physical Activity Index","Participated in enough Aerobic and Muscle Strengthening exercises to meet guidelines (variable calculated from one or more BRFSS questions)","Yes","Female","Sex","693",16.7,15.1,18.2,"5","%","Crude Prevalence","","","BRFSS","CLASS15","TOPIC45",37,"SEX2","CAT2","_PASTAE1","RESP046","    (35.466220975, -79.159250463)"
2013,"NC","North Carolina","Physical Activity","Strength Activity","Participated in muscle strengthening exercises two or more times per week (variable calculated from one or more BRFSS questions).","Yes","Female","Sex","1,042",23.6,21.9,25.4,"5","%","Crude Prevalence","","","BRFSS","CLASS15","Topic56",37,"SEX2","CAT2","_PASTRNG","RESP046","    (35.466220975, -79.159250463)"
2013,"NC","North Carolina","Physical Activity","Aerobic Activity","Participated in 150 minutes or more of Aerobic Physical Activity per week (variable calculated from one or more BRFSS questions)","Yes","Female","Sex","2,294",47.2,45.3,49.2,"5","%","Crude Prevalence","","","BRFSS","CLASS15","TOPIC01",37,"SEX2","CAT2","_PAINDX1","RESP046","    (35.466220975, -79.159250463)"
2013,"ND","North Dakota","Demographics","Disability status","Adults who are limited in any activities because of physical, mental, or emotional problems","Yes","Female","Sex","833",17.3,15.7,18.9,"5","%","Crude Prevalence","","","BRFSS","CLASS05","Topic19",38,"SEX2","CAT2","QLACTLM2","RESP046","    (47.475319779, -100.118421049)"
2013,"ND","North Dakota","Physical Activity","Aerobic Activity","Participated in 150 minutes or more of Aerobic Physical Activity per week (variable calculated from one or more BRFSS questions)","Yes","Female","Sex","1,902",47.3,45,49.6,"5","%","Crude Prevalence","","","BRFSS","CLASS15","TOPIC01",38,"SEX2","CAT2","_PAINDX1","RESP046","    (47.475319779, -100.118421049)"
2013,"ND","North Dakota","Physical Activity","Exercise","During the past month, did you participate in any physical activities? (variable calculated from one or more BRFSS questions)","Yes","Female","Sex","2,921",72.3,70.2,74.4,"5","%","Crude Prevalence","","","BRFSS","CLASS15","Topic23",38,"SEX2","CAT2","_TOTINDA","RESP046","    (47.475319779, -100.118421049)"
2013,"ND","North Dakota","Physical Activity","Strength Activity","Participated in muscle strengthening exercises two or more times per week (variable calculated from one or more BRFSS questions).","Yes","Female","Sex","909",25.5,23.4,27.5,"5","%","Crude Prevalence","","","BRFSS","CLASS15","Topic56",38,"SEX2","CAT2","_PASTRNG","RESP046","    (47.475319779, -100.118421049)"
2013,"ND","North Dakota","Physical Activity","Physical Activity Index","Participated in enough Aerobic and Muscle Strengthening exercises to meet guidelines (variable calculated from one or more BRFSS questions)","Yes","Female","Sex","591",16.7,14.9,18.5,"5","%","Crude Prevalence","","","BRFSS","CLASS15","TOPIC45",38,"SEX2","CAT2","_PASTAE1","RESP046","    (47.475319779, -100.118421049)"
2013,"NE","Nebraska","Physical Activity","Strength Activity","Participated in muscle strengthening exercises two or more times per week (variable calculated from one or more BRFSS questions).","Yes","Female","Sex","2,131",26,24.4,27.5,"5","%","Crude Prevalence","","","BRFSS","CLASS15","Topic56",31,"SEX2","CAT2","_PASTRNG","RESP046","    (41.641040988001, -99.365720623)"
2013,"NE","Nebraska","Physical Activity","Physical Activity Index","Participated in enough Aerobic and Muscle Strengthening exercises to meet guidelines (variable calculated from one or more BRFSS questions)","Yes","Female","Sex","1,502",18.2,16.8,19.6,"5","%","Crude Prevalence","","","BRFSS","CLASS15","TOPIC45",31,"SEX2","CAT2","_PASTAE1","RESP046","    (41.641040988001, -99.365720623)"
2013,"NE","Nebraska","Physical Activity","Exercise","During the past month, did you participate in any physical activities? (variable calculated from one or more BRFSS questions)","Yes","Female","Sex","7,096",75.7,74.3,77.1,"5","%","Crude Prevalence","","","BRFSS","CLASS15","Topic23",31,"SEX2","CAT2","_TOTINDA","RESP046","    (41.641040988001, -99.365720623)"
2013,"NE","Nebraska","Physical Activity","Aerobic Activity","Participated in 150 minutes or more of Aerobic Physical Activity per week (variable calculated from one or more BRFSS questions)","Yes","Female","Sex","4,905",51.4,49.7,53.2,"5","%","Crude Prevalence","","","BRFSS","CLASS15","TOPIC01",31,"SEX2","CAT2","_PAINDX1","RESP046","    (41.641040988001, -99.365720623)"
2013,"NE","Nebraska","Demographics","Disability status","Adults who are limited in any activities because of physical, mental, or emotional problems","Yes","Female","Sex","2,261",19,17.8,20.2,"5","%","Crude Prevalence","","","BRFSS","CLASS05","Topic19",31,"SEX2","CAT2","QLACTLM2","RESP046","    (41.641040988001, -99.365720623)"
2013,"NH","New Hampshire","Physical Activity","Exercise","During the past month, did you participate in any physical activities? (variable calculated from one or more BRFSS questions)","Yes","Female","Sex","2,672",77.1,75.1,79,"5","%","Crude Prevalence","","","BRFSS","CLASS15","Topic23",33,"SEX2","CAT2","_TOTINDA","RESP046","    (43.655950113, -71.50036092)"
2013,"NH","New Hampshire","Physical Activity","Strength Activity","Participated in muscle strengthening exercises two or more times per week (variable calculated from one or more BRFSS questions).","Yes","Female","Sex","966",30.4,28.2,32.5,"5","%","Crude Prevalence","","","BRFSS","CLASS15","Topic56",33,"SEX2","CAT2","_PASTRNG","RESP046","    (43.655950113, -71.50036092)"
2013,"NH","New Hampshire","Physical Activity","Physical Activity Index","Participated in enough Aerobic and Muscle Strengthening exercises to meet guidelines (variable calculated from one or more BRFSS questions)","Yes","Female","Sex","664",21.3,19.3,23.2,"5","%","Crude Prevalence","","","BRFSS","CLASS15","TOPIC45",33,"SEX2","CAT2","_PASTAE1","RESP046","    (43.655950113, -71.50036092)"
2013,"NH","New Hampshire","Demographics","Disability status","Adults who are limited in any activities because of physical, mental, or emotional problems","Yes","Female","Sex","882",19.6,17.9,21.3,"5","%","Crude Prevalence","","","BRFSS","CLASS05","Topic19",33,"SEX2","CAT2","QLACTLM2","RESP046","    (43.655950113, -71.50036092)"
2013,"NH","New Hampshire","Physical Activity","Aerobic Activity","Participated in 150 minutes or more of Aerobic Physical Activity per week (variable calculated from one or more BRFSS questions)","Yes","Female","Sex","1,860",54.7,52.4,56.9,"5","%","Crude Prevalence","","","BRFSS","CLASS15","TOPIC01",33,"SEX2","CAT2","_PAINDX1","RESP046","    (43.655950113, -71.50036092)"
2013,"NJ","New Jersey","Demographics","Disability status","Adults who are limited in any activities because of physical, mental, or emotional problems","Yes","Female","Sex","1,505",16.6,15.3,17.8,"5","%","Crude Prevalence","","","BRFSS","CLASS05","Topic19",34,"SEX2","CAT2","QLACTLM2","RESP046","    (40.130570048, -74.273691288)"
2013,"NJ","New Jersey","Physical Activity","Aerobic Activity","Participated in 150 minutes or more of Aerobic Physical Activity per week (variable calculated from one or more BRFSS questions)","Yes","Female","Sex","3,294",47.9,46,49.7,"5","%","Crude Prevalence","","","BRFSS","CLASS15","TOPIC01",34,"SEX2","CAT2","_PAINDX1","RESP046","    (40.130570048, -74.273691288)"
2013,"NJ","New Jersey","Physical Activity","Physical Activity Index","Participated in enough Aerobic and Muscle Strengthening exercises to meet guidelines (variable calculated from one or more BRFSS questions)","Yes","Female","Sex","1,175",18.5,17,19.9,"5","%","Crude Prevalence","","","BRFSS","CLASS15","TOPIC45",34,"SEX2","CAT2","_PASTAE1","RESP046","    (40.130570048, -74.273691288)"
2013,"NJ","New Jersey","Physical Activity","Strength Activity","Participated in muscle strengthening exercises two or more times per week (variable calculated from one or more BRFSS questions).","Yes","Female","Sex","1,739",26.4,24.8,28,"5","%","Crude Prevalence","","","BRFSS","CLASS15","Topic56",34,"SEX2","CAT2","_PASTRNG","RESP046","    (40.130570048, -74.273691288)"
2013,"NJ","New Jersey","Physical Activity","Exercise","During the past month, did you participate in any physical activities? (variable calculated from one or more BRFSS questions)","Yes","Female","Sex","4,908",70,68.2,71.7,"5","%","Crude Prevalence","","","BRFSS","CLASS15","Topic23",34,"SEX2","CAT2","_TOTINDA","RESP046","    (40.130570048, -74.273691288)"
2013,"NM","New Mexico","Physical Activity","Exercise","During the past month, did you participate in any physical activities? (variable calculated from one or more BRFSS questions)","Yes","Female","Sex","3,618",74.4,72.6,76.2,"5","%","Crude Prevalence","","","BRFSS","CLASS15","Topic23",35,"SEX2","CAT2","_TOTINDA","RESP046","    (34.520880952, -106.240580985)"
2013,"NM","New Mexico","Physical Activity","Physical Activity Index","Participated in enough Aerobic and Muscle Strengthening exercises to meet guidelines (variable calculated from one or more BRFSS questions)","Yes","Female","Sex","886",20.1,18.3,21.8,"5","%","Crude Prevalence","","","BRFSS","CLASS15","TOPIC45",35,"SEX2","CAT2","_PASTAE1","RESP046","    (34.520880952, -106.240580985)"
2013,"NM","New Mexico","Physical Activity","Aerobic Activity","Participated in 150 minutes or more of Aerobic Physical Activity per week (variable calculated from one or more BRFSS questions)","Yes","Female","Sex","2,562",54,51.9,56.1,"5","%","Crude Prevalence","","","BRFSS","CLASS15","TOPIC01",35,"SEX2","CAT2","_PAINDX1","RESP046","    (34.520880952, -106.240580985)"
2013,"NM","New Mexico","Physical Activity","Strength Activity","Participated in muscle strengthening exercises two or more times per week (variable calculated from one or more BRFSS questions).","Yes","Female","Sex","1,252",27.8,25.9,29.8,"5","%","Crude Prevalence","","","BRFSS","CLASS15","Topic56",35,"SEX2","CAT2","_PASTRNG","RESP046","    (34.520880952, -106.240580985)"
2013,"NM","New Mexico","Demographics","Disability status","Adults who are limited in any activities because of physical, mental, or emotional problems","Yes","Female","Sex","1,356",21.9,20.3,23.4,"5","%","Crude Prevalence","","","BRFSS","CLASS05","Topic19",35,"SEX2","CAT2","QLACTLM2","RESP046","    (34.520880952, -106.240580985)"
2013,"NV","Nevada","Physical Activity","Strength Activity","Participated in muscle strengthening exercises two or more times per week (variable calculated from one or more BRFSS questions).","Yes","Female","Sex","750",26.5,23.6,29.4,"5","%","Crude Prevalence","","","BRFSS","CLASS15","Topic56",32,"SEX2","CAT2","_PASTRNG","RESP046","    (39.49324039, -117.071840564)"
2013,"NV","Nevada","Physical Activity","Aerobic Activity","Participated in 150 minutes or more of Aerobic Physical Activity per week (variable calculated from one or more BRFSS questions)","Yes","Female","Sex","1,431",50.1,46.6,53.7,"5","%","Crude Prevalence","","","BRFSS","CLASS15","TOPIC01",32,"SEX2","CAT2","_PAINDX1","RESP046","    (39.49324039, -117.071840564)"
2013,"NV","Nevada","Physical Activity","Physical Activity Index","Participated in enough Aerobic and Muscle Strengthening exercises to meet guidelines (variable calculated from one or more BRFSS questions)","Yes","Female","Sex","559",20.3,17.7,23,"5","%","Crude Prevalence","","","BRFSS","CLASS15","TOPIC45",32,"SEX2","CAT2","_PASTAE1","RESP046","    (39.49324039, -117.071840564)"
2013,"NV","Nevada","Physical Activity","Exercise","During the past month, did you participate in any physical activities? (variable calculated from one or more BRFSS questions)","Yes","Female","Sex","1,994",72.8,69.7,75.9,"5","%","Crude Prevalence","","","BRFSS","CLASS15","Topic23",32,"SEX2","CAT2","_TOTINDA","RESP046","    (39.49324039, -117.071840564)"
2013,"NV","Nevada","Demographics","Disability status","Adults who are limited in any activities because of physical, mental, or emotional problems","Yes","Female","Sex","751",20.8,18.3,23.3,"5","%","Crude Prevalence","","","BRFSS","CLASS05","Topic19",32,"SEX2","CAT2","QLACTLM2","RESP046","    (39.49324039, -117.071840564)"
2013,"NY","New York","Demographics","Disability status","Adults who are limited in any activities because of physical, mental, or emotional problems","Yes","Female","Sex","1,152",20.5,18.9,22,"5","%","Crude Prevalence","","","BRFSS","CLASS05","Topic19",36,"SEX2","CAT2","QLACTLM2","RESP046","    (42.827001032, -75.543970427)"
2013,"NY","New York","Physical Activity","Exercise","During the past month, did you participate in any physical activities? (variable calculated from one or more BRFSS questions)","Yes","Female","Sex","3,432",71.6,69.9,73.4,"5","%","Crude Prevalence","","","BRFSS","CLASS15","Topic23",36,"SEX2","CAT2","_TOTINDA","RESP046","    (42.827001032, -75.543970427)"
2013,"NY","New York","Physical Activity","Aerobic Activity","Participated in 150 minutes or more of Aerobic Physical Activity per week (variable calculated from one or more BRFSS questions)","Yes","Female","Sex","2,177",46.4,44.4,48.3,"5","%","Crude Prevalence","","","BRFSS","CLASS15","TOPIC01",36,"SEX2","CAT2","_PAINDX1","RESP046","    (42.827001032, -75.543970427)"
2013,"NY","New York","Physical Activity","Physical Activity Index","Participated in enough Aerobic and Muscle Strengthening exercises to meet guidelines (variable calculated from one or more BRFSS questions)","Yes","Female","Sex","770",16.5,15.1,17.9,"5","%","Crude Prevalence","","","BRFSS","CLASS15","TOPIC45",36,"SEX2","CAT2","_PASTAE1","RESP046","    (42.827001032, -75.543970427)"
2013,"NY","New York","Physical Activity","Strength Activity","Participated in muscle strengthening exercises two or more times per week (variable calculated from one or more BRFSS questions).","Yes","Female","Sex","1,187",24.6,22.9,26.2,"5","%","Crude Prevalence","","","BRFSS","CLASS15","Topic56",36,"SEX2","CAT2","_PASTRNG","RESP046","    (42.827001032, -75.543970427)"
2013,"OH","Ohio","Demographics","Disability status","Adults who are limited in any activities because of physical, mental, or emotional problems","Yes","Female","Sex","1,750",21.2,19.8,22.6,"5","%","Crude Prevalence","","","BRFSS","CLASS05","Topic19",39,"SEX2","CAT2","QLACTLM2","RESP046","    (40.060210141, -82.404260056)"
2013,"OH","Ohio","Physical Activity","Physical Activity Index","Participated in enough Aerobic and Muscle Strengthening exercises to meet guidelines (variable calculated from one or more BRFSS questions)","Yes","Female","Sex","968",16.5,15,17.9,"5","%","Crude Prevalence","","","BRFSS","CLASS15","TOPIC45",39,"SEX2","CAT2","_PASTAE1","RESP046","    (40.060210141, -82.404260056)"
2013,"OH","Ohio","Physical Activity","Exercise","During the past month, did you participate in any physical activities? (variable calculated from one or more BRFSS questions)","Yes","Female","Sex","4,557",70.4,68.7,72,"5","%","Crude Prevalence","","","BRFSS","CLASS15","Topic23",39,"SEX2","CAT2","_TOTINDA","RESP046","    (40.060210141, -82.404260056)"
2013,"OH","Ohio","Physical Activity","Strength Activity","Participated in muscle strengthening exercises two or more times per week (variable calculated from one or more BRFSS questions).","Yes","Female","Sex","1,463",23.9,22.3,25.6,"5","%","Crude Prevalence","","","BRFSS","CLASS15","Topic56",39,"SEX2","CAT2","_PASTRNG","RESP046","    (40.060210141, -82.404260056)"
2013,"OH","Ohio","Physical Activity","Aerobic Activity","Participated in 150 minutes or more of Aerobic Physical Activity per week (variable calculated from one or more BRFSS questions)","Yes","Female","Sex","3,062",47.9,46,49.7,"5","%","Crude Prevalence","","","BRFSS","CLASS15","TOPIC01",39,"SEX2","CAT2","_PAINDX1","RESP046","    (40.060210141, -82.404260056)"
2013,"OK","Oklahoma","Physical Activity","Strength Activity","Participated in muscle strengthening exercises two or more times per week (variable calculated from one or more BRFSS questions).","Yes","Female","Sex","896",19.9,18.4,21.5,"5","%","Crude Prevalence","","","BRFSS","CLASS15","Topic56",40,"SEX2","CAT2","_PASTRNG","RESP046","    (35.472031356, -97.521070214)"
2013,"OK","Oklahoma","Physical Activity","Aerobic Activity","Participated in 150 minutes or more of Aerobic Physical Activity per week (variable calculated from one or more BRFSS questions)","Yes","Female","Sex","1,985",43.5,41.6,45.4,"5","%","Crude Prevalence","","","BRFSS","CLASS15","TOPIC01",40,"SEX2","CAT2","_PAINDX1","RESP046","    (35.472031356, -97.521070214)"
2013,"OK","Oklahoma","Physical Activity","Physical Activity Index","Participated in enough Aerobic and Muscle Strengthening exercises to meet guidelines (variable calculated from one or more BRFSS questions)","Yes","Female","Sex","596",14,12.7,15.3,"5","%","Crude Prevalence","","","BRFSS","CLASS15","TOPIC45",40,"SEX2","CAT2","_PASTAE1","RESP046","    (35.472031356, -97.521070214)"
2013,"OK","Oklahoma","Physical Activity","Exercise","During the past month, did you participate in any physical activities? (variable calculated from one or more BRFSS questions)","Yes","Female","Sex","2,997",65.9,64.1,67.6,"5","%","Crude Prevalence","","","BRFSS","CLASS15","Topic23",40,"SEX2","CAT2","_TOTINDA","RESP046","    (35.472031356, -97.521070214)"
2013,"OK","Oklahoma","Demographics","Disability status","Adults who are limited in any activities because of physical, mental, or emotional problems","Yes","Female","Sex","1,497",26.2,24.6,27.8,"5","%","Crude Prevalence","","","BRFSS","CLASS05","Topic19",40,"SEX2","CAT2","QLACTLM2","RESP046","    (35.472031356, -97.521070214)"
2013,"OR","Oregon","Physical Activity","Exercise","During the past month, did you participate in any physical activities? (variable calculated from one or more BRFSS questions)","Yes","Female","Sex","2,532",82.3,80.3,84.3,"5","%","Crude Prevalence","","","BRFSS","CLASS15","Topic23",41,"SEX2","CAT2","_TOTINDA","RESP046","    (44.567449424, -120.155031326)"
2013,"OR","Oregon","Physical Activity","Physical Activity Index","Participated in enough Aerobic and Muscle Strengthening exercises to meet guidelines (variable calculated from one or more BRFSS questions)","Yes","Female","Sex","684",25.1,22.9,27.2,"5","%","Crude Prevalence","","","BRFSS","CLASS15","TOPIC45",41,"SEX2","CAT2","_PASTAE1","RESP046","    (44.567449424, -120.155031326)"
2013,"OR","Oregon","Physical Activity","Aerobic Activity","Participated in 150 minutes or more of Aerobic Physical Activity per week (variable calculated from one or more BRFSS questions)","Yes","Female","Sex","1,975",65.4,63,67.9,"5","%","Crude Prevalence","","","BRFSS","CLASS15","TOPIC01",41,"SEX2","CAT2","_PAINDX1","RESP046","    (44.567449424, -120.155031326)"
2013,"OR","Oregon","Physical Activity","Strength Activity","Participated in muscle strengthening exercises two or more times per week (variable calculated from one or more BRFSS questions).","Yes","Female","Sex","852",30.2,27.9,32.5,"5","%","Crude Prevalence","","","BRFSS","CLASS15","Topic56",41,"SEX2","CAT2","_PASTRNG","RESP046","    (44.567449424, -120.155031326)"
2013,"OR","Oregon","Demographics","Disability status","Adults who are limited in any activities because of physical, mental, or emotional problems","Yes","Female","Sex","911",22.6,20.8,24.4,"5","%","Crude Prevalence","","","BRFSS","CLASS05","Topic19",41,"SEX2","CAT2","QLACTLM2","RESP046","    (44.567449424, -120.155031326)"
2013,"PA","Pennsylvania","Demographics","Disability status","Adults who are limited in any activities because of physical, mental, or emotional problems","Yes","Female","Sex","1,638",21.9,20.5,23.2,"5","%","Crude Prevalence","","","BRFSS","CLASS05","Topic19",42,"SEX2","CAT2","QLACTLM2","RESP046","    (40.793730152, -77.860700294)"
2013,"PA","Pennsylvania","Physical Activity","Aerobic Activity","Participated in 150 minutes or more of Aerobic Physical Activity per week (variable calculated from one or more BRFSS questions)","Yes","Female","Sex","2,752",47,45.2,48.8,"5","%","Crude Prevalence","","","BRFSS","CLASS15","TOPIC01",42,"SEX2","CAT2","_PAINDX1","RESP046","    (40.793730152, -77.860700294)"
2013,"PA","Pennsylvania","Physical Activity","Strength Activity","Participated in muscle strengthening exercises two or more times per week (variable calculated from one or more BRFSS questions).","Yes","Female","Sex","1,386",24.5,23,26.1,"5","%","Crude Prevalence","","","BRFSS","CLASS15","Topic56",42,"SEX2","CAT2","_PASTRNG","RESP046","    (40.793730152, -77.860700294)"
2013,"PA","Pennsylvania","Physical Activity","Exercise","During the past month, did you participate in any physical activities? (variable calculated from one or more BRFSS questions)","Yes","Female","Sex","4,293",71.9,70.4,73.5,"5","%","Crude Prevalence","","","BRFSS","CLASS15","Topic23",42,"SEX2","CAT2","_TOTINDA","RESP046","    (40.793730152, -77.860700294)"
2013,"PA","Pennsylvania","Physical Activity","Physical Activity Index","Participated in enough Aerobic and Muscle Strengthening exercises to meet guidelines (variable calculated from one or more BRFSS questions)","Yes","Female","Sex","884",16.4,15,17.8,"5","%","Crude Prevalence","","","BRFSS","CLASS15","TOPIC45",42,"SEX2","CAT2","_PASTAE1","RESP046","    (40.793730152, -77.860700294)"
2013,"PR","Puerto Rico","Physical Activity","Exercise","During the past month, did you participate in any physical activities? (variable calculated from one or more BRFSS questions)","Yes","Female","Sex","1,684",45,42.9,47.1,"5","%","Crude Prevalence","","","BRFSS","CLASS15","Topic23",72,"SEX2","CAT2","_TOTINDA","RESP046","    (18.220833, -66.590149)"
2013,"PR","Puerto Rico","Physical Activity","Physical Activity Index","Participated in enough Aerobic and Muscle Strengthening exercises to meet guidelines (variable calculated from one or more BRFSS questions)","Yes","Female","Sex","175",5.3,4.2,6.3,"5","%","Crude Prevalence","","","BRFSS","CLASS15","TOPIC45",72,"SEX2","CAT2","_PASTAE1","RESP046","    (18.220833, -66.590149)"
2013,"PR","Puerto Rico","Physical Activity","Aerobic Activity","Participated in 150 minutes or more of Aerobic Physical Activity per week (variable calculated from one or more BRFSS questions)","Yes","Female","Sex","1,037",28.1,26.3,30,"5","%","Crude Prevalence","","","BRFSS","CLASS15","TOPIC01",72,"SEX2","CAT2","_PAINDX1","RESP046","    (18.220833, -66.590149)"
2013,"PR","Puerto Rico","Physical Activity","Strength Activity","Participated in muscle strengthening exercises two or more times per week (variable calculated from one or more BRFSS questions).","Yes","Female","Sex","231",6.8,5.7,8,"5","%","Crude Prevalence","","","BRFSS","CLASS15","Topic56",72,"SEX2","CAT2","_PASTRNG","RESP046","    (18.220833, -66.590149)"
2013,"PR","Puerto Rico","Demographics","Disability status","Adults who are limited in any activities because of physical, mental, or emotional problems","Yes","Female","Sex","799",18.9,17.3,20.4,"5","%","Crude Prevalence","","","BRFSS","CLASS05","Topic19",72,"SEX2","CAT2","QLACTLM2","RESP046","    (18.220833, -66.590149)"
2013,"RI","Rhode Island","Demographics","Disability status","Adults who are limited in any activities because of physical, mental, or emotional problems","Yes","Female","Sex","975",21.4,19.7,23.1,"5","%","Crude Prevalence","","","BRFSS","CLASS05","Topic19",44,"SEX2","CAT2","QLACTLM2","RESP046","    (41.708280193, -71.522470314)"
2013,"RI","Rhode Island","Physical Activity","Physical Activity Index","Participated in enough Aerobic and Muscle Strengthening exercises to meet guidelines (variable calculated from one or more BRFSS questions)","Yes","Female","Sex","557",17.5,15.6,19.4,"5","%","Crude Prevalence","","","BRFSS","CLASS15","TOPIC45",44,"SEX2","CAT2","_PASTAE1","RESP046","    (41.708280193, -71.522470314)"
2013,"RI","Rhode Island","Physical Activity","Aerobic Activity","Participated in 150 minutes or more of Aerobic Physical Activity per week (variable calculated from one or more BRFSS questions)","Yes","Female","Sex","1,657",47.6,45.4,49.9,"5","%","Crude Prevalence","","","BRFSS","CLASS15","TOPIC01",44,"SEX2","CAT2","_PAINDX1","RESP046","    (41.708280193, -71.522470314)"
2013,"RI","Rhode Island","Physical Activity","Exercise","During the past month, did you participate in any physical activities? (variable calculated from one or more BRFSS questions)","Yes","Female","Sex","2,565",71.7,69.7,73.7,"5","%","Crude Prevalence","","","BRFSS","CLASS15","Topic23",44,"SEX2","CAT2","_TOTINDA","RESP046","    (41.708280193, -71.522470314)"
2013,"RI","Rhode Island","Physical Activity","Strength Activity","Participated in muscle strengthening exercises two or more times per week (variable calculated from one or more BRFSS questions).","Yes","Female","Sex","836",24.9,22.8,27,"5","%","Crude Prevalence","","","BRFSS","CLASS15","Topic56",44,"SEX2","CAT2","_PASTRNG","RESP046","    (41.708280193, -71.522470314)"
2013,"SC","South Carolina","Demographics","Disability status","Adults who are limited in any activities because of physical, mental, or emotional problems","Yes","Female","Sex","1,714",24.1,22.6,25.6,"5","%","Crude Prevalence","","","BRFSS","CLASS05","Topic19",45,"SEX2","CAT2","QLACTLM2","RESP046","    (33.998821303, -81.045371207)"
2013,"SC","South Carolina","Physical Activity","Strength Activity","Participated in muscle strengthening exercises two or more times per week (variable calculated from one or more BRFSS questions).","Yes","Female","Sex","1,260",21.8,20.3,23.4,"5","%","Crude Prevalence","","","BRFSS","CLASS15","Topic56",45,"SEX2","CAT2","_PASTRNG","RESP046","    (33.998821303, -81.045371207)"
2013,"SC","South Carolina","Physical Activity","Physical Activity Index","Participated in enough Aerobic and Muscle Strengthening exercises to meet guidelines (variable calculated from one or more BRFSS questions)","Yes","Female","Sex","874",15.8,14.4,17.2,"5","%","Crude Prevalence","","","BRFSS","CLASS15","TOPIC45",45,"SEX2","CAT2","_PASTAE1","RESP046","    (33.998821303, -81.045371207)"
2013,"SC","South Carolina","Physical Activity","Aerobic Activity","Participated in 150 minutes or more of Aerobic Physical Activity per week (variable calculated from one or more BRFSS questions)","Yes","Female","Sex","2,715",46.8,44.8,48.7,"5","%","Crude Prevalence","","","BRFSS","CLASS15","TOPIC01",45,"SEX2","CAT2","_PAINDX1","RESP046","    (33.998821303, -81.045371207)"
2013,"SC","South Carolina","Physical Activity","Exercise","During the past month, did you participate in any physical activities? (variable calculated from one or more BRFSS questions)","Yes","Female","Sex","4,182",70.8,69.1,72.5,"5","%","Crude Prevalence","","","BRFSS","CLASS15","Topic23",45,"SEX2","CAT2","_TOTINDA","RESP046","    (33.998821303, -81.045371207)"
2013,"SD","South Dakota","Physical Activity","Physical Activity Index","Participated in enough Aerobic and Muscle Strengthening exercises to meet guidelines (variable calculated from one or more BRFSS questions)","Yes","Female","Sex","626",16.9,14.9,18.9,"5","%","Crude Prevalence","","","BRFSS","CLASS15","TOPIC45",46,"SEX2","CAT2","_PASTAE1","RESP046","    (44.353130053, -100.373530637)"
2013,"SD","South Dakota","Physical Activity","Aerobic Activity","Participated in 150 minutes or more of Aerobic Physical Activity per week (variable calculated from one or more BRFSS questions)","Yes","Female","Sex","2,004",55.6,52.8,58.4,"5","%","Crude Prevalence","","","BRFSS","CLASS15","TOPIC01",46,"SEX2","CAT2","_PAINDX1","RESP046","    (44.353130053, -100.373530637)"
2013,"SD","South Dakota","Physical Activity","Exercise","During the past month, did you participate in any physical activities? (variable calculated from one or more BRFSS questions)","Yes","Female","Sex","2,804",78.3,76.1,80.5,"5","%","Crude Prevalence","","","BRFSS","CLASS15","Topic23",46,"SEX2","CAT2","_TOTINDA","RESP046","    (44.353130053, -100.373530637)"
2013,"SD","South Dakota","Physical Activity","Strength Activity","Participated in muscle strengthening exercises two or more times per week (variable calculated from one or more BRFSS questions).","Yes","Female","Sex","862",24.6,22.2,27,"5","%","Crude Prevalence","","","BRFSS","CLASS15","Topic56",46,"SEX2","CAT2","_PASTRNG","RESP046","    (44.353130053, -100.373530637)"
2013,"SD","South Dakota","Demographics","Disability status","Adults who are limited in any activities because of physical, mental, or emotional problems","Yes","Female","Sex","875",19.8,17.7,21.8,"5","%","Crude Prevalence","","","BRFSS","CLASS05","Topic19",46,"SEX2","CAT2","QLACTLM2","RESP046","    (44.353130053, -100.373530637)"
2013,"TN","Tennessee","Demographics","Disability status","Adults who are limited in any activities because of physical, mental, or emotional problems","Yes","Female","Sex","1,088",24.6,22.7,26.5,"5","%","Crude Prevalence","","","BRFSS","CLASS05","Topic19",47,"SEX2","CAT2","QLACTLM2","RESP046","    (35.68094058, -85.774490914)"
2013,"TN","Tennessee","Physical Activity","Exercise","During the past month, did you participate in any physical activities? (variable calculated from one or more BRFSS questions)","Yes","Female","Sex","1,930",60.5,58.1,62.9,"5","%","Crude Prevalence","","","BRFSS","CLASS15","Topic23",47,"SEX2","CAT2","_TOTINDA","RESP046","    (35.68094058, -85.774490914)"
2013,"TN","Tennessee","Physical Activity","Aerobic Activity","Participated in 150 minutes or more of Aerobic Physical Activity per week (variable calculated from one or more BRFSS questions)","Yes","Female","Sex","1,075",35.4,33,37.8,"5","%","Crude Prevalence","","","BRFSS","CLASS15","TOPIC01",47,"SEX2","CAT2","_PAINDX1","RESP046","    (35.68094058, -85.774490914)"
2013,"TN","Tennessee","Physical Activity","Physical Activity Index","Participated in enough Aerobic and Muscle Strengthening exercises to meet guidelines (variable calculated from one or more BRFSS questions)","Yes","Female","Sex","279",9.9,8.4,11.4,"5","%","Crude Prevalence","","","BRFSS","CLASS15","TOPIC45",47,"SEX2","CAT2","_PASTAE1","RESP046","    (35.68094058, -85.774490914)"
2013,"TN","Tennessee","Physical Activity","Strength Activity","Participated in muscle strengthening exercises two or more times per week (variable calculated from one or more BRFSS questions).","Yes","Female","Sex","461",15.3,13.5,17.1,"5","%","Crude Prevalence","","","BRFSS","CLASS15","Topic56",47,"SEX2","CAT2","_PASTRNG","RESP046","    (35.68094058, -85.774490914)"
2013,"TX","Texas","Demographics","Disability status","Adults who are limited in any activities because of physical, mental, or emotional problems","Yes","Female","Sex","1,457",17.2,15.8,18.6,"5","%","Crude Prevalence","","","BRFSS","CLASS05","Topic19",48,"SEX2","CAT2","QLACTLM2","RESP046","    (31.827240407, -99.426770206)"
2013,"TX","Texas","Physical Activity","Strength Activity","Participated in muscle strengthening exercises two or more times per week (variable calculated from one or more BRFSS questions).","Yes","Female","Sex","1,278",21.4,19.8,23.1,"5","%","Crude Prevalence","","","BRFSS","CLASS15","Topic56",48,"SEX2","CAT2","_PASTRNG","RESP046","    (31.827240407, -99.426770206)"
2013,"TX","Texas","Physical Activity","Aerobic Activity","Participated in 150 minutes or more of Aerobic Physical Activity per week (variable calculated from one or more BRFSS questions)","Yes","Female","Sex","2,397",40,38,42.1,"5","%","Crude Prevalence","","","BRFSS","CLASS15","TOPIC01",48,"SEX2","CAT2","_PAINDX1","RESP046","    (31.827240407, -99.426770206)"
2013,"TX","Texas","Physical Activity","Exercise","During the past month, did you participate in any physical activities? (variable calculated from one or more BRFSS questions)","Yes","Female","Sex","4,003",66.5,64.5,68.5,"5","%","Crude Prevalence","","","BRFSS","CLASS15","Topic23",48,"SEX2","CAT2","_TOTINDA","RESP046","    (31.827240407, -99.426770206)"
2013,"TX","Texas","Physical Activity","Physical Activity Index","Participated in enough Aerobic and Muscle Strengthening exercises to meet guidelines (variable calculated from one or more BRFSS questions)","Yes","Female","Sex","788",14,12.6,15.4,"5","%","Crude Prevalence","","","BRFSS","CLASS15","TOPIC45",48,"SEX2","CAT2","_PASTAE1","RESP046","    (31.827240407, -99.426770206)"
2013,"UT","Utah","Demographics","Disability status","Adults who are limited in any activities because of physical, mental, or emotional problems","Yes","Female","Sex","1,646",18.9,17.7,20,"5","%","Crude Prevalence","","","BRFSS","CLASS05","Topic19",49,"SEX2","CAT2","QLACTLM2","RESP046","    (39.360700171, -111.587130635)"
2013,"UT","Utah","Physical Activity","Exercise","During the past month, did you participate in any physical activities? (variable calculated from one or more BRFSS questions)","Yes","Female","Sex","5,130",78.5,77.2,79.8,"5","%","Crude Prevalence","","","BRFSS","CLASS15","Topic23",49,"SEX2","CAT2","_TOTINDA","RESP046","    (39.360700171, -111.587130635)"
2013,"UT","Utah","Physical Activity","Aerobic Activity","Participated in 150 minutes or more of Aerobic Physical Activity per week (variable calculated from one or more BRFSS questions)","Yes","Female","Sex","3,674",55.3,53.7,57,"5","%","Crude Prevalence","","","BRFSS","CLASS15","TOPIC01",49,"SEX2","CAT2","_PAINDX1","RESP046","    (39.360700171, -111.587130635)"
2013,"UT","Utah","Physical Activity","Physical Activity Index","Participated in enough Aerobic and Muscle Strengthening exercises to meet guidelines (variable calculated from one or more BRFSS questions)","Yes","Female","Sex","1,339",21.3,20,22.6,"5","%","Crude Prevalence","","","BRFSS","CLASS15","TOPIC45",49,"SEX2","CAT2","_PASTAE1","RESP046","    (39.360700171, -111.587130635)"
2013,"UT","Utah","Physical Activity","Strength Activity","Participated in muscle strengthening exercises two or more times per week (variable calculated from one or more BRFSS questions).","Yes","Female","Sex","1,813",28.8,27.3,30.2,"5","%","Crude Prevalence","","","BRFSS","CLASS15","Topic56",49,"SEX2","CAT2","_PASTRNG","RESP046","    (39.360700171, -111.587130635)"
2013,"VA","Virginia","Physical Activity","Aerobic Activity","Participated in 150 minutes or more of Aerobic Physical Activity per week (variable calculated from one or more BRFSS questions)","Yes","Female","Sex","2,231",49.9,47.8,52,"5","%","Crude Prevalence","","","BRFSS","CLASS15","TOPIC01",51,"SEX2","CAT2","_PAINDX1","RESP046","    (37.542680674, -78.457890463)"
2013,"VA","Virginia","Physical Activity","Strength Activity","Participated in muscle strengthening exercises two or more times per week (variable calculated from one or more BRFSS questions).","Yes","Female","Sex","1,158",26.3,24.5,28.2,"5","%","Crude Prevalence","","","BRFSS","CLASS15","Topic56",51,"SEX2","CAT2","_PASTRNG","RESP046","    (37.542680674, -78.457890463)"
2013,"VA","Virginia","Physical Activity","Exercise","During the past month, did you participate in any physical activities? (variable calculated from one or more BRFSS questions)","Yes","Female","Sex","3,286",71.7,69.8,73.5,"5","%","Crude Prevalence","","","BRFSS","CLASS15","Topic23",51,"SEX2","CAT2","_TOTINDA","RESP046","    (37.542680674, -78.457890463)"
2013,"VA","Virginia","Physical Activity","Physical Activity Index","Participated in enough Aerobic and Muscle Strengthening exercises to meet guidelines (variable calculated from one or more BRFSS questions)","Yes","Female","Sex","811",18.9,17.3,20.5,"5","%","Crude Prevalence","","","BRFSS","CLASS15","TOPIC45",51,"SEX2","CAT2","_PASTAE1","RESP046","    (37.542680674, -78.457890463)"
2013,"VA","Virginia","Demographics","Disability status","Adults who are limited in any activities because of physical, mental, or emotional problems","Yes","Female","Sex","1,092",19.7,18.3,21.2,"5","%","Crude Prevalence","","","BRFSS","CLASS05","Topic19",51,"SEX2","CAT2","QLACTLM2","RESP046","    (37.542680674, -78.457890463)"
2013,"VT","Vermont","Demographics","Disability status","Adults who are limited in any activities because of physical, mental, or emotional problems","Yes","Female","Sex","830",19.8,18.2,21.4,"5","%","Crude Prevalence","","","BRFSS","CLASS05","Topic19",50,"SEX2","CAT2","QLACTLM2","RESP046","    (43.625381239, -72.517640791)"
2013,"VT","Vermont","Physical Activity","Strength Activity","Participated in muscle strengthening exercises two or more times per week (variable calculated from one or more BRFSS questions).","Yes","Female","Sex","964",29.1,27.1,31.1,"5","%","Crude Prevalence","","","BRFSS","CLASS15","Topic56",50,"SEX2","CAT2","_PASTRNG","RESP046","    (43.625381239, -72.517640791)"
2013,"VT","Vermont","Physical Activity","Aerobic Activity","Participated in 150 minutes or more of Aerobic Physical Activity per week (variable calculated from one or more BRFSS questions)","Yes","Female","Sex","2,019",59.4,57.2,61.6,"5","%","Crude Prevalence","","","BRFSS","CLASS15","TOPIC01",50,"SEX2","CAT2","_PAINDX1","RESP046","    (43.625381239, -72.517640791)"
2013,"VT","Vermont","Physical Activity","Physical Activity Index","Participated in enough Aerobic and Muscle Strengthening exercises to meet guidelines (variable calculated from one or more BRFSS questions)","Yes","Female","Sex","710",22.6,20.7,24.5,"5","%","Crude Prevalence","","","BRFSS","CLASS15","TOPIC45",50,"SEX2","CAT2","_PASTAE1","RESP046","    (43.625381239, -72.517640791)"
2013,"VT","Vermont","Physical Activity","Exercise","During the past month, did you participate in any physical activities? (variable calculated from one or more BRFSS questions)","Yes","Female","Sex","2,725",80.1,78.5,81.7,"5","%","Crude Prevalence","","","BRFSS","CLASS15","Topic23",50,"SEX2","CAT2","_TOTINDA","RESP046","    (43.625381239, -72.517640791)"
2013,"WA","Washington","Physical Activity","Physical Activity Index","Participated in enough Aerobic and Muscle Strengthening exercises to meet guidelines (variable calculated from one or more BRFSS questions)","Yes","Female","Sex","1,212",20,18.6,21.4,"5","%","Crude Prevalence","","","BRFSS","CLASS15","TOPIC45",53,"SEX2","CAT2","_PASTAE1","RESP046","    (47.522278629, -120.47001079)"
2013,"WA","Washington","Physical Activity","Strength Activity","Participated in muscle strengthening exercises two or more times per week (variable calculated from one or more BRFSS questions).","Yes","Female","Sex","1,652",27.9,26.3,29.5,"5","%","Crude Prevalence","","","BRFSS","CLASS15","Topic56",53,"SEX2","CAT2","_PASTRNG","RESP046","    (47.522278629, -120.47001079)"
2013,"WA","Washington","Physical Activity","Exercise","During the past month, did you participate in any physical activities? (variable calculated from one or more BRFSS questions)","Yes","Female","Sex","4,898",79.7,78.3,81.2,"5","%","Crude Prevalence","","","BRFSS","CLASS15","Topic23",53,"SEX2","CAT2","_TOTINDA","RESP046","    (47.522278629, -120.47001079)"
2013,"WA","Washington","Demographics","Disability status","Adults who are limited in any activities because of physical, mental, or emotional problems","Yes","Female","Sex","1,914",25.3,23.8,26.7,"5","%","Crude Prevalence","","","BRFSS","CLASS05","Topic19",53,"SEX2","CAT2","QLACTLM2","RESP046","    (47.522278629, -120.47001079)"
2013,"WA","Washington","Physical Activity","Aerobic Activity","Participated in 150 minutes or more of Aerobic Physical Activity per week (variable calculated from one or more BRFSS questions)","Yes","Female","Sex","3,543",56.8,55,58.6,"5","%","Crude Prevalence","","","BRFSS","CLASS15","TOPIC01",53,"SEX2","CAT2","_PAINDX1","RESP046","    (47.522278629, -120.47001079)"
2013,"WI","Wisconsin","Demographics","Disability status","Adults who are limited in any activities because of physical, mental, or emotional problems","Yes","Female","Sex","768",20.2,18.1,22.4,"5","%","Crude Prevalence","","","BRFSS","CLASS05","Topic19",55,"SEX2","CAT2","QLACTLM2","RESP046","    (44.393191174, -89.816370742)"
2013,"WI","Wisconsin","Physical Activity","Physical Activity Index","Participated in enough Aerobic and Muscle Strengthening exercises to meet guidelines (variable calculated from one or more BRFSS questions)","Yes","Female","Sex","600",19.8,17.6,22.1,"5","%","Crude Prevalence","","","BRFSS","CLASS15","TOPIC45",55,"SEX2","CAT2","_PASTAE1","RESP046","    (44.393191174, -89.816370742)"
2013,"WI","Wisconsin","Physical Activity","Aerobic Activity","Participated in 150 minutes or more of Aerobic Physical Activity per week (variable calculated from one or more BRFSS questions)","Yes","Female","Sex","1,714",54.2,51.4,57,"5","%","Crude Prevalence","","","BRFSS","CLASS15","TOPIC01",55,"SEX2","CAT2","_PAINDX1","RESP046","    (44.393191174, -89.816370742)"
2013,"WI","Wisconsin","Physical Activity","Exercise","During the past month, did you participate in any physical activities? (variable calculated from one or more BRFSS questions)","Yes","Female","Sex","2,431",77,74.8,79.2,"5","%","Crude Prevalence","","","BRFSS","CLASS15","Topic23",55,"SEX2","CAT2","_TOTINDA","RESP046","    (44.393191174, -89.816370742)"
2013,"WI","Wisconsin","Physical Activity","Strength Activity","Participated in muscle strengthening exercises two or more times per week (variable calculated from one or more BRFSS questions).","Yes","Female","Sex","827",26.6,24.1,29.1,"5","%","Crude Prevalence","","","BRFSS","CLASS15","Topic56",55,"SEX2","CAT2","_PASTRNG","RESP046","    (44.393191174, -89.816370742)"
2013,"WV","West Virginia","Physical Activity","Strength Activity","Participated in muscle strengthening exercises two or more times per week (variable calculated from one or more BRFSS questions).","Yes","Female","Sex","503",15.1,13.7,16.6,"5","%","Crude Prevalence","","","BRFSS","CLASS15","Topic56",54,"SEX2","CAT2","_PASTRNG","RESP046","    (38.665510202, -80.712640135)"
2013,"WV","West Virginia","Physical Activity","Physical Activity Index","Participated in enough Aerobic and Muscle Strengthening exercises to meet guidelines (variable calculated from one or more BRFSS questions)","Yes","Female","Sex","336",10.5,9.3,11.8,"5","%","Crude Prevalence","","","BRFSS","CLASS15","TOPIC45",54,"SEX2","CAT2","_PASTAE1","RESP046","    (38.665510202, -80.712640135)"
2013,"WV","West Virginia","Physical Activity","Aerobic Activity","Participated in 150 minutes or more of Aerobic Physical Activity per week (variable calculated from one or more BRFSS questions)","Yes","Female","Sex","1,443",45.3,43.2,47.4,"5","%","Crude Prevalence","","","BRFSS","CLASS15","TOPIC01",54,"SEX2","CAT2","_PAINDX1","RESP046","    (38.665510202, -80.712640135)"
2013,"WV","West Virginia","Demographics","Disability status","Adults who are limited in any activities because of physical, mental, or emotional problems","Yes","Female","Sex","1,035",27.4,25.6,29.1,"5","%","Crude Prevalence","","","BRFSS","CLASS05","Topic19",54,"SEX2","CAT2","QLACTLM2","RESP046","    (38.665510202, -80.712640135)"
2013,"WV","West Virginia","Physical Activity","Exercise","During the past month, did you participate in any physical activities? (variable calculated from one or more BRFSS questions)","Yes","Female","Sex","2,185",66.6,64.8,68.5,"5","%","Crude Prevalence","","","BRFSS","CLASS15","Topic23",54,"SEX2","CAT2","_TOTINDA","RESP046","    (38.665510202, -80.712640135)"
2013,"WY","Wyoming","Demographics","Disability status","Adults who are limited in any activities because of physical, mental, or emotional problems","Yes","Female","Sex","980",20.9,19.2,22.7,"5","%","Crude Prevalence","","","BRFSS","CLASS05","Topic19",56,"SEX2","CAT2","QLACTLM2","RESP046","    (43.235541343, -108.109830353)"
2013,"WY","Wyoming","Physical Activity","Strength Activity","Participated in muscle strengthening exercises two or more times per week (variable calculated from one or more BRFSS questions).","Yes","Female","Sex","909",26.6,24.4,28.7,"5","%","Crude Prevalence","","","BRFSS","CLASS15","Topic56",56,"SEX2","CAT2","_PASTRNG","RESP046","    (43.235541343, -108.109830353)"
2013,"WY","Wyoming","Physical Activity","Aerobic Activity","Participated in 150 minutes or more of Aerobic Physical Activity per week (variable calculated from one or more BRFSS questions)","Yes","Female","Sex","1,900",54.8,52.4,57.2,"5","%","Crude Prevalence","","","BRFSS","CLASS15","TOPIC01",56,"SEX2","CAT2","_PAINDX1","RESP046","    (43.235541343, -108.109830353)"
2013,"WY","Wyoming","Physical Activity","Physical Activity Index","Participated in enough Aerobic and Muscle Strengthening exercises to meet guidelines (variable calculated from one or more BRFSS questions)","Yes","Female","Sex","634",19.3,17.3,21.3,"5","%","Crude Prevalence","","","BRFSS","CLASS15","TOPIC45",56,"SEX2","CAT2","_PASTAE1","RESP046","    (43.235541343, -108.109830353)"
2013,"WY","Wyoming","Physical Activity","Exercise","During the past month, did you participate in any physical activities? (variable calculated from one or more BRFSS questions)","Yes","Female","Sex","2,628",74.9,72.9,77,"5","%","Crude Prevalence","","","BRFSS","CLASS15","Topic23",56,"SEX2","CAT2","_TOTINDA","RESP046","    (43.235541343, -108.109830353)"
2012,"AK","Alaska","Physical Activity","Exercise","During the past month, did you participate in any physical activities? (variable calculated from one or more BRFSS questions)","Yes","Female","Sex","1,860",79.9,77.5,82.3,"255","%","Crude Prevalence","","","BRFSS","CLASS15","Topic23",2,"SEX2","CAT2","_TOTINDA","RESP046","    (64.845079957001, -147.722059036)"
2012,"AK","Alaska","Demographics","Disability status","Adults who are limited in any activities because of physical, mental, or emotional problems","Yes","Female","Sex","565",22.2,19.9,24.5,"2,054","%","Crude Prevalence","","","BRFSS","CLASS05","Topic19",2,"SEX2","CAT2","QLACTLM2","RESP046","    (64.845079957001, -147.722059036)"
2012,"AL","Alabama","Physical Activity","Exercise","During the past month, did you participate in any physical activities? (variable calculated from one or more BRFSS questions)","Yes","Female","Sex","4,008",69.6,67.9,71.3,"255","%","Crude Prevalence","","","BRFSS","CLASS15","Topic23",1,"SEX2","CAT2","_TOTINDA","RESP046","    (32.840571122, -86.631860762)"
2012,"AL","Alabama","Demographics","Disability status","Adults who are limited in any activities because of physical, mental, or emotional problems","Yes","Female","Sex","2,051",29.8,28.2,31.5,"2,060","%","Crude Prevalence","","","BRFSS","CLASS05","Topic19",1,"SEX2","CAT2","QLACTLM2","RESP046","    (32.840571122, -86.631860762)"
2012,"AR","Arkansas","Physical Activity","Exercise","During the past month, did you participate in any physical activities? (variable calculated from one or more BRFSS questions)","Yes","Female","Sex","2,061",66.3,64.1,68.6,"255","%","Crude Prevalence","","","BRFSS","CLASS15","Topic23",5,"SEX2","CAT2","_TOTINDA","RESP046","    (34.748650124, -92.274490743)"
2012,"AR","Arkansas","Demographics","Disability status","Adults who are limited in any activities because of physical, mental, or emotional problems","Yes","Female","Sex","1,009",27.6,25.5,29.7,"2,055","%","Crude Prevalence","","","BRFSS","CLASS05","Topic19",5,"SEX2","CAT2","QLACTLM2","RESP046","    (34.748650124, -92.274490743)"
2012,"AZ","Arizona","Physical Activity","Exercise","During the past month, did you participate in any physical activities? (variable calculated from one or more BRFSS questions)","Yes","Female","Sex","3,207",76.1,73.8,78.3,"255","%","Crude Prevalence","","","BRFSS","CLASS15","Topic23",4,"SEX2","CAT2","_TOTINDA","RESP046","    (34.86597028, -111.763811277)"
2012,"AZ","Arizona","Demographics","Disability status","Adults who are limited in any activities because of physical, mental, or emotional problems","Yes","Female","Sex","1,133",22,20.1,24,"2,061","%","Crude Prevalence","","","BRFSS","CLASS05","Topic19",4,"SEX2","CAT2","QLACTLM2","RESP046","    (34.86597028, -111.763811277)"
2012,"CA","California","Physical Activity","Exercise","During the past month, did you participate in any physical activities? (variable calculated from one or more BRFSS questions)","Yes","Female","Sex","6,227",78.9,77.5,80.3,"255","%","Crude Prevalence","","","BRFSS","CLASS15","Topic23",6,"SEX2","CAT2","_TOTINDA","RESP046","    (37.638640123, -120.999999538)"
2012,"CA","California","Demographics","Disability status","Adults who are limited in any activities because of physical, mental, or emotional problems","Yes","Female","Sex","1,969",20.8,19.5,22.1,"2,067","%","Crude Prevalence","","","BRFSS","CLASS05","Topic19",6,"SEX2","CAT2","QLACTLM2","RESP046","    (37.638640123, -120.999999538)"
2012,"CO","Colorado","Physical Activity","Exercise","During the past month, did you participate in any physical activities? (variable calculated from one or more BRFSS questions)","Yes","Female","Sex","5,620",81.7,80.5,83,"255","%","Crude Prevalence","","","BRFSS","CLASS15","Topic23",8,"SEX2","CAT2","_TOTINDA","RESP046","    (38.843840757, -106.133610921)"
2012,"CO","Colorado","Demographics","Disability status","Adults who are limited in any activities because of physical, mental, or emotional problems","Yes","Female","Sex","1,639",20.6,19.4,21.9,"2,062","%","Crude Prevalence","","","BRFSS","CLASS05","Topic19",8,"SEX2","CAT2","QLACTLM2","RESP046","    (38.843840757, -106.133610921)"
2012,"CT","Connecticut","Physical Activity","Exercise","During the past month, did you participate in any physical activities? (variable calculated from one or more BRFSS questions)","Yes","Female","Sex","3,834",76.7,75.1,78.3,"255","%","Crude Prevalence","","","BRFSS","CLASS15","Topic23",9,"SEX2","CAT2","_TOTINDA","RESP046","    (41.56266102, -72.649840952)"
2012,"CT","Connecticut","Demographics","Disability status","Adults who are limited in any activities because of physical, mental, or emotional problems","Yes","Female","Sex","1,129",18.8,17.4,20.3,"2,055","%","Crude Prevalence","","","BRFSS","CLASS05","Topic19",9,"SEX2","CAT2","QLACTLM2","RESP046","    (41.56266102, -72.649840952)"
2012,"DC","District of Columbia","Physical Activity","Exercise","During the past month, did you participate in any physical activities? (variable calculated from one or more BRFSS questions)","Yes","Female","Sex","1,801",82.7,80.5,85,"253","%","Crude Prevalence","","","BRFSS","CLASS15","Topic23",11,"SEX2","CAT2","_TOTINDA","RESP046","    (38.890371385, -77.031961127)"
2012,"DC","District of Columbia","Demographics","Disability status","Adults who are limited in any activities because of physical, mental, or emotional problems","Yes","Female","Sex","478",18.1,15.3,20.9,"2,042","%","Crude Prevalence","","","BRFSS","CLASS05","Topic19",11,"SEX2","CAT2","QLACTLM2","RESP046","    (38.890371385, -77.031961127)"
2012,"DE","Delaware","Physical Activity","Exercise","During the past month, did you participate in any physical activities? (variable calculated from one or more BRFSS questions)","Yes","Female","Sex","2,326",73.9,71.8,76,"254","%","Crude Prevalence","","","BRFSS","CLASS15","Topic23",10,"SEX2","CAT2","_TOTINDA","RESP046","    (39.008830667, -75.577741168)"
2012,"DE","Delaware","Demographics","Disability status","Adults who are limited in any activities because of physical, mental, or emotional problems","Yes","Female","Sex","691",19,17.2,20.8,"2,049","%","Crude Prevalence","","","BRFSS","CLASS05","Topic19",10,"SEX2","CAT2","QLACTLM2","RESP046","    (39.008830667, -75.577741168)"
2012,"FL","Florida","Physical Activity","Exercise","During the past month, did you participate in any physical activities? (variable calculated from one or more BRFSS questions)","Yes","Female","Sex","3,350",73.9,71.9,75.9,"255","%","Crude Prevalence","","","BRFSS","CLASS15","Topic23",12,"SEX2","CAT2","_TOTINDA","RESP046","    (28.932040377, -81.928960539)"
2012,"FL","Florida","Demographics","Disability status","Adults who are limited in any activities because of physical, mental, or emotional problems","Yes","Female","Sex","1,223",23.3,21.4,25.2,"2,065","%","Crude Prevalence","","","BRFSS","CLASS05","Topic19",12,"SEX2","CAT2","QLACTLM2","RESP046","    (28.932040377, -81.928960539)"
2012,"GA","Georgia","Physical Activity","Exercise","During the past month, did you participate in any physical activities? (variable calculated from one or more BRFSS questions)","Yes","Female","Sex","2,672",74.3,72.4,76.2,"255","%","Crude Prevalence","","","BRFSS","CLASS15","Topic23",13,"SEX2","CAT2","_TOTINDA","RESP046","    (32.839681093, -83.627580346)"
2012,"GA","Georgia","Demographics","Disability status","Adults who are limited in any activities because of physical, mental, or emotional problems","Yes","Female","Sex","961",21.4,19.6,23.2,"2,062","%","Crude Prevalence","","","BRFSS","CLASS05","Topic19",13,"SEX2","CAT2","QLACTLM2","RESP046","    (32.839681093, -83.627580346)"
2012,"GU","Guam","Physical Activity","Exercise","During the past month, did you participate in any physical activities? (variable calculated from one or more BRFSS questions)","Yes","Female","Sex","813",69.5,66,73.1,"254","%","Crude Prevalence","","","BRFSS","CLASS15","Topic23",66,"SEX2","CAT2","_TOTINDA","RESP046","    (13.444304, 144.793731)"
2012,"GU","Guam","Demographics","Disability status","Adults who are limited in any activities because of physical, mental, or emotional problems","Yes","Female","Sex","172",15.8,12.8,18.9,"2,033","%","Crude Prevalence","","","BRFSS","CLASS05","Topic19",66,"SEX2","CAT2","QLACTLM2","RESP046","    (13.444304, 144.793731)"
2012,"HI","Hawaii","Physical Activity","Exercise","During the past month, did you participate in any physical activities? (variable calculated from one or more BRFSS questions)","Yes","Female","Sex","3,241",77.4,75.3,79.5,"254","%","Crude Prevalence","","","BRFSS","CLASS15","Topic23",15,"SEX2","CAT2","_TOTINDA","RESP046","    (21.304850435, -157.857749403)"
2012,"HI","Hawaii","Demographics","Disability status","Adults who are limited in any activities because of physical, mental, or emotional problems","Yes","Female","Sex","798",17.4,15.6,19.1,"2,061","%","Crude Prevalence","","","BRFSS","CLASS05","Topic19",15,"SEX2","CAT2","QLACTLM2","RESP046","    (21.304850435, -157.857749403)"
2012,"IA","Iowa","Physical Activity","Exercise","During the past month, did you participate in any physical activities? (variable calculated from one or more BRFSS questions)","Yes","Female","Sex","3,141",76.8,75.3,78.4,"255","%","Crude Prevalence","","","BRFSS","CLASS15","Topic23",19,"SEX2","CAT2","_TOTINDA","RESP046","    (42.469400913, -93.816490556)"
2012,"IA","Iowa","Demographics","Disability status","Adults who are limited in any activities because of physical, mental, or emotional problems","Yes","Female","Sex","958",20.3,18.8,21.8,"2,051","%","Crude Prevalence","","","BRFSS","CLASS05","Topic19",19,"SEX2","CAT2","QLACTLM2","RESP046","    (42.469400913, -93.816490556)"
2012,"ID","Idaho","Physical Activity","Exercise","During the past month, did you participate in any physical activities? (variable calculated from one or more BRFSS questions)","Yes","Female","Sex","2,683",79.6,77.2,81.9,"254","%","Crude Prevalence","","","BRFSS","CLASS15","Topic23",16,"SEX2","CAT2","_TOTINDA","RESP046","    (43.682630005, -114.363730042)"
2012,"ID","Idaho","Demographics","Disability status","Adults who are limited in any activities because of physical, mental, or emotional problems","Yes","Female","Sex","1,047",24.3,21.9,26.7,"2,039","%","Crude Prevalence","","","BRFSS","CLASS05","Topic19",16,"SEX2","CAT2","QLACTLM2","RESP046","    (43.682630005, -114.363730042)"
2012,"IL","Illinois","Physical Activity","Exercise","During the past month, did you participate in any physical activities? (variable calculated from one or more BRFSS questions)","Yes","Female","Sex","2,463",76.6,74.6,78.7,"255","%","Crude Prevalence","","","BRFSS","CLASS15","Topic23",17,"SEX2","CAT2","_TOTINDA","RESP046","    (40.485010283, -88.997710178)"
2012,"IL","Illinois","Demographics","Disability status","Adults who are limited in any activities because of physical, mental, or emotional problems","Yes","Female","Sex","793",20.4,18.4,22.4,"2,052","%","Crude Prevalence","","","BRFSS","CLASS05","Topic19",17,"SEX2","CAT2","QLACTLM2","RESP046","    (40.485010283, -88.997710178)"
2012,"IN","Indiana","Physical Activity","Exercise","During the past month, did you participate in any physical activities? (variable calculated from one or more BRFSS questions)","Yes","Female","Sex","3,657",72.6,71,74.2,"255","%","Crude Prevalence","","","BRFSS","CLASS15","Topic23",18,"SEX2","CAT2","_TOTINDA","RESP046","    (39.766910452, -86.149960194)"
2012,"IN","Indiana","Demographics","Disability status","Adults who are limited in any activities because of physical, mental, or emotional problems","Yes","Female","Sex","1,339",22.4,20.9,23.9,"2,061","%","Crude Prevalence","","","BRFSS","CLASS05","Topic19",18,"SEX2","CAT2","QLACTLM2","RESP046","    (39.766910452, -86.149960194)"
2012,"KS","Kansas","Physical Activity","Exercise","During the past month, did you participate in any physical activities? (variable calculated from one or more BRFSS questions)","Yes","Female","Sex","5,332",75.1,73.7,76.5,"255","%","Crude Prevalence","","","BRFSS","CLASS15","Topic23",20,"SEX2","CAT2","_TOTINDA","RESP046","    (38.3477403, -98.200781227)"
2012,"KS","Kansas","Demographics","Disability status","Adults who are limited in any activities because of physical, mental, or emotional problems","Yes","Female","Sex","1,809",21.4,20.2,22.6,"2,066","%","Crude Prevalence","","","BRFSS","CLASS05","Topic19",20,"SEX2","CAT2","QLACTLM2","RESP046","    (38.3477403, -98.200781227)"
2012,"KY","Kentucky","Physical Activity","Exercise","During the past month, did you participate in any physical activities? (variable calculated from one or more BRFSS questions)","Yes","Female","Sex","4,663",68.2,66.6,69.9,"255","%","Crude Prevalence","","","BRFSS","CLASS15","Topic23",21,"SEX2","CAT2","_TOTINDA","RESP046","    (37.645970271, -84.774971048)"
2012,"KY","Kentucky","Demographics","Disability status","Adults who are limited in any activities because of physical, mental, or emotional problems","Yes","Female","Sex","2,174",26.6,25,28.2,"2,064","%","Crude Prevalence","","","BRFSS","CLASS05","Topic19",21,"SEX2","CAT2","QLACTLM2","RESP046","    (37.645970271, -84.774971048)"
2012,"LA","Louisiana","Physical Activity","Exercise","During the past month, did you participate in any physical activities? (variable calculated from one or more BRFSS questions)","Yes","Female","Sex","3,859",66.3,64.4,68.3,"255","%","Crude Prevalence","","","BRFSS","CLASS15","Topic23",22,"SEX2","CAT2","_TOTINDA","RESP046","    (31.312660644, -92.445680071)"
2012,"LA","Louisiana","Demographics","Disability status","Adults who are limited in any activities because of physical, mental, or emotional problems","Yes","Female","Sex","1,790",24.7,23,26.4,"2,065","%","Crude Prevalence","","","BRFSS","CLASS05","Topic19",22,"SEX2","CAT2","QLACTLM2","RESP046","    (31.312660644, -92.445680071)"
2012,"MA","Massachusetts","Physical Activity","Exercise","During the past month, did you participate in any physical activities? (variable calculated from one or more BRFSS questions)","Yes","Female","Sex","9,760",78.9,77.8,80,"255","%","Crude Prevalence","","","BRFSS","CLASS15","Topic23",25,"SEX2","CAT2","_TOTINDA","RESP046","    (42.27687047, -72.082690675)"
2012,"MA","Massachusetts","Demographics","Disability status","Adults who are limited in any activities because of physical, mental, or emotional problems","Yes","Female","Sex","2,976",17.9,16.9,18.9,"2,069","%","Crude Prevalence","","","BRFSS","CLASS05","Topic19",25,"SEX2","CAT2","QLACTLM2","RESP046","    (42.27687047, -72.082690675)"
2012,"MD","Maryland","Physical Activity","Exercise","During the past month, did you participate in any physical activities? (variable calculated from one or more BRFSS questions)","Yes","Female","Sex","5,818",74.3,72.6,76,"255","%","Crude Prevalence","","","BRFSS","CLASS15","Topic23",24,"SEX2","CAT2","_TOTINDA","RESP046","    (39.290580964, -76.609260111)"
2012,"MD","Maryland","Demographics","Disability status","Adults who are limited in any activities because of physical, mental, or emotional problems","Yes","Female","Sex","1,745",18.7,17.3,20.1,"2,064","%","Crude Prevalence","","","BRFSS","CLASS05","Topic19",24,"SEX2","CAT2","QLACTLM2","RESP046","    (39.290580964, -76.609260111)"
2012,"ME","Maine","Physical Activity","Exercise","During the past month, did you participate in any physical activities? (variable calculated from one or more BRFSS questions)","Yes","Female","Sex","4,471",79.1,77.8,80.4,"255","%","Crude Prevalence","","","BRFSS","CLASS15","Topic23",23,"SEX2","CAT2","_TOTINDA","RESP046","    (45.254228894001, -68.985031336)"
2012,"ME","Maine","Demographics","Disability status","Adults who are limited in any activities because of physical, mental, or emotional problems","Yes","Female","Sex","1,466",23.3,21.9,24.6,"2,052","%","Crude Prevalence","","","BRFSS","CLASS05","Topic19",23,"SEX2","CAT2","QLACTLM2","RESP046","    (45.254228894001, -68.985031336)"
2012,"MI","Michigan","Physical Activity","Exercise","During the past month, did you participate in any physical activities? (variable calculated from one or more BRFSS questions)","Yes","Female","Sex","4,660",74.9,73.4,76.4,"255","%","Crude Prevalence","","","BRFSS","CLASS15","Topic23",26,"SEX2","CAT2","_TOTINDA","RESP046","    (44.661319543001, -84.71439027)"
2012,"MI","Michigan","Demographics","Disability status","Adults who are limited in any activities because of physical, mental, or emotional problems","Yes","Female","Sex","1,739",23.9,22.4,25.3,"2,062","%","Crude Prevalence","","","BRFSS","CLASS05","Topic19",26,"SEX2","CAT2","QLACTLM2","RESP046","    (44.661319543001, -84.71439027)"
2012,"MN","Minnesota","Physical Activity","Exercise","During the past month, did you participate in any physical activities? (variable calculated from one or more BRFSS questions)","Yes","Female","Sex","5,645",81.7,80.4,82.9,"255","%","Crude Prevalence","","","BRFSS","CLASS15","Topic23",27,"SEX2","CAT2","_TOTINDA","RESP046","    (46.355648736, -94.794200503)"
2012,"MN","Minnesota","Demographics","Disability status","Adults who are limited in any activities because of physical, mental, or emotional problems","Yes","Female","Sex","1,483",17.5,16.3,18.6,"2,062","%","Crude Prevalence","","","BRFSS","CLASS05","Topic19",27,"SEX2","CAT2","QLACTLM2","RESP046","    (46.355648736, -94.794200503)"
2012,"MO","Missouri","Physical Activity","Exercise","During the past month, did you participate in any physical activities? (variable calculated from one or more BRFSS questions)","Yes","Female","Sex","2,871",72.5,70.5,74.4,"255","%","Crude Prevalence","","","BRFSS","CLASS15","Topic23",29,"SEX2","CAT2","_TOTINDA","RESP046","    (38.635790776, -92.566300053)"
2012,"MO","Missouri","Demographics","Disability status","Adults who are limited in any activities because of physical, mental, or emotional problems","Yes","Female","Sex","1,200",25.8,23.8,27.8,"2,058","%","Crude Prevalence","","","BRFSS","CLASS05","Topic19",29,"SEX2","CAT2","QLACTLM2","RESP046","    (38.635790776, -92.566300053)"
2012,"MS","Mississippi","Physical Activity","Exercise","During the past month, did you participate in any physical activities? (variable calculated from one or more BRFSS questions)","Yes","Female","Sex","3,231",66.2,64.4,68.1,"255","%","Crude Prevalence","","","BRFSS","CLASS15","Topic23",28,"SEX2","CAT2","_TOTINDA","RESP046","    (32.745510099, -89.538030825)"
2012,"MS","Mississippi","Demographics","Disability status","Adults who are limited in any activities because of physical, mental, or emotional problems","Yes","Female","Sex","1,545",25.6,24,27.3,"2,056","%","Crude Prevalence","","","BRFSS","CLASS05","Topic19",28,"SEX2","CAT2","QLACTLM2","RESP046","    (32.745510099, -89.538030825)"
2012,"MT","Montana","Physical Activity","Exercise","During the past month, did you participate in any physical activities? (variable calculated from one or more BRFSS questions)","Yes","Female","Sex","3,735",80.7,79.3,82.1,"255","%","Crude Prevalence","","","BRFSS","CLASS15","Topic23",30,"SEX2","CAT2","_TOTINDA","RESP046","    (47.066528972, -109.424420645)"
2012,"MT","Montana","Demographics","Disability status","Adults who are limited in any activities because of physical, mental, or emotional problems","Yes","Female","Sex","1,283",23.6,22,25.1,"2,049","%","Crude Prevalence","","","BRFSS","CLASS05","Topic19",30,"SEX2","CAT2","QLACTLM2","RESP046","    (47.066528972, -109.424420645)"
2012,"NC","North Carolina","Physical Activity","Exercise","During the past month, did you participate in any physical activities? (variable calculated from one or more BRFSS questions)","Yes","Female","Sex","5,095",72.5,71.2,73.8,"255","%","Crude Prevalence","","","BRFSS","CLASS15","Topic23",37,"SEX2","CAT2","_TOTINDA","RESP046","    (35.466220975, -79.159250463)"
2012,"NC","North Carolina","Demographics","Disability status","Adults who are limited in any activities because of physical, mental, or emotional problems","Yes","Female","Sex","1,781",20.6,19.4,21.8,"2,067","%","Crude Prevalence","","","BRFSS","CLASS05","Topic19",37,"SEX2","CAT2","QLACTLM2","RESP046","    (35.466220975, -79.159250463)"
2012,"ND","North Dakota","Physical Activity","Exercise","During the past month, did you participate in any physical activities? (variable calculated from one or more BRFSS questions)","Yes","Female","Sex","2,049",76.8,74.7,78.9,"253","%","Crude Prevalence","","","BRFSS","CLASS15","Topic23",38,"SEX2","CAT2","_TOTINDA","RESP046","    (47.475319779, -100.118421049)"
2012,"ND","North Dakota","Demographics","Disability status","Adults who are limited in any activities because of physical, mental, or emotional problems","Yes","Female","Sex","561",16.8,15,18.6,"2,032","%","Crude Prevalence","","","BRFSS","CLASS05","Topic19",38,"SEX2","CAT2","QLACTLM2","RESP046","    (47.475319779, -100.118421049)"
2012,"NE","Nebraska","Physical Activity","Exercise","During the past month, did you participate in any physical activities? (variable calculated from one or more BRFSS questions)","Yes","Female","Sex","8,447",78.4,77.3,79.5,"255","%","Crude Prevalence","","","BRFSS","CLASS15","Topic23",31,"SEX2","CAT2","_TOTINDA","RESP046","    (41.641040988001, -99.365720623)"
2012,"NE","Nebraska","Demographics","Disability status","Adults who are limited in any activities because of physical, mental, or emotional problems","Yes","Female","Sex","2,748",19.7,18.6,20.7,"2,070","%","Crude Prevalence","","","BRFSS","CLASS05","Topic19",31,"SEX2","CAT2","QLACTLM2","RESP046","    (41.641040988001, -99.365720623)"
2012,"NH","New Hampshire","Physical Activity","Exercise","During the past month, did you participate in any physical activities? (variable calculated from one or more BRFSS questions)","Yes","Female","Sex","3,361",79.2,77.6,80.9,"255","%","Crude Prevalence","","","BRFSS","CLASS15","Topic23",33,"SEX2","CAT2","_TOTINDA","RESP046","    (43.655950113, -71.50036092)"
2012,"NH","New Hampshire","Demographics","Disability status","Adults who are limited in any activities because of physical, mental, or emotional problems","Yes","Female","Sex","1,169",22.8,21.1,24.5,"2,054","%","Crude Prevalence","","","BRFSS","CLASS05","Topic19",33,"SEX2","CAT2","QLACTLM2","RESP046","    (43.655950113, -71.50036092)"
2012,"NJ","New Jersey","Physical Activity","Exercise","During the past month, did you participate in any physical activities? (variable calculated from one or more BRFSS questions)","Yes","Female","Sex","6,667",73,71.7,74.3,"255","%","Crude Prevalence","","","BRFSS","CLASS15","Topic23",34,"SEX2","CAT2","_TOTINDA","RESP046","    (40.130570048, -74.273691288)"
2012,"NJ","New Jersey","Demographics","Disability status","Adults who are limited in any activities because of physical, mental, or emotional problems","Yes","Female","Sex","1,826",16.1,15.1,17.2,"2,065","%","Crude Prevalence","","","BRFSS","CLASS05","Topic19",34,"SEX2","CAT2","QLACTLM2","RESP046","    (40.130570048, -74.273691288)"
2012,"NM","New Mexico","Physical Activity","Exercise","During the past month, did you participate in any physical activities? (variable calculated from one or more BRFSS questions)","Yes","Female","Sex","3,893",76,74.5,77.5,"255","%","Crude Prevalence","","","BRFSS","CLASS15","Topic23",35,"SEX2","CAT2","_TOTINDA","RESP046","    (34.520880952, -106.240580985)"
2012,"NM","New Mexico","Demographics","Disability status","Adults who are limited in any activities because of physical, mental, or emotional problems","Yes","Female","Sex","1,381",23.2,21.8,24.6,"2,059","%","Crude Prevalence","","","BRFSS","CLASS05","Topic19",35,"SEX2","CAT2","QLACTLM2","RESP046","    (34.520880952, -106.240580985)"
2012,"NV","Nevada","Physical Activity","Exercise","During the past month, did you participate in any physical activities? (variable calculated from one or more BRFSS questions)","Yes","Female","Sex","2,147",76.5,74.2,78.8,"255","%","Crude Prevalence","","","BRFSS","CLASS15","Topic23",32,"SEX2","CAT2","_TOTINDA","RESP046","    (39.49324039, -117.071840564)"
2012,"NV","Nevada","Demographics","Disability status","Adults who are limited in any activities because of physical, mental, or emotional problems","Yes","Female","Sex","698",21,18.9,23.2,"2,059","%","Crude Prevalence","","","BRFSS","CLASS05","Topic19",32,"SEX2","CAT2","QLACTLM2","RESP046","    (39.49324039, -117.071840564)"
2012,"NY","New York","Physical Activity","Exercise","During the past month, did you participate in any physical activities? (variable calculated from one or more BRFSS questions)","Yes","Female","Sex","2,612",72.4,70.2,74.6,"255","%","Crude Prevalence","","","BRFSS","CLASS15","Topic23",36,"SEX2","CAT2","_TOTINDA","RESP046","    (42.827001032, -75.543970427)"
2012,"NY","New York","Demographics","Disability status","Adults who are limited in any activities because of physical, mental, or emotional problems","Yes","Female","Sex","805",19.7,17.8,21.6,"2,057","%","Crude Prevalence","","","BRFSS","CLASS05","Topic19",36,"SEX2","CAT2","QLACTLM2","RESP046","    (42.827001032, -75.543970427)"
2012,"OH","Ohio","Physical Activity","Exercise","During the past month, did you participate in any physical activities? (variable calculated from one or more BRFSS questions)","Yes","Female","Sex","5,482",72.9,71.6,74.3,"255","%","Crude Prevalence","","","BRFSS","CLASS15","Topic23",39,"SEX2","CAT2","_TOTINDA","RESP046","    (40.060210141, -82.404260056)"
2012,"OH","Ohio","Demographics","Disability status","Adults who are limited in any activities because of physical, mental, or emotional problems","Yes","Female","Sex","1,975",22,20.7,23.2,"2,066","%","Crude Prevalence","","","BRFSS","CLASS05","Topic19",39,"SEX2","CAT2","QLACTLM2","RESP046","    (40.060210141, -82.404260056)"
2012,"OK","Oklahoma","Physical Activity","Exercise","During the past month, did you participate in any physical activities? (variable calculated from one or more BRFSS questions)","Yes","Female","Sex","3,210",70.9,69.2,72.5,"255","%","Crude Prevalence","","","BRFSS","CLASS15","Topic23",40,"SEX2","CAT2","_TOTINDA","RESP046","    (35.472031356, -97.521070214)"
2012,"OK","Oklahoma","Demographics","Disability status","Adults who are limited in any activities because of physical, mental, or emotional problems","Yes","Female","Sex","1,512",25.9,24.3,27.4,"2,066","%","Crude Prevalence","","","BRFSS","CLASS05","Topic19",40,"SEX2","CAT2","QLACTLM2","RESP046","    (35.472031356, -97.521070214)"
2012,"OR","Oregon","Physical Activity","Exercise","During the past month, did you participate in any physical activities? (variable calculated from one or more BRFSS questions)","Yes","Female","Sex","2,580",83.4,81.8,85.1,"255","%","Crude Prevalence","","","BRFSS","CLASS15","Topic23",41,"SEX2","CAT2","_TOTINDA","RESP046","    (44.567449424, -120.155031326)"
2012,"OR","Oregon","Demographics","Disability status","Adults who are limited in any activities because of physical, mental, or emotional problems","Yes","Female","Sex","956",26.7,24.7,28.7,"2,048","%","Crude Prevalence","","","BRFSS","CLASS05","Topic19",41,"SEX2","CAT2","QLACTLM2","RESP046","    (44.567449424, -120.155031326)"
2012,"PA","Pennsylvania","Physical Activity","Exercise","During the past month, did you participate in any physical activities? (variable calculated from one or more BRFSS questions)","Yes","Female","Sex","8,414",74.4,73.2,75.6,"255","%","Crude Prevalence","","","BRFSS","CLASS15","Topic23",42,"SEX2","CAT2","_TOTINDA","RESP046","    (40.793730152, -77.860700294)"
2012,"PA","Pennsylvania","Demographics","Disability status","Adults who are limited in any activities because of physical, mental, or emotional problems","Yes","Female","Sex","2,763",20.7,19.5,21.8,"2,066","%","Crude Prevalence","","","BRFSS","CLASS05","Topic19",42,"SEX2","CAT2","QLACTLM2","RESP046","    (40.793730152, -77.860700294)"
2012,"PR","Puerto Rico","Physical Activity","Exercise","During the past month, did you participate in any physical activities? (variable calculated from one or more BRFSS questions)","Yes","Female","Sex","2,052",50.9,49.1,52.7,"240","%","Crude Prevalence","","","BRFSS","CLASS15","Topic23",72,"SEX2","CAT2","_TOTINDA","RESP046","    (18.220833, -66.590149)"
2012,"PR","Puerto Rico","Demographics","Disability status","Adults who are limited in any activities because of physical, mental, or emotional problems","Yes","Female","Sex","838",19.3,17.9,20.7,"1,874","%","Crude Prevalence","","","BRFSS","CLASS05","Topic19",72,"SEX2","CAT2","QLACTLM2","RESP046","    (18.220833, -66.590149)"
2012,"RI","Rhode Island","Physical Activity","Exercise","During the past month, did you participate in any physical activities? (variable calculated from one or more BRFSS questions)","Yes","Female","Sex","2,439",74.4,72.4,76.3,"255","%","Crude Prevalence","","","BRFSS","CLASS15","Topic23",44,"SEX2","CAT2","_TOTINDA","RESP046","    (41.708280193, -71.522470314)"
2012,"RI","Rhode Island","Demographics","Disability status","Adults who are limited in any activities because of physical, mental, or emotional problems","Yes","Female","Sex","787",20.8,19,22.7,"2,048","%","Crude Prevalence","","","BRFSS","CLASS05","Topic19",44,"SEX2","CAT2","QLACTLM2","RESP046","    (41.708280193, -71.522470314)"
2012,"SC","South Carolina","Physical Activity","Exercise","During the past month, did you participate in any physical activities? (variable calculated from one or more BRFSS questions)","Yes","Female","Sex","5,428",71.4,69.9,72.9,"255","%","Crude Prevalence","","","BRFSS","CLASS15","Topic23",45,"SEX2","CAT2","_TOTINDA","RESP046","    (33.998821303, -81.045371207)"
2012,"SC","South Carolina","Demographics","Disability status","Adults who are limited in any activities because of physical, mental, or emotional problems","Yes","Female","Sex","2,194",24.5,23.1,25.9,"2,067","%","Crude Prevalence","","","BRFSS","CLASS05","Topic19",45,"SEX2","CAT2","QLACTLM2","RESP046","    (33.998821303, -81.045371207)"
2012,"SD","South Dakota","Physical Activity","Exercise","During the past month, did you participate in any physical activities? (variable calculated from one or more BRFSS questions)","Yes","Female","Sex","3,463",79.4,77.4,81.3,"255","%","Crude Prevalence","","","BRFSS","CLASS15","Topic23",46,"SEX2","CAT2","_TOTINDA","RESP046","    (44.353130053, -100.373530637)"
2012,"SD","South Dakota","Demographics","Disability status","Adults who are limited in any activities because of physical, mental, or emotional problems","Yes","Female","Sex","1,052",20.3,18.4,22.2,"2,056","%","Crude Prevalence","","","BRFSS","CLASS05","Topic19",46,"SEX2","CAT2","QLACTLM2","RESP046","    (44.353130053, -100.373530637)"
2012,"TN","Tennessee","Physical Activity","Exercise","During the past month, did you participate in any physical activities? (variable calculated from one or more BRFSS questions)","Yes","Female","Sex","2,968",68.6,66.8,70.5,"255","%","Crude Prevalence","","","BRFSS","CLASS15","Topic23",47,"SEX2","CAT2","_TOTINDA","RESP046","    (35.68094058, -85.774490914)"
2012,"TN","Tennessee","Demographics","Disability status","Adults who are limited in any activities because of physical, mental, or emotional problems","Yes","Female","Sex","1,314",23.5,21.9,25.1,"2,054","%","Crude Prevalence","","","BRFSS","CLASS05","Topic19",47,"SEX2","CAT2","QLACTLM2","RESP046","    (35.68094058, -85.774490914)"
2012,"TX","Texas","Physical Activity","Exercise","During the past month, did you participate in any physical activities? (variable calculated from one or more BRFSS questions)","Yes","Female","Sex","3,820",71,69.2,72.8,"255","%","Crude Prevalence","","","BRFSS","CLASS15","Topic23",48,"SEX2","CAT2","_TOTINDA","RESP046","    (31.827240407, -99.426770206)"
2012,"TX","Texas","Demographics","Disability status","Adults who are limited in any activities because of physical, mental, or emotional problems","Yes","Female","Sex","1,247",18.1,16.7,19.5,"2,062","%","Crude Prevalence","","","BRFSS","CLASS05","Topic19",48,"SEX2","CAT2","QLACTLM2","RESP046","    (31.827240407, -99.426770206)"
2012,"UT","Utah","Physical Activity","Exercise","During the past month, did you participate in any physical activities? (variable calculated from one or more BRFSS questions)","Yes","Female","Sex","5,670",82,80.9,83.2,"255","%","Crude Prevalence","","","BRFSS","CLASS15","Topic23",49,"SEX2","CAT2","_TOTINDA","RESP046","    (39.360700171, -111.587130635)"
2012,"UT","Utah","Demographics","Disability status","Adults who are limited in any activities because of physical, mental, or emotional problems","Yes","Female","Sex","1,771",20.9,19.6,22.1,"2,063","%","Crude Prevalence","","","BRFSS","CLASS05","Topic19",49,"SEX2","CAT2","QLACTLM2","RESP046","    (39.360700171, -111.587130635)"
2012,"VA","Virginia","Physical Activity","Exercise","During the past month, did you participate in any physical activities? (variable calculated from one or more BRFSS questions)","Yes","Female","Sex","3,207",75.4,73.7,77,"255","%","Crude Prevalence","","","BRFSS","CLASS15","Topic23",51,"SEX2","CAT2","_TOTINDA","RESP046","    (37.542680674, -78.457890463)"
2012,"VA","Virginia","Demographics","Disability status","Adults who are limited in any activities because of physical, mental, or emotional problems","Yes","Female","Sex","934",19.5,17.9,21,"2,059","%","Crude Prevalence","","","BRFSS","CLASS05","Topic19",51,"SEX2","CAT2","QLACTLM2","RESP046","    (37.542680674, -78.457890463)"
2012,"VT","Vermont","Physical Activity","Exercise","During the past month, did you participate in any physical activities? (variable calculated from one or more BRFSS questions)","Yes","Female","Sex","2,815",82.9,81.4,84.4,"255","%","Crude Prevalence","","","BRFSS","CLASS15","Topic23",50,"SEX2","CAT2","_TOTINDA","RESP046","    (43.625381239, -72.517640791)"
2012,"VT","Vermont","Demographics","Disability status","Adults who are limited in any activities because of physical, mental, or emotional problems","Yes","Female","Sex","836",20.8,19,22.5,"2,041","%","Crude Prevalence","","","BRFSS","CLASS05","Topic19",50,"SEX2","CAT2","QLACTLM2","RESP046","    (43.625381239, -72.517640791)"
2012,"WA","Washington","Physical Activity","Exercise","During the past month, did you participate in any physical activities? (variable calculated from one or more BRFSS questions)","Yes","Female","Sex","6,899",80,78.9,81.2,"255","%","Crude Prevalence","","","BRFSS","CLASS15","Topic23",53,"SEX2","CAT2","_TOTINDA","RESP046","    (47.522278629, -120.47001079)"
2012,"WA","Washington","Demographics","Disability status","Adults who are limited in any activities because of physical, mental, or emotional problems","Yes","Female","Sex","2,655",25.7,24.4,26.9,"2,064","%","Crude Prevalence","","","BRFSS","CLASS05","Topic19",53,"SEX2","CAT2","QLACTLM2","RESP046","    (47.522278629, -120.47001079)"
2012,"WI","Wisconsin","Physical Activity","Exercise","During the past month, did you participate in any physical activities? (variable calculated from one or more BRFSS questions)","Yes","Female","Sex","2,321",78.8,76.6,81,"254","%","Crude Prevalence","","","BRFSS","CLASS15","Topic23",55,"SEX2","CAT2","_TOTINDA","RESP046","    (44.393191174, -89.816370742)"
2012,"WI","Wisconsin","Demographics","Disability status","Adults who are limited in any activities because of physical, mental, or emotional problems","Yes","Female","Sex","681",19.8,17.6,22,"2,050","%","Crude Prevalence","","","BRFSS","CLASS05","Topic19",55,"SEX2","CAT2","QLACTLM2","RESP046","    (44.393191174, -89.816370742)"
2012,"WV","West Virginia","Physical Activity","Exercise","During the past month, did you participate in any physical activities? (variable calculated from one or more BRFSS questions)","Yes","Female","Sex","2,018",65.5,63.5,67.5,"255","%","Crude Prevalence","","","BRFSS","CLASS15","Topic23",54,"SEX2","CAT2","_TOTINDA","RESP046","    (38.665510202, -80.712640135)"
2012,"WV","West Virginia","Demographics","Disability status","Adults who are limited in any activities because of physical, mental, or emotional problems","Yes","Female","Sex","1,004",30,28.1,31.9,"2,048","%","Crude Prevalence","","","BRFSS","CLASS05","Topic19",54,"SEX2","CAT2","QLACTLM2","RESP046","    (38.665510202, -80.712640135)"
2012,"WY","Wyoming","Physical Activity","Exercise","During the past month, did you participate in any physical activities? (variable calculated from one or more BRFSS questions)","Yes","Female","Sex","2,730",77.4,75.2,79.6,"254","%","Crude Prevalence","","","BRFSS","CLASS15","Topic23",56,"SEX2","CAT2","_TOTINDA","RESP046","    (43.235541343, -108.109830353)"
2012,"WY","Wyoming","Demographics","Disability status","Adults who are limited in any activities because of physical, mental, or emotional problems","Yes","Female","Sex","941",20.5,18.5,22.6,"2,045","%","Crude Prevalence","","","BRFSS","CLASS05","Topic19",56,"SEX2","CAT2","QLACTLM2","RESP046","    (43.235541343, -108.109830353)"
2011,"AK","Alaska","Demographics","Disability status","Adults who are limited in any activities because of physical, mental, or emotional problems","Yes","Female","Sex","524",27.2,24.3,30.1,"5","%","Crude Prevalence","","","BRFSS","CLASS05","Topic19",2,"SEX2","CAT2","QLACTLM2","RESP046","    (64.845079957001, -147.722059036)"
2011,"AK","Alaska","Physical Activity","Exercise","During the past month, did you participate in any physical activities? (variable calculated from one or more BRFSS questions)","Yes","Female","Sex","1,398",76,73,78.9,"5","%","Crude Prevalence","","","BRFSS","CLASS15","Topic23",2,"SEX2","CAT2","_TOTINDA","RESP046","    (64.845079957001, -147.722059036)"
2011,"AK","Alaska","Physical Activity","Aerobic Activity","Participated in 150 minutes or more of Aerobic Physical Activity per week (variable calculated from one or more BRFSS questions)","Yes","Female","Sex","1,009",57.4,54.1,60.8,"5","%","Crude Prevalence","","","BRFSS","CLASS15","TOPIC01",2,"SEX2","CAT2","_PAINDEX","RESP046","    (64.845079957001, -147.722059036)"
2011,"AK","Alaska","Physical Activity","Physical Activity Index","Participated in enough Aerobic and Muscle Strengthening exercises to meet guidelines (variable calculated from one or more BRFSS questions)","Yes","Female","Sex","364",21.7,19,24.5,"5","%","Crude Prevalence","","","BRFSS","CLASS15","TOPIC45",2,"SEX2","CAT2","_PASTAER","RESP046","    (64.845079957001, -147.722059036)"
2011,"AK","Alaska","Physical Activity","Strength Activity","Participated in muscle strengthening exercises two or more times per week (variable calculated from one or more BRFSS questions).","Yes","Female","Sex","507",28.9,25.9,31.9,"5","%","Crude Prevalence","","","BRFSS","CLASS15","Topic56",2,"SEX2","CAT2","_PASTRNG","RESP046","    (64.845079957001, -147.722059036)"
2011,"AL","Alabama","Demographics","Disability status","Adults who are limited in any activities because of physical, mental, or emotional problems","Yes","Female","Sex","1,786",31.2,29.5,33,"5","%","Crude Prevalence","","","BRFSS","CLASS05","Topic19",1,"SEX2","CAT2","QLACTLM2","RESP046","    (32.840571122, -86.631860762)"
2011,"AL","Alabama","Physical Activity","Aerobic Activity","Participated in 150 minutes or more of Aerobic Physical Activity per week (variable calculated from one or more BRFSS questions)","Yes","Female","Sex","1,814",39.6,37.6,41.6,"5","%","Crude Prevalence","","","BRFSS","CLASS15","TOPIC01",1,"SEX2","CAT2","_PAINDEX","RESP046","    (32.840571122, -86.631860762)"
2011,"AL","Alabama","Physical Activity","Strength Activity","Participated in muscle strengthening exercises two or more times per week (variable calculated from one or more BRFSS questions).","Yes","Female","Sex","880",19.8,18.2,21.5,"5","%","Crude Prevalence","","","BRFSS","CLASS15","Topic56",1,"SEX2","CAT2","_PASTRNG","RESP046","    (32.840571122, -86.631860762)"
2011,"AL","Alabama","Physical Activity","Exercise","During the past month, did you participate in any physical activities? (variable calculated from one or more BRFSS questions)","Yes","Female","Sex","3,074",64.7,62.9,66.6,"5","%","Crude Prevalence","","","BRFSS","CLASS15","Topic23",1,"SEX2","CAT2","_TOTINDA","RESP046","    (32.840571122, -86.631860762)"
2011,"AL","Alabama","Physical Activity","Physical Activity Index","Participated in enough Aerobic and Muscle Strengthening exercises to meet guidelines (variable calculated from one or more BRFSS questions)","Yes","Female","Sex","513",12.8,11.4,14.3,"5","%","Crude Prevalence","","","BRFSS","CLASS15","TOPIC45",1,"SEX2","CAT2","_PASTAER","RESP046","    (32.840571122, -86.631860762)"
2011,"AR","Arkansas","Demographics","Disability status","Adults who are limited in any activities because of physical, mental, or emotional problems","Yes","Female","Sex","1,013",32,29.4,34.7,"5","%","Crude Prevalence","","","BRFSS","CLASS05","Topic19",5,"SEX2","CAT2","QLACTLM2","RESP046","    (34.748650124, -92.274490743)"
2011,"AR","Arkansas","Physical Activity","Physical Activity Index","Participated in enough Aerobic and Muscle Strengthening exercises to meet guidelines (variable calculated from one or more BRFSS questions)","Yes","Female","Sex","349",13.2,11.1,15.2,"5","%","Crude Prevalence","","","BRFSS","CLASS15","TOPIC45",5,"SEX2","CAT2","_PASTAER","RESP046","    (34.748650124, -92.274490743)"
2011,"AR","Arkansas","Physical Activity","Exercise","During the past month, did you participate in any physical activities? (variable calculated from one or more BRFSS questions)","Yes","Female","Sex","1,798",65.9,63.2,68.6,"5","%","Crude Prevalence","","","BRFSS","CLASS15","Topic23",5,"SEX2","CAT2","_TOTINDA","RESP046","    (34.748650124, -92.274490743)"
2011,"AR","Arkansas","Physical Activity","Aerobic Activity","Participated in 150 minutes or more of Aerobic Physical Activity per week (variable calculated from one or more BRFSS questions)","Yes","Female","Sex","1,158",43,40.1,46,"5","%","Crude Prevalence","","","BRFSS","CLASS15","TOPIC01",5,"SEX2","CAT2","_PAINDEX","RESP046","    (34.748650124, -92.274490743)"
2011,"AR","Arkansas","Physical Activity","Strength Activity","Participated in muscle strengthening exercises two or more times per week (variable calculated from one or more BRFSS questions).","Yes","Female","Sex","536",19.1,16.8,21.4,"5","%","Crude Prevalence","","","BRFSS","CLASS15","Topic56",5,"SEX2","CAT2","_PASTRNG","RESP046","    (34.748650124, -92.274490743)"
2011,"AZ","Arizona","Physical Activity","Strength Activity","Participated in muscle strengthening exercises two or more times per week (variable calculated from one or more BRFSS questions).","Yes","Female","Sex","892",26.5,23.8,29.2,"5","%","Crude Prevalence","","","BRFSS","CLASS15","Topic56",4,"SEX2","CAT2","_PASTRNG","RESP046","    (34.86597028, -111.763811277)"
2011,"AZ","Arizona","Demographics","Disability status","Adults who are limited in any activities because of physical, mental, or emotional problems","Yes","Female","Sex","1,226",26.9,24.1,29.8,"5","%","Crude Prevalence","","","BRFSS","CLASS05","Topic19",4,"SEX2","CAT2","QLACTLM2","RESP046","    (34.86597028, -111.763811277)"
2011,"AZ","Arizona","Physical Activity","Physical Activity Index","Participated in enough Aerobic and Muscle Strengthening exercises to meet guidelines (variable calculated from one or more BRFSS questions)","Yes","Female","Sex","675",19.8,17.5,22.2,"5","%","Crude Prevalence","","","BRFSS","CLASS15","TOPIC45",4,"SEX2","CAT2","_PASTAER","RESP046","    (34.86597028, -111.763811277)"
2011,"AZ","Arizona","Physical Activity","Exercise","During the past month, did you participate in any physical activities? (variable calculated from one or more BRFSS questions)","Yes","Female","Sex","2,787",75.5,72.7,78.4,"5","%","Crude Prevalence","","","BRFSS","CLASS15","Topic23",4,"SEX2","CAT2","_TOTINDA","RESP046","    (34.86597028, -111.763811277)"
2011,"AZ","Arizona","Physical Activity","Aerobic Activity","Participated in 150 minutes or more of Aerobic Physical Activity per week (variable calculated from one or more BRFSS questions)","Yes","Female","Sex","1,954",50.7,47.6,53.9,"5","%","Crude Prevalence","","","BRFSS","CLASS15","TOPIC01",4,"SEX2","CAT2","_PAINDEX","RESP046","    (34.86597028, -111.763811277)"
2011,"CA","California","Demographics","Disability status","Adults who are limited in any activities because of physical, mental, or emotional problems","Yes","Female","Sex","2,776",23.2,22,24.3,"5","%","Crude Prevalence","","","BRFSS","CLASS05","Topic19",6,"SEX2","CAT2","QLACTLM2","RESP046","    (37.638640123, -120.999999538)"
2011,"CA","California","Physical Activity","Exercise","During the past month, did you participate in any physical activities? (variable calculated from one or more BRFSS questions)","Yes","Female","Sex","8,036",79.9,78.8,81,"5","%","Crude Prevalence","","","BRFSS","CLASS15","Topic23",6,"SEX2","CAT2","_TOTINDA","RESP046","    (37.638640123, -120.999999538)"
2011,"CA","California","Physical Activity","Physical Activity Index","Participated in enough Aerobic and Muscle Strengthening exercises to meet guidelines (variable calculated from one or more BRFSS questions)","Yes","Female","Sex","2,109",20.4,19.3,21.6,"5","%","Crude Prevalence","","","BRFSS","CLASS15","TOPIC45",6,"SEX2","CAT2","_PASTAER","RESP046","    (37.638640123, -120.999999538)"
2011,"CA","California","Physical Activity","Aerobic Activity","Participated in 150 minutes or more of Aerobic Physical Activity per week (variable calculated from one or more BRFSS questions)","Yes","Female","Sex","6,052",57.5,56.1,58.9,"5","%","Crude Prevalence","","","BRFSS","CLASS15","TOPIC01",6,"SEX2","CAT2","_PAINDEX","RESP046","    (37.638640123, -120.999999538)"
2011,"CA","California","Physical Activity","Strength Activity","Participated in muscle strengthening exercises two or more times per week (variable calculated from one or more BRFSS questions).","Yes","Female","Sex","2,692",26.3,25.1,27.6,"5","%","Crude Prevalence","","","BRFSS","CLASS15","Topic56",6,"SEX2","CAT2","_PASTRNG","RESP046","    (37.638640123, -120.999999538)"
2011,"CO","Colorado","Demographics","Disability status","Adults who are limited in any activities because of physical, mental, or emotional problems","Yes","Female","Sex","2,225",25.9,24.6,27.3,"5","%","Crude Prevalence","","","BRFSS","CLASS05","Topic19",8,"SEX2","CAT2","QLACTLM2","RESP046","    (38.843840757, -106.133610921)"
2011,"CO","Colorado","Physical Activity","Strength Activity","Participated in muscle strengthening exercises two or more times per week (variable calculated from one or more BRFSS questions).","Yes","Female","Sex","2,282",32.4,30.8,34,"5","%","Crude Prevalence","","","BRFSS","CLASS15","Topic56",8,"SEX2","CAT2","_PASTRNG","RESP046","    (38.843840757, -106.133610921)"
2011,"CO","Colorado","Physical Activity","Exercise","During the past month, did you participate in any physical activities? (variable calculated from one or more BRFSS questions)","Yes","Female","Sex","6,069",82.9,81.7,84.2,"5","%","Crude Prevalence","","","BRFSS","CLASS15","Topic23",8,"SEX2","CAT2","_TOTINDA","RESP046","    (38.843840757, -106.133610921)"
2011,"CO","Colorado","Physical Activity","Aerobic Activity","Participated in 150 minutes or more of Aerobic Physical Activity per week (variable calculated from one or more BRFSS questions)","Yes","Female","Sex","4,489",61.9,60.2,63.6,"5","%","Crude Prevalence","","","BRFSS","CLASS15","TOPIC01",8,"SEX2","CAT2","_PAINDEX","RESP046","    (38.843840757, -106.133610921)"
2011,"CO","Colorado","Physical Activity","Physical Activity Index","Participated in enough Aerobic and Muscle Strengthening exercises to meet guidelines (variable calculated from one or more BRFSS questions)","Yes","Female","Sex","1,738",25.6,24,27.2,"5","%","Crude Prevalence","","","BRFSS","CLASS15","TOPIC45",8,"SEX2","CAT2","_PASTAER","RESP046","    (38.843840757, -106.133610921)"
2011,"CT","Connecticut","Physical Activity","Strength Activity","Participated in muscle strengthening exercises two or more times per week (variable calculated from one or more BRFSS questions).","Yes","Female","Sex","1,092",27.1,25.1,29.2,"5","%","Crude Prevalence","","","BRFSS","CLASS15","Topic56",9,"SEX2","CAT2","_PASTRNG","RESP046","    (41.56266102, -72.649840952)"
2011,"CT","Connecticut","Physical Activity","Aerobic Activity","Participated in 150 minutes or more of Aerobic Physical Activity per week (variable calculated from one or more BRFSS questions)","Yes","Female","Sex","2,046",51.1,48.8,53.4,"5","%","Crude Prevalence","","","BRFSS","CLASS15","TOPIC01",9,"SEX2","CAT2","_PAINDEX","RESP046","    (41.56266102, -72.649840952)"
2011,"CT","Connecticut","Physical Activity","Exercise","During the past month, did you participate in any physical activities? (variable calculated from one or more BRFSS questions)","Yes","Female","Sex","3,001",73,71,75.1,"5","%","Crude Prevalence","","","BRFSS","CLASS15","Topic23",9,"SEX2","CAT2","_TOTINDA","RESP046","    (41.56266102, -72.649840952)"
2011,"CT","Connecticut","Physical Activity","Physical Activity Index","Participated in enough Aerobic and Muscle Strengthening exercises to meet guidelines (variable calculated from one or more BRFSS questions)","Yes","Female","Sex","758",19.5,17.7,21.4,"5","%","Crude Prevalence","","","BRFSS","CLASS15","TOPIC45",9,"SEX2","CAT2","_PASTAER","RESP046","    (41.56266102, -72.649840952)"
2011,"CT","Connecticut","Demographics","Disability status","Adults who are limited in any activities because of physical, mental, or emotional problems","Yes","Female","Sex","1,056",22.6,20.8,24.4,"5","%","Crude Prevalence","","","BRFSS","CLASS05","Topic19",9,"SEX2","CAT2","QLACTLM2","RESP046","    (41.56266102, -72.649840952)"
2011,"DC","District of Columbia","Demographics","Disability status","Adults who are limited in any activities because of physical, mental, or emotional problems","Yes","Female","Sex","690",21.9,19.7,24.1,"5","%","Crude Prevalence","","","BRFSS","CLASS05","Topic19",11,"SEX2","CAT2","QLACTLM2","RESP046","    (38.890371385, -77.031961127)"
2011,"DC","District of Columbia","Physical Activity","Aerobic Activity","Participated in 150 minutes or more of Aerobic Physical Activity per week (variable calculated from one or more BRFSS questions)","Yes","Female","Sex","1,456",56,53.1,58.8,"5","%","Crude Prevalence","","","BRFSS","CLASS15","TOPIC01",11,"SEX2","CAT2","_PAINDEX","RESP046","    (38.890371385, -77.031961127)"
2011,"DC","District of Columbia","Physical Activity","Strength Activity","Participated in muscle strengthening exercises two or more times per week (variable calculated from one or more BRFSS questions).","Yes","Female","Sex","802",30,27.3,32.6,"5","%","Crude Prevalence","","","BRFSS","CLASS15","Topic56",11,"SEX2","CAT2","_PASTRNG","RESP046","    (38.890371385, -77.031961127)"
2011,"DC","District of Columbia","Physical Activity","Physical Activity Index","Participated in enough Aerobic and Muscle Strengthening exercises to meet guidelines (variable calculated from one or more BRFSS questions)","Yes","Female","Sex","578",21.4,19,23.7,"5","%","Crude Prevalence","","","BRFSS","CLASS15","TOPIC45",11,"SEX2","CAT2","_PASTAER","RESP046","    (38.890371385, -77.031961127)"
2011,"DC","District of Columbia","Physical Activity","Exercise","During the past month, did you participate in any physical activities? (variable calculated from one or more BRFSS questions)","Yes","Female","Sex","2,106",78.4,76.1,80.8,"5","%","Crude Prevalence","","","BRFSS","CLASS15","Topic23",11,"SEX2","CAT2","_TOTINDA","RESP046","    (38.890371385, -77.031961127)"
2011,"DE","Delaware","Physical Activity","Exercise","During the past month, did you participate in any physical activities? (variable calculated from one or more BRFSS questions)","Yes","Female","Sex","2,064",72.6,70.3,74.8,"5","%","Crude Prevalence","","","BRFSS","CLASS15","Topic23",10,"SEX2","CAT2","_TOTINDA","RESP046","    (39.008830667, -75.577741168)"
2011,"DE","Delaware","Physical Activity","Physical Activity Index","Participated in enough Aerobic and Muscle Strengthening exercises to meet guidelines (variable calculated from one or more BRFSS questions)","Yes","Female","Sex","471",17.9,15.7,20.1,"5","%","Crude Prevalence","","","BRFSS","CLASS15","TOPIC45",10,"SEX2","CAT2","_PASTAER","RESP046","    (39.008830667, -75.577741168)"
2011,"DE","Delaware","Physical Activity","Strength Activity","Participated in muscle strengthening exercises two or more times per week (variable calculated from one or more BRFSS questions).","Yes","Female","Sex","723",25.7,23.3,28.1,"5","%","Crude Prevalence","","","BRFSS","CLASS15","Topic56",10,"SEX2","CAT2","_PASTRNG","RESP046","    (39.008830667, -75.577741168)"
2011,"DE","Delaware","Physical Activity","Aerobic Activity","Participated in 150 minutes or more of Aerobic Physical Activity per week (variable calculated from one or more BRFSS questions)","Yes","Female","Sex","1,265",47,44.3,49.8,"5","%","Crude Prevalence","","","BRFSS","CLASS15","TOPIC01",10,"SEX2","CAT2","_PAINDEX","RESP046","    (39.008830667, -75.577741168)"
2011,"DE","Delaware","Demographics","Disability status","Adults who are limited in any activities because of physical, mental, or emotional problems","Yes","Female","Sex","819",23.9,21.8,25.9,"5","%","Crude Prevalence","","","BRFSS","CLASS05","Topic19",10,"SEX2","CAT2","QLACTLM2","RESP046","    (39.008830667, -75.577741168)"
2011,"FL","Florida","Physical Activity","Aerobic Activity","Participated in 150 minutes or more of Aerobic Physical Activity per week (variable calculated from one or more BRFSS questions)","Yes","Female","Sex","3,431",49.8,47.9,51.7,"5","%","Crude Prevalence","","","BRFSS","CLASS15","TOPIC01",12,"SEX2","CAT2","_PAINDEX","RESP046","    (28.932040377, -81.928960539)"
2011,"FL","Florida","Demographics","Disability status","Adults who are limited in any activities because of physical, mental, or emotional problems","Yes","Female","Sex","2,338",28.4,26.8,30.1,"5","%","Crude Prevalence","","","BRFSS","CLASS05","Topic19",12,"SEX2","CAT2","QLACTLM2","RESP046","    (28.932040377, -81.928960539)"
2011,"FL","Florida","Physical Activity","Physical Activity Index","Participated in enough Aerobic and Muscle Strengthening exercises to meet guidelines (variable calculated from one or more BRFSS questions)","Yes","Female","Sex","1,092",17.6,16.1,19,"5","%","Crude Prevalence","","","BRFSS","CLASS15","TOPIC45",12,"SEX2","CAT2","_PASTAER","RESP046","    (28.932040377, -81.928960539)"
2011,"FL","Florida","Physical Activity","Exercise","During the past month, did you participate in any physical activities? (variable calculated from one or more BRFSS questions)","Yes","Female","Sex","4,874",70.8,69.1,72.5,"5","%","Crude Prevalence","","","BRFSS","CLASS15","Topic23",12,"SEX2","CAT2","_TOTINDA","RESP046","    (28.932040377, -81.928960539)"
2011,"FL","Florida","Physical Activity","Strength Activity","Participated in muscle strengthening exercises two or more times per week (variable calculated from one or more BRFSS questions).","Yes","Female","Sex","1,520",23.6,22,25.2,"5","%","Crude Prevalence","","","BRFSS","CLASS15","Topic56",12,"SEX2","CAT2","_PASTRNG","RESP046","    (28.932040377, -81.928960539)"
2011,"GA","Georgia","Physical Activity","Physical Activity Index","Participated in enough Aerobic and Muscle Strengthening exercises to meet guidelines (variable calculated from one or more BRFSS questions)","Yes","Female","Sex","922",16.8,15.3,18.2,"5","%","Crude Prevalence","","","BRFSS","CLASS15","TOPIC45",13,"SEX2","CAT2","_PASTAER","RESP046","    (32.839681093, -83.627580346)"
2011,"GA","Georgia","Physical Activity","Exercise","During the past month, did you participate in any physical activities? (variable calculated from one or more BRFSS questions)","Yes","Female","Sex","4,230",70.4,68.6,72.1,"5","%","Crude Prevalence","","","BRFSS","CLASS15","Topic23",13,"SEX2","CAT2","_TOTINDA","RESP046","    (32.839681093, -83.627580346)"
2011,"GA","Georgia","Physical Activity","Strength Activity","Participated in muscle strengthening exercises two or more times per week (variable calculated from one or more BRFSS questions).","Yes","Female","Sex","1,333",23.8,22.1,25.5,"5","%","Crude Prevalence","","","BRFSS","CLASS15","Topic56",13,"SEX2","CAT2","_PASTRNG","RESP046","    (32.839681093, -83.627580346)"
2011,"GA","Georgia","Physical Activity","Aerobic Activity","Participated in 150 minutes or more of Aerobic Physical Activity per week (variable calculated from one or more BRFSS questions)","Yes","Female","Sex","2,873",48.4,46.5,50.4,"5","%","Crude Prevalence","","","BRFSS","CLASS15","TOPIC01",13,"SEX2","CAT2","_PAINDEX","RESP046","    (32.839681093, -83.627580346)"
2011,"GA","Georgia","Demographics","Disability status","Adults who are limited in any activities because of physical, mental, or emotional problems","Yes","Female","Sex","1,831",25.6,24,27.1,"5","%","Crude Prevalence","","","BRFSS","CLASS05","Topic19",13,"SEX2","CAT2","QLACTLM2","RESP046","    (32.839681093, -83.627580346)"
2011,"GU","Guam","Physical Activity","Exercise","During the past month, did you participate in any physical activities? (variable calculated from one or more BRFSS questions)","Yes","Female","Sex","652",60.2,56.5,64,"5","%","Crude Prevalence","","","BRFSS","CLASS15","Topic23",66,"SEX2","CAT2","_TOTINDA","RESP046","    (13.444304, 144.793731)"
2011,"GU","Guam","Physical Activity","Physical Activity Index","Participated in enough Aerobic and Muscle Strengthening exercises to meet guidelines (variable calculated from one or more BRFSS questions)","Yes","Female","Sex","145",13.2,10.6,15.7,"5","%","Crude Prevalence","","","BRFSS","CLASS15","TOPIC45",66,"SEX2","CAT2","_PASTAER","RESP046","    (13.444304, 144.793731)"
2011,"GU","Guam","Physical Activity","Strength Activity","Participated in muscle strengthening exercises two or more times per week (variable calculated from one or more BRFSS questions).","Yes","Female","Sex","229",19.9,17,22.9,"5","%","Crude Prevalence","","","BRFSS","CLASS15","Topic56",66,"SEX2","CAT2","_PASTRNG","RESP046","    (13.444304, 144.793731)"
2011,"GU","Guam","Demographics","Disability status","Adults who are limited in any activities because of physical, mental, or emotional problems","Yes","Female","Sex","186",17.5,14.5,20.4,"5","%","Crude Prevalence","","","BRFSS","CLASS05","Topic19",66,"SEX2","CAT2","QLACTLM2","RESP046","    (13.444304, 144.793731)"
2011,"GU","Guam","Physical Activity","Aerobic Activity","Participated in 150 minutes or more of Aerobic Physical Activity per week (variable calculated from one or more BRFSS questions)","Yes","Female","Sex","441",42.2,38.4,46,"5","%","Crude Prevalence","","","BRFSS","CLASS15","TOPIC01",66,"SEX2","CAT2","_PAINDEX","RESP046","    (13.444304, 144.793731)"
2011,"HI","Hawaii","Physical Activity","Physical Activity Index","Participated in enough Aerobic and Muscle Strengthening exercises to meet guidelines (variable calculated from one or more BRFSS questions)","Yes","Female","Sex","861",17.2,15.6,18.8,"5","%","Crude Prevalence","","","BRFSS","CLASS15","TOPIC45",15,"SEX2","CAT2","_PASTAER","RESP046","    (21.304850435, -157.857749403)"
2011,"HI","Hawaii","Physical Activity","Strength Activity","Participated in muscle strengthening exercises two or more times per week (variable calculated from one or more BRFSS questions).","Yes","Female","Sex","1,129",23.3,21.5,25.1,"5","%","Crude Prevalence","","","BRFSS","CLASS15","Topic56",15,"SEX2","CAT2","_PASTRNG","RESP046","    (21.304850435, -157.857749403)"
2011,"HI","Hawaii","Physical Activity","Exercise","During the past month, did you participate in any physical activities? (variable calculated from one or more BRFSS questions)","Yes","Female","Sex","3,260",75.6,73.5,77.7,"5","%","Crude Prevalence","","","BRFSS","CLASS15","Topic23",15,"SEX2","CAT2","_TOTINDA","RESP046","    (21.304850435, -157.857749403)"
2011,"HI","Hawaii","Physical Activity","Aerobic Activity","Participated in 150 minutes or more of Aerobic Physical Activity per week (variable calculated from one or more BRFSS questions)","Yes","Female","Sex","2,493",54.6,52.2,57,"5","%","Crude Prevalence","","","BRFSS","CLASS15","TOPIC01",15,"SEX2","CAT2","_PAINDEX","RESP046","    (21.304850435, -157.857749403)"
2011,"HI","Hawaii","Demographics","Disability status","Adults who are limited in any activities because of physical, mental, or emotional problems","Yes","Female","Sex","1,030",19,17.3,20.6,"5","%","Crude Prevalence","","","BRFSS","CLASS05","Topic19",15,"SEX2","CAT2","QLACTLM2","RESP046","    (21.304850435, -157.857749403)"
2011,"IA","Iowa","Demographics","Disability status","Adults who are limited in any activities because of physical, mental, or emotional problems","Yes","Female","Sex","1,089",21.9,20.4,23.5,"5","%","Crude Prevalence","","","BRFSS","CLASS05","Topic19",19,"SEX2","CAT2","QLACTLM2","RESP046","    (42.469400913, -93.816490556)"
2011,"IA","Iowa","Physical Activity","Aerobic Activity","Participated in 150 minutes or more of Aerobic Physical Activity per week (variable calculated from one or more BRFSS questions)","Yes","Female","Sex","1,974",47.7,45.7,49.7,"5","%","Crude Prevalence","","","BRFSS","CLASS15","TOPIC01",19,"SEX2","CAT2","_PAINDEX","RESP046","    (42.469400913, -93.816490556)"
2011,"IA","Iowa","Physical Activity","Physical Activity Index","Participated in enough Aerobic and Muscle Strengthening exercises to meet guidelines (variable calculated from one or more BRFSS questions)","Yes","Female","Sex","614",15.4,14,16.8,"5","%","Crude Prevalence","","","BRFSS","CLASS15","TOPIC45",19,"SEX2","CAT2","_PASTAER","RESP046","    (42.469400913, -93.816490556)"
2011,"IA","Iowa","Physical Activity","Strength Activity","Participated in muscle strengthening exercises two or more times per week (variable calculated from one or more BRFSS questions).","Yes","Female","Sex","952",24.1,22.3,25.8,"5","%","Crude Prevalence","","","BRFSS","CLASS15","Topic56",19,"SEX2","CAT2","_PASTRNG","RESP046","    (42.469400913, -93.816490556)"
2011,"IA","Iowa","Physical Activity","Exercise","During the past month, did you participate in any physical activities? (variable calculated from one or more BRFSS questions)","Yes","Female","Sex","3,026",75,73.3,76.7,"5","%","Crude Prevalence","","","BRFSS","CLASS15","Topic23",19,"SEX2","CAT2","_TOTINDA","RESP046","    (42.469400913, -93.816490556)"
2011,"ID","Idaho","Physical Activity","Aerobic Activity","Participated in 150 minutes or more of Aerobic Physical Activity per week (variable calculated from one or more BRFSS questions)","Yes","Female","Sex","1,881",56.2,53.6,58.8,"5","%","Crude Prevalence","","","BRFSS","CLASS15","TOPIC01",16,"SEX2","CAT2","_PAINDEX","RESP046","    (43.682630005, -114.363730042)"
2011,"ID","Idaho","Physical Activity","Exercise","During the past month, did you participate in any physical activities? (variable calculated from one or more BRFSS questions)","Yes","Female","Sex","2,673",77.8,75.6,80,"5","%","Crude Prevalence","","","BRFSS","CLASS15","Topic23",16,"SEX2","CAT2","_TOTINDA","RESP046","    (43.682630005, -114.363730042)"
2011,"ID","Idaho","Physical Activity","Physical Activity Index","Participated in enough Aerobic and Muscle Strengthening exercises to meet guidelines (variable calculated from one or more BRFSS questions)","Yes","Female","Sex","659",21.6,19.4,23.8,"5","%","Crude Prevalence","","","BRFSS","CLASS15","TOPIC45",16,"SEX2","CAT2","_PASTAER","RESP046","    (43.682630005, -114.363730042)"
2011,"ID","Idaho","Physical Activity","Strength Activity","Participated in muscle strengthening exercises two or more times per week (variable calculated from one or more BRFSS questions).","Yes","Female","Sex","916",28,25.7,30.4,"5","%","Crude Prevalence","","","BRFSS","CLASS15","Topic56",16,"SEX2","CAT2","_PASTRNG","RESP046","    (43.682630005, -114.363730042)"
2011,"ID","Idaho","Demographics","Disability status","Adults who are limited in any activities because of physical, mental, or emotional problems","Yes","Female","Sex","1,116",27.5,25.3,29.7,"5","%","Crude Prevalence","","","BRFSS","CLASS05","Topic19",16,"SEX2","CAT2","QLACTLM2","RESP046","    (43.682630005, -114.363730042)"
2011,"IL","Illinois","Physical Activity","Physical Activity Index","Participated in enough Aerobic and Muscle Strengthening exercises to meet guidelines (variable calculated from one or more BRFSS questions)","Yes","Female","Sex","570",19.9,17.8,22,"5","%","Crude Prevalence","","","BRFSS","CLASS15","TOPIC45",17,"SEX2","CAT2","_PASTAER","RESP046","    (40.485010283, -88.997710178)"
2011,"IL","Illinois","Physical Activity","Exercise","During the past month, did you participate in any physical activities? (variable calculated from one or more BRFSS questions)","Yes","Female","Sex","2,268",73.1,70.9,75.3,"5","%","Crude Prevalence","","","BRFSS","CLASS15","Topic23",17,"SEX2","CAT2","_TOTINDA","RESP046","    (40.485010283, -88.997710178)"
2011,"IL","Illinois","Physical Activity","Aerobic Activity","Participated in 150 minutes or more of Aerobic Physical Activity per week (variable calculated from one or more BRFSS questions)","Yes","Female","Sex","1,630",51.5,49,54.1,"5","%","Crude Prevalence","","","BRFSS","CLASS15","TOPIC01",17,"SEX2","CAT2","_PAINDEX","RESP046","    (40.485010283, -88.997710178)"
2011,"IL","Illinois","Physical Activity","Strength Activity","Participated in muscle strengthening exercises two or more times per week (variable calculated from one or more BRFSS questions).","Yes","Female","Sex","774",26.3,24.1,28.6,"5","%","Crude Prevalence","","","BRFSS","CLASS15","Topic56",17,"SEX2","CAT2","_PASTRNG","RESP046","    (40.485010283, -88.997710178)"
2011,"IL","Illinois","Demographics","Disability status","Adults who are limited in any activities because of physical, mental, or emotional problems","Yes","Female","Sex","882",23.2,21.2,25.2,"5","%","Crude Prevalence","","","BRFSS","CLASS05","Topic19",17,"SEX2","CAT2","QLACTLM2","RESP046","    (40.485010283, -88.997710178)"
2011,"IN","Indiana","Demographics","Disability status","Adults who are limited in any activities because of physical, mental, or emotional problems","Yes","Female","Sex","1,461",26.6,24.9,28.2,"5","%","Crude Prevalence","","","BRFSS","CLASS05","Topic19",18,"SEX2","CAT2","QLACTLM2","RESP046","    (39.766910452, -86.149960194)"
2011,"IN","Indiana","Physical Activity","Exercise","During the past month, did you participate in any physical activities? (variable calculated from one or more BRFSS questions)","Yes","Female","Sex","3,304",70.7,69,72.5,"5","%","Crude Prevalence","","","BRFSS","CLASS15","Topic23",18,"SEX2","CAT2","_TOTINDA","RESP046","    (39.766910452, -86.149960194)"
2011,"IN","Indiana","Physical Activity","Aerobic Activity","Participated in 150 minutes or more of Aerobic Physical Activity per week (variable calculated from one or more BRFSS questions)","Yes","Female","Sex","2,061",45.5,43.6,47.5,"5","%","Crude Prevalence","","","BRFSS","CLASS15","TOPIC01",18,"SEX2","CAT2","_PAINDEX","RESP046","    (39.766910452, -86.149960194)"
2011,"IN","Indiana","Physical Activity","Physical Activity Index","Participated in enough Aerobic and Muscle Strengthening exercises to meet guidelines (variable calculated from one or more BRFSS questions)","Yes","Female","Sex","614",15.1,13.6,16.6,"5","%","Crude Prevalence","","","BRFSS","CLASS15","TOPIC45",18,"SEX2","CAT2","_PASTAER","RESP046","    (39.766910452, -86.149960194)"
2011,"IN","Indiana","Physical Activity","Strength Activity","Participated in muscle strengthening exercises two or more times per week (variable calculated from one or more BRFSS questions).","Yes","Female","Sex","975",22.8,21,24.5,"5","%","Crude Prevalence","","","BRFSS","CLASS15","Topic56",18,"SEX2","CAT2","_PASTRNG","RESP046","    (39.766910452, -86.149960194)"
2011,"KS","Kansas","Physical Activity","Aerobic Activity","Participated in 150 minutes or more of Aerobic Physical Activity per week (variable calculated from one or more BRFSS questions)","Yes","Female","Sex","5,577",46.4,45.2,47.5,"5","%","Crude Prevalence","","","BRFSS","CLASS15","TOPIC01",20,"SEX2","CAT2","_PAINDEX","RESP046","    (38.3477403, -98.200781227)"
2011,"KS","Kansas","Physical Activity","Physical Activity Index","Participated in enough Aerobic and Muscle Strengthening exercises to meet guidelines (variable calculated from one or more BRFSS questions)","Yes","Female","Sex","1,694",15.2,14.3,16.1,"5","%","Crude Prevalence","","","BRFSS","CLASS15","TOPIC45",20,"SEX2","CAT2","_PASTAER","RESP046","    (38.3477403, -98.200781227)"
2011,"KS","Kansas","Physical Activity","Strength Activity","Participated in muscle strengthening exercises two or more times per week (variable calculated from one or more BRFSS questions).","Yes","Female","Sex","2,440",21.1,20.1,22.1,"5","%","Crude Prevalence","","","BRFSS","CLASS15","Topic56",20,"SEX2","CAT2","_PASTRNG","RESP046","    (38.3477403, -98.200781227)"
2011,"KS","Kansas","Physical Activity","Exercise","During the past month, did you participate in any physical activities? (variable calculated from one or more BRFSS questions)","Yes","Female","Sex","8,781",73.5,72.5,74.5,"5","%","Crude Prevalence","","","BRFSS","CLASS15","Topic23",20,"SEX2","CAT2","_TOTINDA","RESP046","    (38.3477403, -98.200781227)"
2011,"KS","Kansas","Demographics","Disability status","Adults who are limited in any activities because of physical, mental, or emotional problems","Yes","Female","Sex","3,693",25.2,24.3,26.2,"5","%","Crude Prevalence","","","BRFSS","CLASS05","Topic19",20,"SEX2","CAT2","QLACTLM2","RESP046","    (38.3477403, -98.200781227)"
2011,"KY","Kentucky","Physical Activity","Strength Activity","Participated in muscle strengthening exercises two or more times per week (variable calculated from one or more BRFSS questions).","Yes","Female","Sex","1,211",21.5,19.8,23.2,"5","%","Crude Prevalence","","","BRFSS","CLASS15","Topic56",21,"SEX2","CAT2","_PASTRNG","RESP046","    (37.645970271, -84.774971048)"
2011,"KY","Kentucky","Physical Activity","Physical Activity Index","Participated in enough Aerobic and Muscle Strengthening exercises to meet guidelines (variable calculated from one or more BRFSS questions)","Yes","Female","Sex","757",13.7,12.3,15.2,"5","%","Crude Prevalence","","","BRFSS","CLASS15","TOPIC45",21,"SEX2","CAT2","_PASTAER","RESP046","    (37.645970271, -84.774971048)"
2011,"KY","Kentucky","Demographics","Disability status","Adults who are limited in any activities because of physical, mental, or emotional problems","Yes","Female","Sex","2,364",30.7,28.9,32.5,"5","%","Crude Prevalence","","","BRFSS","CLASS05","Topic19",21,"SEX2","CAT2","QLACTLM2","RESP046","    (37.645970271, -84.774971048)"
2011,"KY","Kentucky","Physical Activity","Exercise","During the past month, did you participate in any physical activities? (variable calculated from one or more BRFSS questions)","Yes","Female","Sex","4,413",69.5,67.7,71.4,"5","%","Crude Prevalence","","","BRFSS","CLASS15","Topic23",21,"SEX2","CAT2","_TOTINDA","RESP046","    (37.645970271, -84.774971048)"
2011,"KY","Kentucky","Physical Activity","Aerobic Activity","Participated in 150 minutes or more of Aerobic Physical Activity per week (variable calculated from one or more BRFSS questions)","Yes","Female","Sex","2,824",45.9,43.9,48,"5","%","Crude Prevalence","","","BRFSS","CLASS15","TOPIC01",21,"SEX2","CAT2","_PAINDEX","RESP046","    (37.645970271, -84.774971048)"
2011,"LA","Louisiana","Physical Activity","Aerobic Activity","Participated in 150 minutes or more of Aerobic Physical Activity per week (variable calculated from one or more BRFSS questions)","Yes","Female","Sex","2,653",39,37.2,40.8,"5","%","Crude Prevalence","","","BRFSS","CLASS15","TOPIC01",22,"SEX2","CAT2","_PAINDEX","RESP046","    (31.312660644, -92.445680071)"
2011,"LA","Louisiana","Physical Activity","Exercise","During the past month, did you participate in any physical activities? (variable calculated from one or more BRFSS questions)","Yes","Female","Sex","4,441",63,61.2,64.7,"5","%","Crude Prevalence","","","BRFSS","CLASS15","Topic23",22,"SEX2","CAT2","_TOTINDA","RESP046","    (31.312660644, -92.445680071)"
2011,"LA","Louisiana","Physical Activity","Physical Activity Index","Participated in enough Aerobic and Muscle Strengthening exercises to meet guidelines (variable calculated from one or more BRFSS questions)","Yes","Female","Sex","735",12,10.8,13.3,"5","%","Crude Prevalence","","","BRFSS","CLASS15","TOPIC45",22,"SEX2","CAT2","_PASTAER","RESP046","    (31.312660644, -92.445680071)"
2011,"LA","Louisiana","Physical Activity","Strength Activity","Participated in muscle strengthening exercises two or more times per week (variable calculated from one or more BRFSS questions).","Yes","Female","Sex","1,183",17.8,16.4,19.2,"5","%","Crude Prevalence","","","BRFSS","CLASS15","Topic56",22,"SEX2","CAT2","_PASTRNG","RESP046","    (31.312660644, -92.445680071)"
2011,"LA","Louisiana","Demographics","Disability status","Adults who are limited in any activities because of physical, mental, or emotional problems","Yes","Female","Sex","2,278",27.2,25.6,28.7,"5","%","Crude Prevalence","","","BRFSS","CLASS05","Topic19",22,"SEX2","CAT2","QLACTLM2","RESP046","    (31.312660644, -92.445680071)"
2011,"MA","Massachusetts","Demographics","Disability status","Adults who are limited in any activities because of physical, mental, or emotional problems","Yes","Female","Sex","3,459",23.1,21.9,24.3,"5","%","Crude Prevalence","","","BRFSS","CLASS05","Topic19",25,"SEX2","CAT2","QLACTLM2","RESP046","    (42.27687047, -72.082690675)"
2011,"MA","Massachusetts","Physical Activity","Strength Activity","Participated in muscle strengthening exercises two or more times per week (variable calculated from one or more BRFSS questions).","Yes","Female","Sex","3,362",28.3,26.9,29.6,"5","%","Crude Prevalence","","","BRFSS","CLASS15","Topic56",25,"SEX2","CAT2","_PASTRNG","RESP046","    (42.27687047, -72.082690675)"
2011,"MA","Massachusetts","Physical Activity","Physical Activity Index","Participated in enough Aerobic and Muscle Strengthening exercises to meet guidelines (variable calculated from one or more BRFSS questions)","Yes","Female","Sex","2,394",21.4,20.1,22.6,"5","%","Crude Prevalence","","","BRFSS","CLASS15","TOPIC45",25,"SEX2","CAT2","_PASTAER","RESP046","    (42.27687047, -72.082690675)"
2011,"MA","Massachusetts","Physical Activity","Exercise","During the past month, did you participate in any physical activities? (variable calculated from one or more BRFSS questions)","Yes","Female","Sex","9,303",75.2,73.9,76.4,"5","%","Crude Prevalence","","","BRFSS","CLASS15","Topic23",25,"SEX2","CAT2","_TOTINDA","RESP046","    (42.27687047, -72.082690675)"
2011,"MA","Massachusetts","Physical Activity","Aerobic Activity","Participated in 150 minutes or more of Aerobic Physical Activity per week (variable calculated from one or more BRFSS questions)","Yes","Female","Sex","6,515",54.3,52.8,55.9,"5","%","Crude Prevalence","","","BRFSS","CLASS15","TOPIC01",25,"SEX2","CAT2","_PAINDEX","RESP046","    (42.27687047, -72.082690675)"
2011,"MD","Maryland","Physical Activity","Aerobic Activity","Participated in 150 minutes or more of Aerobic Physical Activity per week (variable calculated from one or more BRFSS questions)","Yes","Female","Sex","2,851",47.3,45.3,49.2,"5","%","Crude Prevalence","","","BRFSS","CLASS15","TOPIC01",24,"SEX2","CAT2","_PAINDEX","RESP046","    (39.290580964, -76.609260111)"
2011,"MD","Maryland","Physical Activity","Physical Activity Index","Participated in enough Aerobic and Muscle Strengthening exercises to meet guidelines (variable calculated from one or more BRFSS questions)","Yes","Female","Sex","1,000",16.8,15.4,18.2,"5","%","Crude Prevalence","","","BRFSS","CLASS15","TOPIC45",24,"SEX2","CAT2","_PASTAER","RESP046","    (39.290580964, -76.609260111)"
2011,"MD","Maryland","Physical Activity","Strength Activity","Participated in muscle strengthening exercises two or more times per week (variable calculated from one or more BRFSS questions).","Yes","Female","Sex","1,487",24,22.4,25.6,"5","%","Crude Prevalence","","","BRFSS","CLASS15","Topic56",24,"SEX2","CAT2","_PASTRNG","RESP046","    (39.290580964, -76.609260111)"
2011,"MD","Maryland","Physical Activity","Exercise","During the past month, did you participate in any physical activities? (variable calculated from one or more BRFSS questions)","Yes","Female","Sex","4,376",72.2,70.5,73.9,"5","%","Crude Prevalence","","","BRFSS","CLASS15","Topic23",24,"SEX2","CAT2","_TOTINDA","RESP046","    (39.290580964, -76.609260111)"
2011,"MD","Maryland","Demographics","Disability status","Adults who are limited in any activities because of physical, mental, or emotional problems","Yes","Female","Sex","1,641",23,21.5,24.6,"5","%","Crude Prevalence","","","BRFSS","CLASS05","Topic19",24,"SEX2","CAT2","QLACTLM2","RESP046","    (39.290580964, -76.609260111)"
2011,"ME","Maine","Physical Activity","Strength Activity","Participated in muscle strengthening exercises two or more times per week (variable calculated from one or more BRFSS questions).","Yes","Female","Sex","1,937",24.9,23.6,26.1,"5","%","Crude Prevalence","","","BRFSS","CLASS15","Topic56",23,"SEX2","CAT2","_PASTRNG","RESP046","    (45.254228894001, -68.985031336)"
2011,"ME","Maine","Physical Activity","Physical Activity Index","Participated in enough Aerobic and Muscle Strengthening exercises to meet guidelines (variable calculated from one or more BRFSS questions)","Yes","Female","Sex","1,392",18.6,17.4,19.8,"5","%","Crude Prevalence","","","BRFSS","CLASS15","TOPIC45",23,"SEX2","CAT2","_PASTAER","RESP046","    (45.254228894001, -68.985031336)"
2011,"ME","Maine","Physical Activity","Aerobic Activity","Participated in 150 minutes or more of Aerobic Physical Activity per week (variable calculated from one or more BRFSS questions)","Yes","Female","Sex","4,238",56,54.5,57.5,"5","%","Crude Prevalence","","","BRFSS","CLASS15","TOPIC01",23,"SEX2","CAT2","_PAINDEX","RESP046","    (45.254228894001, -68.985031336)"
2011,"ME","Maine","Physical Activity","Exercise","During the past month, did you participate in any physical activities? (variable calculated from one or more BRFSS questions)","Yes","Female","Sex","5,975",77.2,75.9,78.4,"5","%","Crude Prevalence","","","BRFSS","CLASS15","Topic23",23,"SEX2","CAT2","_TOTINDA","RESP046","    (45.254228894001, -68.985031336)"
2011,"ME","Maine","Demographics","Disability status","Adults who are limited in any activities because of physical, mental, or emotional problems","Yes","Female","Sex","2,530",30,28.7,31.4,"5","%","Crude Prevalence","","","BRFSS","CLASS05","Topic19",23,"SEX2","CAT2","QLACTLM2","RESP046","    (45.254228894001, -68.985031336)"
2011,"MI","Michigan","Demographics","Disability status","Adults who are limited in any activities because of physical, mental, or emotional problems","Yes","Female","Sex","2,078",28.4,26.7,30,"5","%","Crude Prevalence","","","BRFSS","CLASS05","Topic19",26,"SEX2","CAT2","QLACTLM2","RESP046","    (44.661319543001, -84.71439027)"
2011,"MI","Michigan","Physical Activity","Exercise","During the past month, did you participate in any physical activities? (variable calculated from one or more BRFSS questions)","Yes","Female","Sex","4,739",75,73.5,76.6,"5","%","Crude Prevalence","","","BRFSS","CLASS15","Topic23",26,"SEX2","CAT2","_TOTINDA","RESP046","    (44.661319543001, -84.71439027)"
2011,"MI","Michigan","Physical Activity","Aerobic Activity","Participated in 150 minutes or more of Aerobic Physical Activity per week (variable calculated from one or more BRFSS questions)","Yes","Female","Sex","3,357",52.6,50.8,54.5,"5","%","Crude Prevalence","","","BRFSS","CLASS15","TOPIC01",26,"SEX2","CAT2","_PAINDEX","RESP046","    (44.661319543001, -84.71439027)"
2011,"MI","Michigan","Physical Activity","Strength Activity","Participated in muscle strengthening exercises two or more times per week (variable calculated from one or more BRFSS questions).","Yes","Female","Sex","1,508",24.2,22.6,25.8,"5","%","Crude Prevalence","","","BRFSS","CLASS15","Topic56",26,"SEX2","CAT2","_PASTRNG","RESP046","    (44.661319543001, -84.71439027)"
2011,"MI","Michigan","Physical Activity","Physical Activity Index","Participated in enough Aerobic and Muscle Strengthening exercises to meet guidelines (variable calculated from one or more BRFSS questions)","Yes","Female","Sex","1,089",17.9,16.5,19.3,"5","%","Crude Prevalence","","","BRFSS","CLASS15","TOPIC45",26,"SEX2","CAT2","_PASTAER","RESP046","    (44.661319543001, -84.71439027)"
2011,"MN","Minnesota","Physical Activity","Strength Activity","Participated in muscle strengthening exercises two or more times per week (variable calculated from one or more BRFSS questions).","Yes","Female","Sex","2,308",27.5,26,28.9,"5","%","Crude Prevalence","","","BRFSS","CLASS15","Topic56",27,"SEX2","CAT2","_PASTRNG","RESP046","    (46.355648736, -94.794200503)"
2011,"MN","Minnesota","Physical Activity","Physical Activity Index","Participated in enough Aerobic and Muscle Strengthening exercises to meet guidelines (variable calculated from one or more BRFSS questions)","Yes","Female","Sex","1,643",20.1,18.8,21.4,"5","%","Crude Prevalence","","","BRFSS","CLASS15","TOPIC45",27,"SEX2","CAT2","_PASTAER","RESP046","    (46.355648736, -94.794200503)"
2011,"MN","Minnesota","Physical Activity","Aerobic Activity","Participated in 150 minutes or more of Aerobic Physical Activity per week (variable calculated from one or more BRFSS questions)","Yes","Female","Sex","4,415",52.6,50.9,54.2,"5","%","Crude Prevalence","","","BRFSS","CLASS15","TOPIC01",27,"SEX2","CAT2","_PAINDEX","RESP046","    (46.355648736, -94.794200503)"
2011,"MN","Minnesota","Physical Activity","Exercise","During the past month, did you participate in any physical activities? (variable calculated from one or more BRFSS questions)","Yes","Female","Sex","6,518",78,76.6,79.3,"5","%","Crude Prevalence","","","BRFSS","CLASS15","Topic23",27,"SEX2","CAT2","_TOTINDA","RESP046","    (46.355648736, -94.794200503)"
2011,"MN","Minnesota","Demographics","Disability status","Adults who are limited in any activities because of physical, mental, or emotional problems","Yes","Female","Sex","2,090",22.3,21,23.5,"5","%","Crude Prevalence","","","BRFSS","CLASS05","Topic19",27,"SEX2","CAT2","QLACTLM2","RESP046","    (46.355648736, -94.794200503)"
2011,"MO","Missouri","Physical Activity","Physical Activity Index","Participated in enough Aerobic and Muscle Strengthening exercises to meet guidelines (variable calculated from one or more BRFSS questions)","Yes","Female","Sex","499",16.2,14.3,18.1,"5","%","Crude Prevalence","","","BRFSS","CLASS15","TOPIC45",29,"SEX2","CAT2","_PASTAER","RESP046","    (38.635790776, -92.566300053)"
2011,"MO","Missouri","Physical Activity","Strength Activity","Participated in muscle strengthening exercises two or more times per week (variable calculated from one or more BRFSS questions).","Yes","Female","Sex","742",21.7,19.8,23.7,"5","%","Crude Prevalence","","","BRFSS","CLASS15","Topic56",29,"SEX2","CAT2","_PASTRNG","RESP046","    (38.635790776, -92.566300053)"
2011,"MO","Missouri","Physical Activity","Exercise","During the past month, did you participate in any physical activities? (variable calculated from one or more BRFSS questions)","Yes","Female","Sex","2,577",71.3,69.3,73.3,"5","%","Crude Prevalence","","","BRFSS","CLASS15","Topic23",29,"SEX2","CAT2","_TOTINDA","RESP046","    (38.635790776, -92.566300053)"
2011,"MO","Missouri","Physical Activity","Aerobic Activity","Participated in 150 minutes or more of Aerobic Physical Activity per week (variable calculated from one or more BRFSS questions)","Yes","Female","Sex","1,687",49.9,47.5,52.3,"5","%","Crude Prevalence","","","BRFSS","CLASS15","TOPIC01",29,"SEX2","CAT2","_PAINDEX","RESP046","    (38.635790776, -92.566300053)"
2011,"MO","Missouri","Demographics","Disability status","Adults who are limited in any activities because of physical, mental, or emotional problems","Yes","Female","Sex","1,275",29.7,27.7,31.7,"5","%","Crude Prevalence","","","BRFSS","CLASS05","Topic19",29,"SEX2","CAT2","QLACTLM2","RESP046","    (38.635790776, -92.566300053)"
2011,"MS","Mississippi","Demographics","Disability status","Adults who are limited in any activities because of physical, mental, or emotional problems","Yes","Female","Sex","1,909",29.1,27.5,30.7,"5","%","Crude Prevalence","","","BRFSS","CLASS05","Topic19",28,"SEX2","CAT2","QLACTLM2","RESP046","    (32.745510099, -89.538030825)"
2011,"MS","Mississippi","Physical Activity","Strength Activity","Participated in muscle strengthening exercises two or more times per week (variable calculated from one or more BRFSS questions).","Yes","Female","Sex","934",17.9,16.5,19.3,"5","%","Crude Prevalence","","","BRFSS","CLASS15","Topic56",28,"SEX2","CAT2","_PASTRNG","RESP046","    (32.745510099, -89.538030825)"
2011,"MS","Mississippi","Physical Activity","Physical Activity Index","Participated in enough Aerobic and Muscle Strengthening exercises to meet guidelines (variable calculated from one or more BRFSS questions)","Yes","Female","Sex","554",11.4,10.2,12.7,"5","%","Crude Prevalence","","","BRFSS","CLASS15","TOPIC45",28,"SEX2","CAT2","_PASTAER","RESP046","    (32.745510099, -89.538030825)"
2011,"MS","Mississippi","Physical Activity","Exercise","During the past month, did you participate in any physical activities? (variable calculated from one or more BRFSS questions)","Yes","Female","Sex","3,426",61.5,59.7,63.3,"5","%","Crude Prevalence","","","BRFSS","CLASS15","Topic23",28,"SEX2","CAT2","_TOTINDA","RESP046","    (32.745510099, -89.538030825)"
2011,"MS","Mississippi","Physical Activity","Aerobic Activity","Participated in 150 minutes or more of Aerobic Physical Activity per week (variable calculated from one or more BRFSS questions)","Yes","Female","Sex","1,999",37.5,35.7,39.3,"5","%","Crude Prevalence","","","BRFSS","CLASS15","TOPIC01",28,"SEX2","CAT2","_PAINDEX","RESP046","    (32.745510099, -89.538030825)"
2011,"MT","Montana","Demographics","Disability status","Adults who are limited in any activities because of physical, mental, or emotional problems","Yes","Female","Sex","1,800",29.1,27.3,30.9,"5","%","Crude Prevalence","","","BRFSS","CLASS05","Topic19",30,"SEX2","CAT2","QLACTLM2","RESP046","    (47.066528972, -109.424420645)"
2011,"MT","Montana","Physical Activity","Strength Activity","Participated in muscle strengthening exercises two or more times per week (variable calculated from one or more BRFSS questions).","Yes","Female","Sex","1,477",27,25.3,28.8,"5","%","Crude Prevalence","","","BRFSS","CLASS15","Topic56",30,"SEX2","CAT2","_PASTRNG","RESP046","    (47.066528972, -109.424420645)"
2011,"MT","Montana","Physical Activity","Physical Activity Index","Participated in enough Aerobic and Muscle Strengthening exercises to meet guidelines (variable calculated from one or more BRFSS questions)","Yes","Female","Sex","1,103",20.2,18.7,21.8,"5","%","Crude Prevalence","","","BRFSS","CLASS15","TOPIC45",30,"SEX2","CAT2","_PASTAER","RESP046","    (47.066528972, -109.424420645)"
2011,"MT","Montana","Physical Activity","Aerobic Activity","Participated in 150 minutes or more of Aerobic Physical Activity per week (variable calculated from one or more BRFSS questions)","Yes","Female","Sex","2,991",54,51.9,56,"5","%","Crude Prevalence","","","BRFSS","CLASS15","TOPIC01",30,"SEX2","CAT2","_PAINDEX","RESP046","    (47.066528972, -109.424420645)"
2011,"MT","Montana","Physical Activity","Exercise","During the past month, did you participate in any physical activities? (variable calculated from one or more BRFSS questions)","Yes","Female","Sex","4,192",75.7,74,77.4,"5","%","Crude Prevalence","","","BRFSS","CLASS15","Topic23",30,"SEX2","CAT2","_TOTINDA","RESP046","    (47.066528972, -109.424420645)"
2011,"NC","North Carolina","Physical Activity","Aerobic Activity","Participated in 150 minutes or more of Aerobic Physical Activity per week (variable calculated from one or more BRFSS questions)","Yes","Female","Sex","3,051",43.8,41.9,45.8,"5","%","Crude Prevalence","","","BRFSS","CLASS15","TOPIC01",37,"SEX2","CAT2","_PAINDEX","RESP046","    (35.466220975, -79.159250463)"
2011,"NC","North Carolina","Physical Activity","Strength Activity","Participated in muscle strengthening exercises two or more times per week (variable calculated from one or more BRFSS questions).","Yes","Female","Sex","1,507",22.5,20.9,24.1,"5","%","Crude Prevalence","","","BRFSS","CLASS15","Topic56",37,"SEX2","CAT2","_PASTRNG","RESP046","    (35.466220975, -79.159250463)"
2011,"NC","North Carolina","Physical Activity","Exercise","During the past month, did you participate in any physical activities? (variable calculated from one or more BRFSS questions)","Yes","Female","Sex","4,909",71.3,69.5,73,"5","%","Crude Prevalence","","","BRFSS","CLASS15","Topic23",37,"SEX2","CAT2","_TOTINDA","RESP046","    (35.466220975, -79.159250463)"
2011,"NC","North Carolina","Physical Activity","Physical Activity Index","Participated in enough Aerobic and Muscle Strengthening exercises to meet guidelines (variable calculated from one or more BRFSS questions)","Yes","Female","Sex","1,016",15.4,14,16.8,"5","%","Crude Prevalence","","","BRFSS","CLASS15","TOPIC45",37,"SEX2","CAT2","_PASTAER","RESP046","    (35.466220975, -79.159250463)"
2011,"NC","North Carolina","Demographics","Disability status","Adults who are limited in any activities because of physical, mental, or emotional problems","Yes","Female","Sex","2,049",25.1,23.5,26.7,"5","%","Crude Prevalence","","","BRFSS","CLASS05","Topic19",37,"SEX2","CAT2","QLACTLM2","RESP046","    (35.466220975, -79.159250463)"
2011,"ND","North Dakota","Physical Activity","Physical Activity Index","Participated in enough Aerobic and Muscle Strengthening exercises to meet guidelines (variable calculated from one or more BRFSS questions)","Yes","Female","Sex","452",17.3,15.4,19.3,"5","%","Crude Prevalence","","","BRFSS","CLASS15","TOPIC45",38,"SEX2","CAT2","_PASTAER","RESP046","    (47.475319779, -100.118421049)"
2011,"ND","North Dakota","Physical Activity","Strength Activity","Participated in muscle strengthening exercises two or more times per week (variable calculated from one or more BRFSS questions).","Yes","Female","Sex","673",24.7,22.5,26.8,"5","%","Crude Prevalence","","","BRFSS","CLASS15","Topic56",38,"SEX2","CAT2","_PASTRNG","RESP046","    (47.475319779, -100.118421049)"
2011,"ND","North Dakota","Demographics","Disability status","Adults who are limited in any activities because of physical, mental, or emotional problems","Yes","Female","Sex","780",23.7,21.7,25.6,"5","%","Crude Prevalence","","","BRFSS","CLASS05","Topic19",38,"SEX2","CAT2","QLACTLM2","RESP046","    (47.475319779, -100.118421049)"
2011,"ND","North Dakota","Physical Activity","Exercise","During the past month, did you participate in any physical activities? (variable calculated from one or more BRFSS questions)","Yes","Female","Sex","2,126",74,72,76,"5","%","Crude Prevalence","","","BRFSS","CLASS15","Topic23",38,"SEX2","CAT2","_TOTINDA","RESP046","    (47.475319779, -100.118421049)"
2011,"ND","North Dakota","Physical Activity","Aerobic Activity","Participated in 150 minutes or more of Aerobic Physical Activity per week (variable calculated from one or more BRFSS questions)","Yes","Female","Sex","1,377",48.8,46.4,51.3,"5","%","Crude Prevalence","","","BRFSS","CLASS15","TOPIC01",38,"SEX2","CAT2","_PAINDEX","RESP046","    (47.475319779, -100.118421049)"
2011,"NE","Nebraska","Physical Activity","Aerobic Activity","Participated in 150 minutes or more of Aerobic Physical Activity per week (variable calculated from one or more BRFSS questions)","Yes","Female","Sex","7,109",50.6,49.4,51.9,"5","%","Crude Prevalence","","","BRFSS","CLASS15","TOPIC01",31,"SEX2","CAT2","_PAINDEX","RESP046","    (41.641040988001, -99.365720623)"
2011,"NE","Nebraska","Physical Activity","Exercise","During the past month, did you participate in any physical activities? (variable calculated from one or more BRFSS questions)","Yes","Female","Sex","10,481",74.6,73.5,75.7,"5","%","Crude Prevalence","","","BRFSS","CLASS15","Topic23",31,"SEX2","CAT2","_TOTINDA","RESP046","    (41.641040988001, -99.365720623)"
2011,"NE","Nebraska","Physical Activity","Physical Activity Index","Participated in enough Aerobic and Muscle Strengthening exercises to meet guidelines (variable calculated from one or more BRFSS questions)","Yes","Female","Sex","2,245",18.4,17.4,19.4,"5","%","Crude Prevalence","","","BRFSS","CLASS15","TOPIC45",31,"SEX2","CAT2","_PASTAER","RESP046","    (41.641040988001, -99.365720623)"
2011,"NE","Nebraska","Physical Activity","Strength Activity","Participated in muscle strengthening exercises two or more times per week (variable calculated from one or more BRFSS questions).","Yes","Female","Sex","3,171",24.5,23.4,25.6,"5","%","Crude Prevalence","","","BRFSS","CLASS15","Topic56",31,"SEX2","CAT2","_PASTRNG","RESP046","    (41.641040988001, -99.365720623)"
2011,"NE","Nebraska","Demographics","Disability status","Adults who are limited in any activities because of physical, mental, or emotional problems","Yes","Female","Sex","4,115",23.8,22.8,24.8,"5","%","Crude Prevalence","","","BRFSS","CLASS05","Topic19",31,"SEX2","CAT2","QLACTLM2","RESP046","    (41.641040988001, -99.365720623)"
2011,"NH","New Hampshire","Demographics","Disability status","Adults who are limited in any activities because of physical, mental, or emotional problems","Yes","Female","Sex","1,153",26.2,24.4,28,"5","%","Crude Prevalence","","","BRFSS","CLASS05","Topic19",33,"SEX2","CAT2","QLACTLM2","RESP046","    (43.655950113, -71.50036092)"
2011,"NH","New Hampshire","Physical Activity","Strength Activity","Participated in muscle strengthening exercises two or more times per week (variable calculated from one or more BRFSS questions).","Yes","Female","Sex","1,031",28.6,26.5,30.8,"5","%","Crude Prevalence","","","BRFSS","CLASS15","Topic56",33,"SEX2","CAT2","_PASTRNG","RESP046","    (43.655950113, -71.50036092)"
2011,"NH","New Hampshire","Physical Activity","Physical Activity Index","Participated in enough Aerobic and Muscle Strengthening exercises to meet guidelines (variable calculated from one or more BRFSS questions)","Yes","Female","Sex","758",21.5,19.7,23.3,"5","%","Crude Prevalence","","","BRFSS","CLASS15","TOPIC45",33,"SEX2","CAT2","_PASTAER","RESP046","    (43.655950113, -71.50036092)"
2011,"NH","New Hampshire","Physical Activity","Exercise","During the past month, did you participate in any physical activities? (variable calculated from one or more BRFSS questions)","Yes","Female","Sex","3,019",78.3,76.6,80,"5","%","Crude Prevalence","","","BRFSS","CLASS15","Topic23",33,"SEX2","CAT2","_TOTINDA","RESP046","    (43.655950113, -71.50036092)"
2011,"NH","New Hampshire","Physical Activity","Aerobic Activity","Participated in 150 minutes or more of Aerobic Physical Activity per week (variable calculated from one or more BRFSS questions)","Yes","Female","Sex","2,131",57,54.8,59.1,"5","%","Crude Prevalence","","","BRFSS","CLASS15","TOPIC01",33,"SEX2","CAT2","_PAINDEX","RESP046","    (43.655950113, -71.50036092)"
2011,"NJ","New Jersey","Physical Activity","Exercise","During the past month, did you participate in any physical activities? (variable calculated from one or more BRFSS questions)","Yes","Female","Sex","6,191",71.3,69.8,72.7,"5","%","Crude Prevalence","","","BRFSS","CLASS15","Topic23",34,"SEX2","CAT2","_TOTINDA","RESP046","    (40.130570048, -74.273691288)"
2011,"NJ","New Jersey","Physical Activity","Aerobic Activity","Participated in 150 minutes or more of Aerobic Physical Activity per week (variable calculated from one or more BRFSS questions)","Yes","Female","Sex","4,348",51.6,49.9,53.2,"5","%","Crude Prevalence","","","BRFSS","CLASS15","TOPIC01",34,"SEX2","CAT2","_PAINDEX","RESP046","    (40.130570048, -74.273691288)"
2011,"NJ","New Jersey","Physical Activity","Strength Activity","Participated in muscle strengthening exercises two or more times per week (variable calculated from one or more BRFSS questions).","Yes","Female","Sex","2,135",26,24.5,27.4,"5","%","Crude Prevalence","","","BRFSS","CLASS15","Topic56",34,"SEX2","CAT2","_PASTRNG","RESP046","    (40.130570048, -74.273691288)"
2011,"NJ","New Jersey","Physical Activity","Physical Activity Index","Participated in enough Aerobic and Muscle Strengthening exercises to meet guidelines (variable calculated from one or more BRFSS questions)","Yes","Female","Sex","1,558",20.1,18.7,21.5,"5","%","Crude Prevalence","","","BRFSS","CLASS15","TOPIC45",34,"SEX2","CAT2","_PASTAER","RESP046","    (40.130570048, -74.273691288)"
2011,"NJ","New Jersey","Demographics","Disability status","Adults who are limited in any activities because of physical, mental, or emotional problems","Yes","Female","Sex","2,089",21,19.8,22.3,"5","%","Crude Prevalence","","","BRFSS","CLASS05","Topic19",34,"SEX2","CAT2","QLACTLM2","RESP046","    (40.130570048, -74.273691288)"
2011,"NM","New Mexico","Physical Activity","Exercise","During the past month, did you participate in any physical activities? (variable calculated from one or more BRFSS questions)","Yes","Female","Sex","3,879",73.6,72,75.2,"5","%","Crude Prevalence","","","BRFSS","CLASS15","Topic23",35,"SEX2","CAT2","_TOTINDA","RESP046","    (34.520880952, -106.240580985)"
2011,"NM","New Mexico","Physical Activity","Aerobic Activity","Participated in 150 minutes or more of Aerobic Physical Activity per week (variable calculated from one or more BRFSS questions)","Yes","Female","Sex","2,705",51.4,49.5,53.2,"5","%","Crude Prevalence","","","BRFSS","CLASS15","TOPIC01",35,"SEX2","CAT2","_PAINDEX","RESP046","    (34.520880952, -106.240580985)"
2011,"NM","New Mexico","Physical Activity","Strength Activity","Participated in muscle strengthening exercises two or more times per week (variable calculated from one or more BRFSS questions).","Yes","Female","Sex","1,394",26.7,25.1,28.3,"5","%","Crude Prevalence","","","BRFSS","CLASS15","Topic56",35,"SEX2","CAT2","_PASTRNG","RESP046","    (34.520880952, -106.240580985)"
2011,"NM","New Mexico","Physical Activity","Physical Activity Index","Participated in enough Aerobic and Muscle Strengthening exercises to meet guidelines (variable calculated from one or more BRFSS questions)","Yes","Female","Sex","1,005",19.5,18.1,21,"5","%","Crude Prevalence","","","BRFSS","CLASS15","TOPIC45",35,"SEX2","CAT2","_PASTAER","RESP046","    (34.520880952, -106.240580985)"
2011,"NM","New Mexico","Demographics","Disability status","Adults who are limited in any activities because of physical, mental, or emotional problems","Yes","Female","Sex","1,627",26.6,25,28.2,"5","%","Crude Prevalence","","","BRFSS","CLASS05","Topic19",35,"SEX2","CAT2","QLACTLM2","RESP046","    (34.520880952, -106.240580985)"
2011,"NV","Nevada","Physical Activity","Aerobic Activity","Participated in 150 minutes or more of Aerobic Physical Activity per week (variable calculated from one or more BRFSS questions)","Yes","Female","Sex","1,546",49.9,46.5,53.2,"5","%","Crude Prevalence","","","BRFSS","CLASS15","TOPIC01",32,"SEX2","CAT2","_PAINDEX","RESP046","    (39.49324039, -117.071840564)"
2011,"NV","Nevada","Demographics","Disability status","Adults who are limited in any activities because of physical, mental, or emotional problems","Yes","Female","Sex","939",25.5,22.8,28.3,"5","%","Crude Prevalence","","","BRFSS","CLASS05","Topic19",32,"SEX2","CAT2","QLACTLM2","RESP046","    (39.49324039, -117.071840564)"
2011,"NV","Nevada","Physical Activity","Exercise","During the past month, did you participate in any physical activities? (variable calculated from one or more BRFSS questions)","Yes","Female","Sex","2,296",74.1,71.3,77,"5","%","Crude Prevalence","","","BRFSS","CLASS15","Topic23",32,"SEX2","CAT2","_TOTINDA","RESP046","    (39.49324039, -117.071840564)"
2011,"NV","Nevada","Physical Activity","Strength Activity","Participated in muscle strengthening exercises two or more times per week (variable calculated from one or more BRFSS questions).","Yes","Female","Sex","782",25.5,22.6,28.4,"5","%","Crude Prevalence","","","BRFSS","CLASS15","Topic56",32,"SEX2","CAT2","_PASTRNG","RESP046","    (39.49324039, -117.071840564)"
2011,"NV","Nevada","Physical Activity","Physical Activity Index","Participated in enough Aerobic and Muscle Strengthening exercises to meet guidelines (variable calculated from one or more BRFSS questions)","Yes","Female","Sex","547",17.8,15.3,20.3,"5","%","Crude Prevalence","","","BRFSS","CLASS15","TOPIC45",32,"SEX2","CAT2","_PASTAER","RESP046","    (39.49324039, -117.071840564)"
2011,"NY","New York","Physical Activity","Aerobic Activity","Participated in 150 minutes or more of Aerobic Physical Activity per week (variable calculated from one or more BRFSS questions)","Yes","Female","Sex","2,088",49.4,47.3,51.5,"5","%","Crude Prevalence","","","BRFSS","CLASS15","TOPIC01",36,"SEX2","CAT2","_PAINDEX","RESP046","    (42.827001032, -75.543970427)"
2011,"NY","New York","Physical Activity","Exercise","During the past month, did you participate in any physical activities? (variable calculated from one or more BRFSS questions)","Yes","Female","Sex","3,165",71.6,69.7,73.4,"5","%","Crude Prevalence","","","BRFSS","CLASS15","Topic23",36,"SEX2","CAT2","_TOTINDA","RESP046","    (42.827001032, -75.543970427)"
2011,"NY","New York","Physical Activity","Physical Activity Index","Participated in enough Aerobic and Muscle Strengthening exercises to meet guidelines (variable calculated from one or more BRFSS questions)","Yes","Female","Sex","774",18.4,16.7,20,"5","%","Crude Prevalence","","","BRFSS","CLASS15","TOPIC45",36,"SEX2","CAT2","_PASTAER","RESP046","    (42.827001032, -75.543970427)"
2011,"NY","New York","Physical Activity","Strength Activity","Participated in muscle strengthening exercises two or more times per week (variable calculated from one or more BRFSS questions).","Yes","Female","Sex","1,119",25.4,23.6,27.2,"5","%","Crude Prevalence","","","BRFSS","CLASS15","Topic56",36,"SEX2","CAT2","_PASTRNG","RESP046","    (42.827001032, -75.543970427)"
2011,"NY","New York","Demographics","Disability status","Adults who are limited in any activities because of physical, mental, or emotional problems","Yes","Female","Sex","1,189",24.1,22.5,25.8,"5","%","Crude Prevalence","","","BRFSS","CLASS05","Topic19",36,"SEX2","CAT2","QLACTLM2","RESP046","    (42.827001032, -75.543970427)"
2011,"OH","Ohio","Physical Activity","Strength Activity","Participated in muscle strengthening exercises two or more times per week (variable calculated from one or more BRFSS questions).","Yes","Female","Sex","1,436",25.1,23.5,26.8,"5","%","Crude Prevalence","","","BRFSS","CLASS15","Topic56",39,"SEX2","CAT2","_PASTRNG","RESP046","    (40.060210141, -82.404260056)"
2011,"OH","Ohio","Demographics","Disability status","Adults who are limited in any activities because of physical, mental, or emotional problems","Yes","Female","Sex","1,775",27,25.4,28.6,"5","%","Crude Prevalence","","","BRFSS","CLASS05","Topic19",39,"SEX2","CAT2","QLACTLM2","RESP046","    (40.060210141, -82.404260056)"
2011,"OH","Ohio","Physical Activity","Aerobic Activity","Participated in 150 minutes or more of Aerobic Physical Activity per week (variable calculated from one or more BRFSS questions)","Yes","Female","Sex","2,781",49.7,47.8,51.6,"5","%","Crude Prevalence","","","BRFSS","CLASS15","TOPIC01",39,"SEX2","CAT2","_PAINDEX","RESP046","    (40.060210141, -82.404260056)"
2011,"OH","Ohio","Physical Activity","Physical Activity Index","Participated in enough Aerobic and Muscle Strengthening exercises to meet guidelines (variable calculated from one or more BRFSS questions)","Yes","Female","Sex","972",18.1,16.7,19.6,"5","%","Crude Prevalence","","","BRFSS","CLASS15","TOPIC45",39,"SEX2","CAT2","_PASTAER","RESP046","    (40.060210141, -82.404260056)"
2011,"OH","Ohio","Physical Activity","Exercise","During the past month, did you participate in any physical activities? (variable calculated from one or more BRFSS questions)","Yes","Female","Sex","4,131",71.4,69.8,73.1,"5","%","Crude Prevalence","","","BRFSS","CLASS15","Topic23",39,"SEX2","CAT2","_TOTINDA","RESP046","    (40.060210141, -82.404260056)"
2011,"OK","Oklahoma","Demographics","Disability status","Adults who are limited in any activities because of physical, mental, or emotional problems","Yes","Female","Sex","1,921",30.6,29,32.3,"5","%","Crude Prevalence","","","BRFSS","CLASS05","Topic19",40,"SEX2","CAT2","QLACTLM2","RESP046","    (35.472031356, -97.521070214)"
2011,"OK","Oklahoma","Physical Activity","Aerobic Activity","Participated in 150 minutes or more of Aerobic Physical Activity per week (variable calculated from one or more BRFSS questions)","Yes","Female","Sex","2,226",44.2,42.3,46.1,"5","%","Crude Prevalence","","","BRFSS","CLASS15","TOPIC01",40,"SEX2","CAT2","_PAINDEX","RESP046","    (35.472031356, -97.521070214)"
2011,"OK","Oklahoma","Physical Activity","Physical Activity Index","Participated in enough Aerobic and Muscle Strengthening exercises to meet guidelines (variable calculated from one or more BRFSS questions)","Yes","Female","Sex","635",13.8,12.4,15.2,"5","%","Crude Prevalence","","","BRFSS","CLASS15","TOPIC45",40,"SEX2","CAT2","_PASTAER","RESP046","    (35.472031356, -97.521070214)"
2011,"OK","Oklahoma","Physical Activity","Exercise","During the past month, did you participate in any physical activities? (variable calculated from one or more BRFSS questions)","Yes","Female","Sex","3,404",68.3,66.6,70,"5","%","Crude Prevalence","","","BRFSS","CLASS15","Topic23",40,"SEX2","CAT2","_TOTINDA","RESP046","    (35.472031356, -97.521070214)"
2011,"OK","Oklahoma","Physical Activity","Strength Activity","Participated in muscle strengthening exercises two or more times per week (variable calculated from one or more BRFSS questions).","Yes","Female","Sex","908",19.2,17.7,20.7,"5","%","Crude Prevalence","","","BRFSS","CLASS15","Topic56",40,"SEX2","CAT2","_PASTRNG","RESP046","    (35.472031356, -97.521070214)"
2011,"OR","Oregon","Demographics","Disability status","Adults who are limited in any activities because of physical, mental, or emotional problems","Yes","Female","Sex","1,229",31.6,29.6,33.6,"5","%","Crude Prevalence","","","BRFSS","CLASS05","Topic19",41,"SEX2","CAT2","QLACTLM2","RESP046","    (44.567449424, -120.155031326)"
2011,"OR","Oregon","Physical Activity","Strength Activity","Participated in muscle strengthening exercises two or more times per week (variable calculated from one or more BRFSS questions).","Yes","Female","Sex","953",28.2,26.1,30.2,"5","%","Crude Prevalence","","","BRFSS","CLASS15","Topic56",41,"SEX2","CAT2","_PASTRNG","RESP046","    (44.567449424, -120.155031326)"
2011,"OR","Oregon","Physical Activity","Aerobic Activity","Participated in 150 minutes or more of Aerobic Physical Activity per week (variable calculated from one or more BRFSS questions)","Yes","Female","Sex","2,109",62.6,60.4,64.8,"5","%","Crude Prevalence","","","BRFSS","CLASS15","TOPIC01",41,"SEX2","CAT2","_PAINDEX","RESP046","    (44.567449424, -120.155031326)"
2011,"OR","Oregon","Physical Activity","Exercise","During the past month, did you participate in any physical activities? (variable calculated from one or more BRFSS questions)","Yes","Female","Sex","2,817",81.3,79.5,83,"5","%","Crude Prevalence","","","BRFSS","CLASS15","Topic23",41,"SEX2","CAT2","_TOTINDA","RESP046","    (44.567449424, -120.155031326)"
2011,"OR","Oregon","Physical Activity","Physical Activity Index","Participated in enough Aerobic and Muscle Strengthening exercises to meet guidelines (variable calculated from one or more BRFSS questions)","Yes","Female","Sex","726",22.2,20.3,24.2,"5","%","Crude Prevalence","","","BRFSS","CLASS15","TOPIC45",41,"SEX2","CAT2","_PASTAER","RESP046","    (44.567449424, -120.155031326)"
2011,"PA","Pennsylvania","Physical Activity","Aerobic Activity","Participated in 150 minutes or more of Aerobic Physical Activity per week (variable calculated from one or more BRFSS questions)","Yes","Female","Sex","2,949",47.7,45.9,49.6,"5","%","Crude Prevalence","","","BRFSS","CLASS15","TOPIC01",42,"SEX2","CAT2","_PAINDEX","RESP046","    (40.793730152, -77.860700294)"
2011,"PA","Pennsylvania","Physical Activity","Exercise","During the past month, did you participate in any physical activities? (variable calculated from one or more BRFSS questions)","Yes","Female","Sex","4,574",71.7,70.1,73.3,"5","%","Crude Prevalence","","","BRFSS","CLASS15","Topic23",42,"SEX2","CAT2","_TOTINDA","RESP046","    (40.793730152, -77.860700294)"
2011,"PA","Pennsylvania","Physical Activity","Physical Activity Index","Participated in enough Aerobic and Muscle Strengthening exercises to meet guidelines (variable calculated from one or more BRFSS questions)","Yes","Female","Sex","954",16.2,14.9,17.6,"5","%","Crude Prevalence","","","BRFSS","CLASS15","TOPIC45",42,"SEX2","CAT2","_PASTAER","RESP046","    (40.793730152, -77.860700294)"
2011,"PA","Pennsylvania","Physical Activity","Strength Activity","Participated in muscle strengthening exercises two or more times per week (variable calculated from one or more BRFSS questions).","Yes","Female","Sex","1,438",23.3,21.8,24.9,"5","%","Crude Prevalence","","","BRFSS","CLASS15","Topic56",42,"SEX2","CAT2","_PASTRNG","RESP046","    (40.793730152, -77.860700294)"
2011,"PA","Pennsylvania","Demographics","Disability status","Adults who are limited in any activities because of physical, mental, or emotional problems","Yes","Female","Sex","1,909",27.3,25.8,28.9,"5","%","Crude Prevalence","","","BRFSS","CLASS05","Topic19",42,"SEX2","CAT2","QLACTLM2","RESP046","    (40.793730152, -77.860700294)"
2011,"PR","Puerto Rico","Demographics","Disability status","Adults who are limited in any activities because of physical, mental, or emotional problems","Yes","Female","Sex","946",19.9,18.5,21.4,"5","%","Crude Prevalence","","","BRFSS","CLASS05","Topic19",72,"SEX2","CAT2","QLACTLM2","RESP046","    (18.220833, -66.590149)"
2011,"PR","Puerto Rico","Physical Activity","Aerobic Activity","Participated in 150 minutes or more of Aerobic Physical Activity per week (variable calculated from one or more BRFSS questions)","Yes","Female","Sex","1,084",28.2,26.5,29.9,"5","%","Crude Prevalence","","","BRFSS","CLASS15","TOPIC01",72,"SEX2","CAT2","_PAINDEX","RESP046","    (18.220833, -66.590149)"
2011,"PR","Puerto Rico","Physical Activity","Strength Activity","Participated in muscle strengthening exercises two or more times per week (variable calculated from one or more BRFSS questions).","Yes","Female","Sex","261",7.7,6.6,8.7,"5","%","Crude Prevalence","","","BRFSS","CLASS15","Topic56",72,"SEX2","CAT2","_PASTRNG","RESP046","    (18.220833, -66.590149)"
2011,"PR","Puerto Rico","Physical Activity","Physical Activity Index","Participated in enough Aerobic and Muscle Strengthening exercises to meet guidelines (variable calculated from one or more BRFSS questions)","Yes","Female","Sex","192",5.8,4.9,6.7,"5","%","Crude Prevalence","","","BRFSS","CLASS15","TOPIC45",72,"SEX2","CAT2","_PASTAER","RESP046","    (18.220833, -66.590149)"
2011,"PR","Puerto Rico","Physical Activity","Exercise","During the past month, did you participate in any physical activities? (variable calculated from one or more BRFSS questions)","Yes","Female","Sex","1,810",45.8,43.9,47.7,"5","%","Crude Prevalence","","","BRFSS","CLASS15","Topic23",72,"SEX2","CAT2","_TOTINDA","RESP046","    (18.220833, -66.590149)"
2011,"RI","Rhode Island","Demographics","Disability status","Adults who are limited in any activities because of physical, mental, or emotional problems","Yes","Female","Sex","1,024",23.6,21.8,25.3,"5","%","Crude Prevalence","","","BRFSS","CLASS05","Topic19",44,"SEX2","CAT2","QLACTLM2","RESP046","    (41.708280193, -71.522470314)"
2011,"RI","Rhode Island","Physical Activity","Aerobic Activity","Participated in 150 minutes or more of Aerobic Physical Activity per week (variable calculated from one or more BRFSS questions)","Yes","Female","Sex","1,835",48.3,46.1,50.6,"5","%","Crude Prevalence","","","BRFSS","CLASS15","TOPIC01",44,"SEX2","CAT2","_PAINDEX","RESP046","    (41.708280193, -71.522470314)"
2011,"RI","Rhode Island","Physical Activity","Physical Activity Index","Participated in enough Aerobic and Muscle Strengthening exercises to meet guidelines (variable calculated from one or more BRFSS questions)","Yes","Female","Sex","649",17.7,16,19.4,"5","%","Crude Prevalence","","","BRFSS","CLASS15","TOPIC45",44,"SEX2","CAT2","_PASTAER","RESP046","    (41.708280193, -71.522470314)"
2011,"RI","Rhode Island","Physical Activity","Strength Activity","Participated in muscle strengthening exercises two or more times per week (variable calculated from one or more BRFSS questions).","Yes","Female","Sex","940",24.3,22.5,26.2,"5","%","Crude Prevalence","","","BRFSS","CLASS15","Topic56",44,"SEX2","CAT2","_PASTRNG","RESP046","    (41.708280193, -71.522470314)"
2011,"RI","Rhode Island","Physical Activity","Exercise","During the past month, did you participate in any physical activities? (variable calculated from one or more BRFSS questions)","Yes","Female","Sex","2,800",72.3,70.4,74.2,"5","%","Crude Prevalence","","","BRFSS","CLASS15","Topic23",44,"SEX2","CAT2","_TOTINDA","RESP046","    (41.708280193, -71.522470314)"
2011,"SC","South Carolina","Physical Activity","Exercise","During the past month, did you participate in any physical activities? (variable calculated from one or more BRFSS questions)","Yes","Female","Sex","5,302",70.5,68.8,72.2,"5","%","Crude Prevalence","","","BRFSS","CLASS15","Topic23",45,"SEX2","CAT2","_TOTINDA","RESP046","    (33.998821303, -81.045371207)"
2011,"SC","South Carolina","Physical Activity","Strength Activity","Participated in muscle strengthening exercises two or more times per week (variable calculated from one or more BRFSS questions).","Yes","Female","Sex","1,502",20.8,19.4,22.3,"5","%","Crude Prevalence","","","BRFSS","CLASS15","Topic56",45,"SEX2","CAT2","_PASTRNG","RESP046","    (33.998821303, -81.045371207)"
2011,"SC","South Carolina","Physical Activity","Physical Activity Index","Participated in enough Aerobic and Muscle Strengthening exercises to meet guidelines (variable calculated from one or more BRFSS questions)","Yes","Female","Sex","1,029",14.5,13.2,15.8,"5","%","Crude Prevalence","","","BRFSS","CLASS15","TOPIC45",45,"SEX2","CAT2","_PASTAER","RESP046","    (33.998821303, -81.045371207)"
2011,"SC","South Carolina","Physical Activity","Aerobic Activity","Participated in 150 minutes or more of Aerobic Physical Activity per week (variable calculated from one or more BRFSS questions)","Yes","Female","Sex","3,463",47.3,45.5,49.2,"5","%","Crude Prevalence","","","BRFSS","CLASS15","TOPIC01",45,"SEX2","CAT2","_PAINDEX","RESP046","    (33.998821303, -81.045371207)"
2011,"SC","South Carolina","Demographics","Disability status","Adults who are limited in any activities because of physical, mental, or emotional problems","Yes","Female","Sex","2,319",28.5,26.9,30.1,"5","%","Crude Prevalence","","","BRFSS","CLASS05","Topic19",45,"SEX2","CAT2","QLACTLM2","RESP046","    (33.998821303, -81.045371207)"
2011,"SD","South Dakota","Demographics","Disability status","Adults who are limited in any activities because of physical, mental, or emotional problems","Yes","Female","Sex","1,456",26.1,23.7,28.5,"5","%","Crude Prevalence","","","BRFSS","CLASS05","Topic19",46,"SEX2","CAT2","QLACTLM2","RESP046","    (44.353130053, -100.373530637)"
2011,"SD","South Dakota","Physical Activity","Strength Activity","Participated in muscle strengthening exercises two or more times per week (variable calculated from one or more BRFSS questions).","Yes","Female","Sex","1,065",24.6,22.1,27,"5","%","Crude Prevalence","","","BRFSS","CLASS15","Topic56",46,"SEX2","CAT2","_PASTRNG","RESP046","    (44.353130053, -100.373530637)"
2011,"SD","South Dakota","Physical Activity","Physical Activity Index","Participated in enough Aerobic and Muscle Strengthening exercises to meet guidelines (variable calculated from one or more BRFSS questions)","Yes","Female","Sex","712",16.3,14.2,18.4,"5","%","Crude Prevalence","","","BRFSS","CLASS15","TOPIC45",46,"SEX2","CAT2","_PASTAER","RESP046","    (44.353130053, -100.373530637)"
2011,"SD","South Dakota","Physical Activity","Exercise","During the past month, did you participate in any physical activities? (variable calculated from one or more BRFSS questions)","Yes","Female","Sex","3,507",75.2,72.9,77.6,"5","%","Crude Prevalence","","","BRFSS","CLASS15","Topic23",46,"SEX2","CAT2","_TOTINDA","RESP046","    (44.353130053, -100.373530637)"
2011,"SD","South Dakota","Physical Activity","Aerobic Activity","Participated in 150 minutes or more of Aerobic Physical Activity per week (variable calculated from one or more BRFSS questions)","Yes","Female","Sex","2,260",49.3,46.5,52.1,"5","%","Crude Prevalence","","","BRFSS","CLASS15","TOPIC01",46,"SEX2","CAT2","_PAINDEX","RESP046","    (44.353130053, -100.373530637)"
2011,"TN","Tennessee","Physical Activity","Strength Activity","Participated in muscle strengthening exercises two or more times per week (variable calculated from one or more BRFSS questions).","Yes","Female","Sex","531",15.2,12.5,17.9,"5","%","Crude Prevalence","","","BRFSS","CLASS15","Topic56",47,"SEX2","CAT2","_PASTRNG","RESP046","    (35.68094058, -85.774490914)"
2011,"TN","Tennessee","Physical Activity","Physical Activity Index","Participated in enough Aerobic and Muscle Strengthening exercises to meet guidelines (variable calculated from one or more BRFSS questions)","Yes","Female","Sex","312",10.4,7.9,12.9,"5","%","Crude Prevalence","","","BRFSS","CLASS15","TOPIC45",47,"SEX2","CAT2","_PASTAER","RESP046","    (35.68094058, -85.774490914)"
2011,"TN","Tennessee","Physical Activity","Exercise","During the past month, did you participate in any physical activities? (variable calculated from one or more BRFSS questions)","Yes","Female","Sex","2,281",62.8,59.4,66.3,"5","%","Crude Prevalence","","","BRFSS","CLASS15","Topic23",47,"SEX2","CAT2","_TOTINDA","RESP046","    (35.68094058, -85.774490914)"
2011,"TN","Tennessee","Physical Activity","Aerobic Activity","Participated in 150 minutes or more of Aerobic Physical Activity per week (variable calculated from one or more BRFSS questions)","Yes","Female","Sex","1,232",35.6,32,39.3,"5","%","Crude Prevalence","","","BRFSS","CLASS15","TOPIC01",47,"SEX2","CAT2","_PAINDEX","RESP046","    (35.68094058, -85.774490914)"
2011,"TN","Tennessee","Demographics","Disability status","Adults who are limited in any activities because of physical, mental, or emotional problems","Yes","Female","Sex","1,284",27.6,24.5,30.7,"5","%","Crude Prevalence","","","BRFSS","CLASS05","Topic19",47,"SEX2","CAT2","QLACTLM2","RESP046","    (35.68094058, -85.774490914)"
2011,"TX","Texas","Physical Activity","Strength Activity","Participated in muscle strengthening exercises two or more times per week (variable calculated from one or more BRFSS questions).","Yes","Female","Sex","1,960",23.2,21.5,25,"5","%","Crude Prevalence","","","BRFSS","CLASS15","Topic56",48,"SEX2","CAT2","_PASTRNG","RESP046","    (31.827240407, -99.426770206)"
2011,"TX","Texas","Demographics","Disability status","Adults who are limited in any activities because of physical, mental, or emotional problems","Yes","Female","Sex","2,541",22.9,21.4,24.4,"5","%","Crude Prevalence","","","BRFSS","CLASS05","Topic19",48,"SEX2","CAT2","QLACTLM2","RESP046","    (31.827240407, -99.426770206)"
2011,"TX","Texas","Physical Activity","Exercise","During the past month, did you participate in any physical activities? (variable calculated from one or more BRFSS questions)","Yes","Female","Sex","6,159",71.6,69.9,73.3,"5","%","Crude Prevalence","","","BRFSS","CLASS15","Topic23",48,"SEX2","CAT2","_TOTINDA","RESP046","    (31.827240407, -99.426770206)"
2011,"TX","Texas","Physical Activity","Physical Activity Index","Participated in enough Aerobic and Muscle Strengthening exercises to meet guidelines (variable calculated from one or more BRFSS questions)","Yes","Female","Sex","1,304",16.5,15,18.1,"5","%","Crude Prevalence","","","BRFSS","CLASS15","TOPIC45",48,"SEX2","CAT2","_PASTAER","RESP046","    (31.827240407, -99.426770206)"
2011,"TX","Texas","Physical Activity","Aerobic Activity","Participated in 150 minutes or more of Aerobic Physical Activity per week (variable calculated from one or more BRFSS questions)","Yes","Female","Sex","3,952",47.5,45.5,49.5,"5","%","Crude Prevalence","","","BRFSS","CLASS15","TOPIC01",48,"SEX2","CAT2","_PAINDEX","RESP046","    (31.827240407, -99.426770206)"
2011,"UT","Utah","Demographics","Disability status","Adults who are limited in any activities because of physical, mental, or emotional problems","Yes","Female","Sex","2,015",25.5,24.1,26.9,"5","%","Crude Prevalence","","","BRFSS","CLASS05","Topic19",49,"SEX2","CAT2","QLACTLM2","RESP046","    (39.360700171, -111.587130635)"
2011,"UT","Utah","Physical Activity","Strength Activity","Participated in muscle strengthening exercises two or more times per week (variable calculated from one or more BRFSS questions).","Yes","Female","Sex","1,900",29.6,28.1,31.1,"5","%","Crude Prevalence","","","BRFSS","CLASS15","Topic56",49,"SEX2","CAT2","_PASTRNG","RESP046","    (39.360700171, -111.587130635)"
2011,"UT","Utah","Physical Activity","Physical Activity Index","Participated in enough Aerobic and Muscle Strengthening exercises to meet guidelines (variable calculated from one or more BRFSS questions)","Yes","Female","Sex","1,335",21.2,19.9,22.6,"5","%","Crude Prevalence","","","BRFSS","CLASS15","TOPIC45",49,"SEX2","CAT2","_PASTAER","RESP046","    (39.360700171, -111.587130635)"
2011,"UT","Utah","Physical Activity","Exercise","During the past month, did you participate in any physical activities? (variable calculated from one or more BRFSS questions)","Yes","Female","Sex","5,441",80.5,79.2,81.7,"5","%","Crude Prevalence","","","BRFSS","CLASS15","Topic23",49,"SEX2","CAT2","_TOTINDA","RESP046","    (39.360700171, -111.587130635)"
2011,"UT","Utah","Physical Activity","Aerobic Activity","Participated in 150 minutes or more of Aerobic Physical Activity per week (variable calculated from one or more BRFSS questions)","Yes","Female","Sex","3,712",55,53.3,56.6,"5","%","Crude Prevalence","","","BRFSS","CLASS15","TOPIC01",49,"SEX2","CAT2","_PAINDEX","RESP046","    (39.360700171, -111.587130635)"
2011,"VA","Virginia","Physical Activity","Physical Activity Index","Participated in enough Aerobic and Muscle Strengthening exercises to meet guidelines (variable calculated from one or more BRFSS questions)","Yes","Female","Sex","662",19,17.1,20.9,"5","%","Crude Prevalence","","","BRFSS","CLASS15","TOPIC45",51,"SEX2","CAT2","_PASTAER","RESP046","    (37.542680674, -78.457890463)"
2011,"VA","Virginia","Physical Activity","Strength Activity","Participated in muscle strengthening exercises two or more times per week (variable calculated from one or more BRFSS questions).","Yes","Female","Sex","944",27.4,25.2,29.7,"5","%","Crude Prevalence","","","BRFSS","CLASS15","Topic56",51,"SEX2","CAT2","_PASTRNG","RESP046","    (37.542680674, -78.457890463)"
2011,"VA","Virginia","Physical Activity","Exercise","During the past month, did you participate in any physical activities? (variable calculated from one or more BRFSS questions)","Yes","Female","Sex","2,673",73.4,71.3,75.6,"5","%","Crude Prevalence","","","BRFSS","CLASS15","Topic23",51,"SEX2","CAT2","_TOTINDA","RESP046","    (37.542680674, -78.457890463)"
2011,"VA","Virginia","Physical Activity","Aerobic Activity","Participated in 150 minutes or more of Aerobic Physical Activity per week (variable calculated from one or more BRFSS questions)","Yes","Female","Sex","1,849",51.3,48.8,53.8,"5","%","Crude Prevalence","","","BRFSS","CLASS15","TOPIC01",51,"SEX2","CAT2","_PAINDEX","RESP046","    (37.542680674, -78.457890463)"
2011,"VA","Virginia","Demographics","Disability status","Adults who are limited in any activities because of physical, mental, or emotional problems","Yes","Female","Sex","1,038",25.2,23.1,27.3,"5","%","Crude Prevalence","","","BRFSS","CLASS05","Topic19",51,"SEX2","CAT2","QLACTLM2","RESP046","    (37.542680674, -78.457890463)"
2011,"VT","Vermont","Physical Activity","Physical Activity Index","Participated in enough Aerobic and Muscle Strengthening exercises to meet guidelines (variable calculated from one or more BRFSS questions)","Yes","Female","Sex","853",20.6,19,22.2,"5","%","Crude Prevalence","","","BRFSS","CLASS15","TOPIC45",50,"SEX2","CAT2","_PASTAER","RESP046","    (43.625381239, -72.517640791)"
2011,"VT","Vermont","Physical Activity","Strength Activity","Participated in muscle strengthening exercises two or more times per week (variable calculated from one or more BRFSS questions).","Yes","Female","Sex","1,121",26.4,24.6,28.1,"5","%","Crude Prevalence","","","BRFSS","CLASS15","Topic56",50,"SEX2","CAT2","_PASTRNG","RESP046","    (43.625381239, -72.517640791)"
2011,"VT","Vermont","Physical Activity","Aerobic Activity","Participated in 150 minutes or more of Aerobic Physical Activity per week (variable calculated from one or more BRFSS questions)","Yes","Female","Sex","2,436",59.3,57.3,61.4,"5","%","Crude Prevalence","","","BRFSS","CLASS15","TOPIC01",50,"SEX2","CAT2","_PAINDEX","RESP046","    (43.625381239, -72.517640791)"
2011,"VT","Vermont","Physical Activity","Exercise","During the past month, did you participate in any physical activities? (variable calculated from one or more BRFSS questions)","Yes","Female","Sex","3,302",80.1,78.4,81.7,"5","%","Crude Prevalence","","","BRFSS","CLASS15","Topic23",50,"SEX2","CAT2","_TOTINDA","RESP046","    (43.625381239, -72.517640791)"
2011,"VT","Vermont","Demographics","Disability status","Adults who are limited in any activities because of physical, mental, or emotional problems","Yes","Female","Sex","1,239",26.6,24.8,28.3,"5","%","Crude Prevalence","","","BRFSS","CLASS05","Topic19",50,"SEX2","CAT2","QLACTLM2","RESP046","    (43.625381239, -72.517640791)"
2011,"WA","Washington","Physical Activity","Strength Activity","Participated in muscle strengthening exercises two or more times per week (variable calculated from one or more BRFSS questions).","Yes","Female","Sex","2,331",28.6,26.9,30.2,"5","%","Crude Prevalence","","","BRFSS","CLASS15","Topic56",53,"SEX2","CAT2","_PASTRNG","RESP046","    (47.522278629, -120.47001079)"
2011,"WA","Washington","Demographics","Disability status","Adults who are limited in any activities because of physical, mental, or emotional problems","Yes","Female","Sex","3,153",31.1,29.5,32.7,"5","%","Crude Prevalence","","","BRFSS","CLASS05","Topic19",53,"SEX2","CAT2","QLACTLM2","RESP046","    (47.522278629, -120.47001079)"
2011,"WA","Washington","Physical Activity","Aerobic Activity","Participated in 150 minutes or more of Aerobic Physical Activity per week (variable calculated from one or more BRFSS questions)","Yes","Female","Sex","4,807",55.4,53.6,57.2,"5","%","Crude Prevalence","","","BRFSS","CLASS15","TOPIC01",53,"SEX2","CAT2","_PAINDEX","RESP046","    (47.522278629, -120.47001079)"
2011,"WA","Washington","Physical Activity","Exercise","During the past month, did you participate in any physical activities? (variable calculated from one or more BRFSS questions)","Yes","Female","Sex","6,723",77.9,76.4,79.4,"5","%","Crude Prevalence","","","BRFSS","CLASS15","Topic23",53,"SEX2","CAT2","_TOTINDA","RESP046","    (47.522278629, -120.47001079)"
2011,"WA","Washington","Physical Activity","Physical Activity Index","Participated in enough Aerobic and Muscle Strengthening exercises to meet guidelines (variable calculated from one or more BRFSS questions)","Yes","Female","Sex","1,709",20.7,19.2,22.2,"5","%","Crude Prevalence","","","BRFSS","CLASS15","TOPIC45",53,"SEX2","CAT2","_PASTAER","RESP046","    (47.522278629, -120.47001079)"
2011,"WI","Wisconsin","Physical Activity","Aerobic Activity","Participated in 150 minutes or more of Aerobic Physical Activity per week (variable calculated from one or more BRFSS questions)","Yes","Female","Sex","1,542",56.4,53.4,59.4,"5","%","Crude Prevalence","","","BRFSS","CLASS15","TOPIC01",55,"SEX2","CAT2","_PAINDEX","RESP046","    (44.393191174, -89.816370742)"
2011,"WI","Wisconsin","Physical Activity","Strength Activity","Participated in muscle strengthening exercises two or more times per week (variable calculated from one or more BRFSS questions).","Yes","Female","Sex","677",26.5,23.8,29.2,"5","%","Crude Prevalence","","","BRFSS","CLASS15","Topic56",55,"SEX2","CAT2","_PASTRNG","RESP046","    (44.393191174, -89.816370742)"
2011,"WI","Wisconsin","Demographics","Disability status","Adults who are limited in any activities because of physical, mental, or emotional problems","Yes","Female","Sex","772",23.2,20.9,25.6,"5","%","Crude Prevalence","","","BRFSS","CLASS05","Topic19",55,"SEX2","CAT2","QLACTLM2","RESP046","    (44.393191174, -89.816370742)"
2011,"WI","Wisconsin","Physical Activity","Physical Activity Index","Participated in enough Aerobic and Muscle Strengthening exercises to meet guidelines (variable calculated from one or more BRFSS questions)","Yes","Female","Sex","495",21.1,18.6,23.7,"5","%","Crude Prevalence","","","BRFSS","CLASS15","TOPIC45",55,"SEX2","CAT2","_PASTAER","RESP046","    (44.393191174, -89.816370742)"
2011,"WI","Wisconsin","Physical Activity","Exercise","During the past month, did you participate in any physical activities? (variable calculated from one or more BRFSS questions)","Yes","Female","Sex","2,143",77.7,75.3,80,"5","%","Crude Prevalence","","","BRFSS","CLASS15","Topic23",55,"SEX2","CAT2","_TOTINDA","RESP046","    (44.393191174, -89.816370742)"
2011,"WV","West Virginia","Physical Activity","Aerobic Activity","Participated in 150 minutes or more of Aerobic Physical Activity per week (variable calculated from one or more BRFSS questions)","Yes","Female","Sex","1,175",39.5,37.4,41.6,"5","%","Crude Prevalence","","","BRFSS","CLASS15","TOPIC01",54,"SEX2","CAT2","_PAINDEX","RESP046","    (38.665510202, -80.712640135)"
2011,"WV","West Virginia","Physical Activity","Strength Activity","Participated in muscle strengthening exercises two or more times per week (variable calculated from one or more BRFSS questions).","Yes","Female","Sex","484",15.7,14.2,17.3,"5","%","Crude Prevalence","","","BRFSS","CLASS15","Topic56",54,"SEX2","CAT2","_PASTRNG","RESP046","    (38.665510202, -80.712640135)"
2011,"WV","West Virginia","Demographics","Disability status","Adults who are limited in any activities because of physical, mental, or emotional problems","Yes","Female","Sex","1,154",32.2,30.3,34.1,"5","%","Crude Prevalence","","","BRFSS","CLASS05","Topic19",54,"SEX2","CAT2","QLACTLM2","RESP046","    (38.665510202, -80.712640135)"
2011,"WV","West Virginia","Physical Activity","Physical Activity Index","Participated in enough Aerobic and Muscle Strengthening exercises to meet guidelines (variable calculated from one or more BRFSS questions)","Yes","Female","Sex","308",10.3,9,11.6,"5","%","Crude Prevalence","","","BRFSS","CLASS15","TOPIC45",54,"SEX2","CAT2","_PASTAER","RESP046","    (38.665510202, -80.712640135)"
2011,"WV","West Virginia","Physical Activity","Exercise","During the past month, did you participate in any physical activities? (variable calculated from one or more BRFSS questions)","Yes","Female","Sex","1,929",62.5,60.5,64.5,"5","%","Crude Prevalence","","","BRFSS","CLASS15","Topic23",54,"SEX2","CAT2","_TOTINDA","RESP046","    (38.665510202, -80.712640135)"
2011,"WY","Wyoming","Physical Activity","Exercise","During the past month, did you participate in any physical activities? (variable calculated from one or more BRFSS questions)","Yes","Female","Sex","2,869",75.7,73.6,77.7,"5","%","Crude Prevalence","","","BRFSS","CLASS15","Topic23",56,"SEX2","CAT2","_TOTINDA","RESP046","    (43.235541343, -108.109830353)"
2011,"WY","Wyoming","Physical Activity","Strength Activity","Participated in muscle strengthening exercises two or more times per week (variable calculated from one or more BRFSS questions).","Yes","Female","Sex","1,034",27.3,25.1,29.6,"5","%","Crude Prevalence","","","BRFSS","CLASS15","Topic56",56,"SEX2","CAT2","_PASTRNG","RESP046","    (43.235541343, -108.109830353)"
2011,"WY","Wyoming","Demographics","Disability status","Adults who are limited in any activities because of physical, mental, or emotional problems","Yes","Female","Sex","1,062",24.9,22.9,26.9,"5","%","Crude Prevalence","","","BRFSS","CLASS05","Topic19",56,"SEX2","CAT2","QLACTLM2","RESP046","    (43.235541343, -108.109830353)"
2011,"WY","Wyoming","Physical Activity","Physical Activity Index","Participated in enough Aerobic and Muscle Strengthening exercises to meet guidelines (variable calculated from one or more BRFSS questions)","Yes","Female","Sex","731",19.9,17.8,22,"5","%","Crude Prevalence","","","BRFSS","CLASS15","TOPIC45",56,"SEX2","CAT2","_PASTAER","RESP046","    (43.235541343, -108.109830353)"
2011,"WY","Wyoming","Physical Activity","Aerobic Activity","Participated in 150 minutes or more of Aerobic Physical Activity per week (variable calculated from one or more BRFSS questions)","Yes","Female","Sex","2,032",54.3,51.8,56.8,"5","%","Crude Prevalence","","","BRFSS","CLASS15","TOPIC01",56,"SEX2","CAT2","_PAINDEX","RESP046","    (43.235541343, -108.109830353)"
